kp,borehole,test_no,depth_top_m,depth_bot_m,layer,unit,jgs_class,rho_s_gcm3,wn_pct,gravel_pct,sand_pct,silt_pct,clay_pct,dmax_mm,d60_mm,d50_mm,d30_mm,d20_mm,d10_mm,uc,ucc,k_est_cms,k_lab_cms,source_table,thesis_label,note
57.4,B-2,57.4,0.00,0.50,Bc,fill,Sfg,2.692,14.3,30.4,51.3,13.0,5.3,53.0,0.635,0.365,0.164,0.0892,0.019,33.4,2.23,1.40E-03,,4-3-1,B-2-1,d10 printed 0.0019 in Table 4-3-1 and 0.019 on sheet 4; 0.019 reproduces Uc 33.4; depth 0.50 to 1.00 on sheet 4 and the B-2 log
57.4,B-2,B2-1,1.70,4.00,Bc,fill,GF,2.721,15.4,38.0,30.0,22.8,9.2,37.5,1.47,0.357,0.0612,0.0234,0.0057,258,0.45,5.00E-05,2.69E-03,4-3-1,B-2-2,
57.4,B-1,D1-1,1.15,1.45,Bc,fill,SFg,2.566,34.7,3.4,47.4,32.2,17.0,19.00,0.11,0.0073,0.0224,0.0076,0.0013,84.6,3.51,6.10E-06,,4-3-1,,d50 printed 0.0073 (below d30); likely 0.073
57.4,B-1,D1-2,2.15,2.50,Bc,fill,SF,2.609,33.6,0.4,50.6,37.8,11.2,4.75,0.112,0.078,0.0307,0.0144,0.0038,29.5,2.21,1.80E-05,,4-3-1,,
57.4,B-2,D2-1,1.15,1.45,Bc,fill,GW,2.583,5.8,72.4,23.4,2.8,1.4,26.50,15.3,11.2,2.44,0.86,0.268,57.1,1.45,2.50E-01,,4-3-1,,
57.4,B-2,D2-2,2.15,2.45,Bc,fill,SFg,2.603,16.8,33.2,34.1,22.9,9.8,19.00,0.396,0.213,0.0612,0.0233,0.0052,76.2,1.82,5.50E-05,,4-3-1,,
58.8,B-4,58.8,0.00,0.50,Bs,fill,Sfg,2.645,16.3,24.0,49.7,18.1,8.2,53.0,0.459,0.301,0.109,0.0344,0.0071,64.6,3.65,1.50E-04,9.16E-04,4-3-1,B-4-1,depth 0.50 to 1.00 on sheet 4 and the B-4 log
58.8,B-3,D3-1,1.15,1.45,Bs,fill,SFg,2.710,12.0,10.2,70.3,10.2,9.3,19.00,0.376,0.295,0.161,0.0076,0.0065,57.8,10.6,9.50E-04,,4-3-1,,
58.8,B-3,D3-2,2.15,2.45,Bs,fill,SF,2.733,26.9,0.0,50.4,28.0,21.6,2.00,0.143,0.08,0.0102,0.0144,0.0014,102,0.52,2.30E-06,,4-3-1,,d30 printed below d20
58.8,B-4,B4-1,2.30,3.00,Bc,fill,GF,2.683,11.9,53.1,28.8,13.1,5.0,37.5,7.1,2.97,0.324,0.0992,0.0152,467,0.97,1.75E-03,2.84E-03,4-3-1,B-4-2,
58.8,B-4,D4-1,1.15,1.45,Bc,fill,GF,2.740,8.2,49.6,30.7,13.4,6.3,26.50,6.45,1.78,0.22,0.0781,0.0114,566,0.658,9.00E-04,,4-3-1,,
58.8,B-4,D4-2,3.15,3.45,Bc,fill,SFg,2.670,22.7,12.3,45.6,31.7,10.4,19.00,0.144,0.1,0.0421,0.0202,0.0045,32.0,2.74,3.90E-05,,4-3-1,,
58.8,B-4,D4-3,4.15,4.45,Bc,fill,Fg,2.647,31.1,23.4,20.6,40.5,15.5,19.00,0.1,0.049,0.0158,0.0076,0.0027,36.6,0.936,6.20E-06,,4-3-1,,
60.0,B-6,B6-1,2.00,3.00,Bg,fill,GW,2.712,11.9,85.3,9.8,3.4,1.5,53.0,13.2,10.5,5.11,2.97,0.53,24.9,3.73,4.00E+00,1.83E-02,4-3-1,B-6-2,
60.0,B-5,D5-1,1.15,1.45,Bg,fill,GF,2.689,10.5,49.5,33.1,12.3,5.1,26.50,10.2,1.75,0.235,0.109,0.0165,618,0.328,1.80E-03,,4-3-1,,
60.0,B-6,D6-1,1.15,1.45,Bg,fill,SFg,2.695,14.5,29.7,38.0,21.2,11.1,26.50,0.384,0.225,0.0601,0.0179,0.0041,93.7,2.29,3.00E-05,,4-3-1,,
60.0,B-6,60.0,0.00,0.50,Bs,fill,SF,2.666,23.7,4.2,59.6,26.6,9.6,19.0,0.228,0.154,0.0479,0.018,0.0053,43.0,1.90,4.00E-05,5.59E-02,4-3-1,B-6-1,depth 0.50 to 1.00 on sheet 4 and the B-6 log
60.0,B-5,D5-2,2.15,2.50,Bs,fill,SFg,2.697,19.9,16.9,51.2,22.2,9.7,19.00,0.23,0.166,0.0862,0.0261,0.0053,43.4,3.60,6.20E-05,,4-3-1,,
60.0,B-5,D5-3,3.15,3.45,Bs,fill,F,2.648,37.3,0.0,20.2,59.0,20.8,2.00,0.039,0.028,0.0105,0.0046,0.0012,32.8,2.33,2.60E-06,,4-3-1,,
60.0,B-5,D6-2,3.15,3.45,Bs,fill,F,2.685,25.7,0.3,46.9,38.4,14.4,4.75,0.096,0.067,0.023,0.0091,0.0027,35.4,2.05,8.50E-06,,4-3-1,,printed with borehole B-5 and test number D6-2
62.0,B-9,62.0,0.00,0.50,Bg,fill,GF,2.685,12.9,50.7,28.9,16.1,4.3,75.0,7.87,2.29,0.196,0.0723,0.0193,408,0.253,7.50E-04,,4-3-1,62.0-1,depth 0.50 to 1.00 on sheet 4 and the B-9 log
62.0,B-9,B9-1,1.00,2.00,Bg,fill,GF,2.700,10.4,43.9,37.5,13.7,4.9,75.0,3.46,0.906,0.202,0.0877,0.016,216,0.74,1.10E-03,1.08E-03,4-3-1,B-9-1,
62.0,B-7,D7-1,1.15,1.45,Bg,fill,GF,2.692,9.9,41.8,40.1,13.2,4.9,19.00,2.47,0.85,0.204,0.0912,0.0216,114,0.780,1.30E-03,,4-3-1,,
62.0,B-7,D7-2,2.15,2.45,Bg,fill,GF,2.694,14.3,45.3,35.8,14.7,4.2,26.50,4.57,0.934,0.162,0.0821,0.024,190,0.239,9.50E-04,,4-3-1,,
62.0,B-8,D8-1,1.15,1.45,Bg,fill,SFg,2.740,8.2,36.6,44.5,14.8,4.1,26.50,1.16,0.524,0.17,0.0823,0.023,50.4,1.08,9.50E-04,,4-3-1,,
62.0,B-8,D8-2,2.15,2.45,Bg,fill,SFg,2.670,22.7,30.1,36.7,24.6,8.6,19.00,0.503,0.258,0.0552,0.0204,0.0063,79.8,0.962,3.90E-05,,4-3-1,,
62.0,B-8,D8-3,3.15,3.45,Bg,fill,G-F,2.647,31.1,71.5,21.9,5.0,1.6,26.50,16.3,13.7,2.68,0.539,0.175,93.1,2.52,8.00E-02,,4-3-1,,
62.0,B-9,D9-1,2.15,2.45,Bg,fill,GF,2.662,17.4,39.3,32.0,19.9,8.8,26.50,1.8,0.484,0.0922,0.0229,0.0062,287,0.770,4.80E-05,,4-3-1,,
57.4,B-1,D1-3,3.15,3.45,Ac,blanket,F,2.507,60.6,0.0,11.7,47.0,41.3,0.85,0.0111,0.0074,0.0028,0.0014,,,,1.50E-06,,4-3-2,,depth printed 1.00 to 1.30; the B-1 log places D-1-3 at 3.15 to 3.45 in the silt
58.8,B-3,D3-3,3.15,3.45,Ac,blanket,F,2.694,50.0,0.0,12.2,62.0,25.8,0.43,0.0257,0.0177,0.0067,0.0014,0.001,25.7,1.75,1.50E-06,,4-3-2,,
60.0,B-5,D5-4,5.15,5.45,Ac,blanket,G-F,2.722,8.1,55.1,31.5,8.6,4.8,19.00,9.37,4.13,0.513,0.206,0.03,312,0.936,8.50E-03,,4-3-2,,
60.0,B-6,D6-3,4.15,4.45,Ac,blanket,F,2.631,43.7,0.0,15.3,60.3,24.4,0.85,,0.0197,0.0074,0.0035,0.0013,22.3,1.45,1.80E-06,,4-3-2,,d60 illegible in the scan
62.0,B-7,D7-3,3.15,3.45,Ac,blanket,S-Fg,2.709,5.4,26.7,60.3,9.3,3.7,19.00,0.653,0.482,0.28,0.175,0.039,16.7,3.08,6.00E-03,,4-3-2,,
62.0,B-8,D8-4,4.15,4.45,Ac,blanket,SF,2.697,10.2,0.5,65.1,20.2,14.2,4.75,0.204,0.151,0.0533,0.0135,0.0019,107,7.33,1.60E-05,,4-3-2,,
57.4,B-2,B2-2,5.00,6.00,Ag,aquifer,G-F,2.736,4.6,53.8,35.5,6.5,4.2,37.5,4.76,2.47,0.826,0.413,0.0517,92.1,2.77,4.50E-02,,4-3-2,B-2-3,Table 4-3-2 carries the B-2 field test 5.09E-03 in its k column
57.4,B-1,D1-4,5.15,5.45,Ag,aquifer,GW,2.640,5.5,68.3,28.6,1.6,1.5,19.00,6.78,4.71,1.75,0.668,0.339,20.0,1.33,1.50E-01,,4-3-2,,
57.4,B-1,D1-5,7.15,7.45,Ag,aquifer,GW,2.650,5.7,75.6,20.9,2.0,1.5,37.50,12.3,9.9,3.1,1.41,0.507,24.3,1.54,7.35E-01,,4-3-2,,
57.4,B-1,D1-6,10.15,10.45,Ag,aquifer,G-F,2.655,7.2,64.5,28.6,5.2,1.7,26.50,6.56,4.74,1.22,0.425,0.149,44.0,1.52,4.73E-02,,4-3-2,,
57.4,B-2,D2-3,6.15,6.45,Ag,aquifer,GW,2.732,3.8,78.2,18.6,1.9,1.3,37.50,14.0,11.4,5.43,1.56,0.463,30.2,4.55,8.00E-01,,4-3-2,,
57.4,B-2,D2-4,8.15,8.45,Ag,aquifer,G-F,2.713,8.0,62.7,29.0,5.7,2.6,26.50,6.21,4.27,1.23,0.544,0.108,57.5,2.26,8.50E-02,,4-3-2,,
57.4,B-2,D2-5,10.15,10.45,Ag,aquifer,G-F,2.758,6.3,66.7,27.4,3.7,2.2,37.50,8.92,6.27,1.55,0.7,0.191,46.7,1.41,1.70E-01,,4-3-2,,
58.8,B-4,B4-2,6.50,7.50,Ag,aquifer,G-F,2.715,6.6,68.9,24.0,4.8,2.3,53.0,11.1,7.62,1.78,0.624,0.192,57.8,1.49,1.25E-01,,4-3-2,B-4-3,depth 6.50 to 7.00 on sheet 4; Table 4-3-2 carries the B-4 field test 2.23E-04 in its k column
58.8,B-3,D3-4,5.15,5.45,Ag,aquifer,GP,2.759,6.5,59.7,36.3,2.5,1.5,26.50,6.56,3.95,1.06,0.668,0.303,21.7,0.565,1.10E-01,,4-3-2,,
58.8,B-3,D3-5,7.15,7.45,Ag,aquifer,GP,2.761,7.9,68.4,28.7,0.8,2.1,19.00,8.87,6.64,1.78,1.41,0.359,24.7,0.995,2.20E-01,,4-3-2,,
58.8,B-3,D3-6,9.15,9.45,Ag,aquifer,GW,2.753,6.1,77.7,18.3,2.3,1.7,26.50,13.2,9.26,4.32,0.425,0.393,33.6,3.60,7.50E-01,,4-3-2,,
58.8,B-4,D4-4,5.15,5.45,Ag,aquifer,S-F,2.697,10.2,0.0,89.0,7.4,3.6,2.00,0.261,0.232,0.17,0.135,0.0585,4.46,1.89,3.00E-03,,4-3-2,,the B-4 log places it in a 0.45 m sand unit directly beneath the blanket
58.8,B-4,D4-5,8.15,8.45,Ag,aquifer,G-F,2.699,5.8,67.2,26.9,3.3,2.6,26.50,12.2,8.88,1.46,0.464,0.167,73.1,1.05,2.50E-04,,4-3-2,,
58.8,B-4,D4-6,10.15,10.45,Ag,aquifer,G-F,2.735,7.1,73.1,20.2,4.7,2.0,37.50,25.5,13.3,5.39,0.536,0.133,192,8.57,8.00E-02,,4-3-2,,
60.0,B-6,B6-2,7.00,8.00,Ag,aquifer,Sfg,2.736,5.7,29.7,49.5,13.2,7.6,37.5,1.15,0.751,0.222,0.065,0.0087,132,4.93,5.50E-04,,4-3-2,B-6-3,Table 4-3-2 carries the B-6 field test 1.24E-02 in its k column
60.0,B-5,D5-5,6.15,6.45,Ag,aquifer,G-F,2.719,5.1,77.9,14.2,5.3,2.6,26.50,14.2,13.1,10.5,0.984,0.149,95.3,52.1,3.50E-01,,4-3-2,,
60.0,B-5,D5-6,8.15,8.45,Ag,aquifer,GP,2.709,3.6,81.5,15.1,2.2,1.2,37.50,18.2,14.5,9.13,2.47,0.566,32.2,8.09,3.00E+00,,4-3-2,,
60.0,B-6,D6-4,5.15,5.45,Ag,aquifer,G-F,2.727,3.8,61.0,30.1,5.2,3.7,26.50,10.7,6.51,0.776,0.35,0.103,104,0.546,3.00E-02,,4-3-2,,
60.0,B-6,D6-5,6.15,6.45,Ag,aquifer,G-F,2.716,5.2,64.1,29.9,3.0,3.0,26.50,9.51,5.46,1.19,0.545,0.187,50.9,0.796,8.50E-02,,4-3-2,,
60.0,B-6,D6-6,8.15,8.45,Ag,aquifer,G-F,2.730,5.9,71.6,22.8,3.5,2.1,37.50,13.8,10.2,2.34,0.781,0.204,67.6,1.95,1.90E-01,,4-3-2,,
62.0,B-9,B9-2,6.00,7.00,Ag,aquifer,G-F,2.771,5.5,73.2,20.5,4.2,2.1,53.0,11.7,7.16,2.62,0.94,0.228,51.3,2.57,3.20E-01,,4-3-2,B-9-2,depth 5.00 to 6.00 on sheet 4; Table 4-3-2 carries the B-9 field test 7.04E-03 in its k column
62.0,B-7,D7-4,4.15,4.45,Ag,aquifer,G-F,2.750,3.8,45.7,44.0,6.8,3.5,19.00,2.93,1.23,0.376,0.228,0.0705,41.6,0.684,1.10E-02,,4-3-2,,
62.0,B-7,D7-5,7.15,7.45,Ag,aquifer,G-F,2.757,4.4,66.9,23.6,6.5,3.0,19.00,8.46,6.48,1.42,0.489,0.0875,96.7,2.72,6.50E-02,,4-3-2,,
62.0,B-7,D7-6,10.15,10.45,Ag,aquifer,GW,2.723,6.2,67.1,28.9,2.3,1.7,19.00,6.16,4.14,1.73,0.911,0.329,18.7,1.48,2.90E-01,,4-3-2,,
62.0,B-8,D8-5,5.15,5.45,Ag,aquifer,S-Fg,2.699,5.8,36.7,53.3,5.8,4.2,26.50,1.27,0.728,0.386,0.262,0.075,16.9,1.56,1.50E-02,,4-3-2,,the B-8 log places the gravel top at 4.80 m
62.0,B-9,D9-2,4.15,4.45,Ag,aquifer,G-F,2.775,4.0,68.4,23.7,5.7,2.2,37.50,15.0,12.0,1.69,0.588,0.152,98.7,1.25,1.00E-01,,4-3-2,,depth printed 4.15 to 2.50; the B-9 log places D-9-2 at 4.15 to 4.45
62.0,B-9,D9-3,7.15,7.45,Ag,aquifer,GW,2.759,6.1,72.0,23.9,2.5,1.6,26.50,10.1,7.8,2.43,0.85,0.266,38.0,2.20,2.50E-01,,4-3-2,,
62.0,B-9,D9-4,8.15,8.45,Ag,aquifer,G-F,2.732,5.1,68.5,25.3,4.6,1.6,26.50,10.8,7.24,1.74,0.618,0.179,60.3,1.57,1.20E-01,,4-3-2,,
57.4,B-1,D1-7,12.15,12.45,Ns,lower_aquifer,G-F,2.660,6.3,73.0,21.7,3.4,1.9,26.50,16.7,13.4,2.98,0.87,0.253,66.0,2.10,2.43E-01,,4-3-2,,
57.4,B-1,D1-8,13.15,13.39,Ns,lower_aquifer,G-F,2.624,4.5,67.7,21.5,7.2,3.6,37.50,13.5,11.2,1.4,0.419,0.0614,220,2.36,4.58E-02,,4-3-2,,
57.4,B-2,D2-6,13.15,13.40,Ns,lower_aquifer,G-F,2.757,6.0,76.5,18.4,3.4,1.7,37.50,22.2,15.7,8.03,0.902,0.189,117,15.4,2.90E-01,,4-3-2,,
57.4,B-2,D2-7,16.15,16.30,Ns,lower_aquifer,GW,2.848,4.0,77.3,19.4,2.5,0.8,26.50,21.0,9.15,4.57,1.34,0.371,56.6,2.68,5.00E-01,,4-3-2,,
58.8,B-3,D3-7,12.15,12.45,Ns,lower_aquifer,G-F,2.746,7.7,72.1,21.6,4.2,2.1,37.50,14.2,10.1,2.72,0.87,0.194,73.2,2.69,1.70E-01,,4-3-2,,
58.8,B-3,D3-8,14.15,14.45,Ns,lower_aquifer,G-F,2.758,9.0,67.9,23.7,5.6,2.8,26.50,9.85,6.99,1.68,0.419,0.151,65.2,1.90,1.40E-01,,4-3-2,,
58.8,B-4,D4-7,12.15,12.45,Ns,lower_aquifer,G-F,2.741,6.5,75.2,19.8,3.3,1.7,26.50,14.0,10.8,3.91,0.987,0.276,50.7,3.96,3.50E-01,,4-3-2,,
60.0,B-5,D5-7,10.15,10.45,Ns,lower_aquifer,G-F,2.734,7.4,60.7,31.6,5.3,2.4,26.50,7.9,4.51,0.998,0.437,0.141,56.0,0.894,2.30E-04,,4-3-2,,
60.0,B-5,D5-8,12.15,12.45,Ns,lower_aquifer,G-F,2.732,9.2,47.0,44.8,5.5,2.7,19.00,3.49,1.56,0.47,0.291,0.114,30.6,0.555,2.00E-02,,4-3-2,,
60.0,B-6,D6-7,11.15,11.45,Ns,lower_aquifer,G-F,2.725,8.6,60.8,31.5,5.3,2.4,19.00,5.1,3.3,1.13,0.487,0.139,36.7,1.80,6.50E-02,,4-3-2,,
62.0,B-7,D7-7,13.15,13.45,Ns,lower_aquifer,GW,2.736,3.9,74.3,21.0,3.2,1.5,26.50,10.8,7.33,2.87,1.20,0.299,36.1,2.55,5.50E-01,,4-3-2,,
62.0,B-9,D9-5,10.15,10.45,Ns,lower_aquifer,G-F,2.662,5.9,70.5,21.2,6.2,2.1,37.50,13.3,11.1,2.17,0.464,0.108,123,3.28,5.60E-02,,4-3-2,,
