t_h,waterlevel_mNAP
-44.39,-0.072
-44.14,-0.120
-43.90,-0.199
-43.66,-0.271
-43.42,-0.339
-43.17,-0.406
-42.93,-0.474
-42.69,-0.538
-42.45,-0.602
-42.20,-0.665
-41.96,-0.721
-41.72,-0.773
-41.48,-0.821
-41.23,-0.869
-40.99,-0.908
-40.75,-0.904
-40.51,-0.888
-40.26,-0.873
-40.02,-0.833
-39.78,-0.733
-39.54,-0.586
-39.30,-0.442
-39.05,-0.295
-38.81,-0.139
-38.57,0.016
-38.33,0.171
-38.08,0.327
-37.84,0.446
-37.60,0.534
-37.36,0.625
-37.11,0.717
-36.87,0.781
-36.63,0.829
-36.39,0.869
-36.14,0.916
-35.90,0.936
-35.66,0.932
-35.42,0.924
-35.18,0.916
-34.93,0.892
-34.69,0.837
-34.45,0.781
-34.21,0.725
-33.96,0.653
-33.72,0.574
-33.48,0.486
-33.24,0.398
-32.99,0.311
-32.75,0.227
-32.51,0.143
-32.27,0.056
-32.02,-0.028
-31.78,-0.104
-31.54,-0.179
-31.30,-0.255
-31.05,-0.327
-30.81,-0.398
-30.57,-0.466
-30.33,-0.534
-30.09,-0.602
-29.84,-0.661
-29.60,-0.717
-29.36,-0.773
-29.12,-0.829
-28.87,-0.869
-28.63,-0.888
-28.39,-0.904
-28.15,-0.920
-27.90,-0.896
-27.66,-0.809
-27.42,-0.713
-27.18,-0.618
-26.93,-0.494
-26.69,-0.331
-26.45,-0.159
-26.21,0.016
-25.96,0.171
-25.72,0.303
-25.48,0.414
-25.24,0.534
-25.00,0.645
-24.75,0.741
-24.51,0.829
-24.27,0.916
-24.03,1.004
-23.78,1.096
-23.54,1.191
-23.30,1.279
-23.06,1.367
-22.81,1.434
-22.57,1.482
-22.33,1.526
-22.09,1.570
-21.84,1.586
-21.60,1.586
-21.36,1.578
-21.12,1.578
-20.88,1.574
-20.63,1.566
-20.39,1.562
-20.15,1.558
-19.91,1.554
-19.66,1.558
-19.42,1.562
-19.18,1.566
-18.94,1.574
-18.69,1.582
-18.45,1.598
-18.21,1.606
-17.97,1.622
-17.72,1.641
-17.48,1.661
-17.24,1.681
-17.00,1.709
-16.75,1.745
-16.51,1.785
-16.27,1.825
-16.03,1.880
-15.79,1.976
-15.54,2.100
-15.30,2.223
-15.06,2.363
-14.82,2.558
-14.57,2.797
-14.33,3.036
-14.09,3.267
-13.85,3.530
-13.60,3.737
-13.36,3.968
-13.12,4.191
-12.88,4.390
-12.63,4.550
-12.39,4.713
-12.15,4.853
-11.83,5.064
-11.58,5.171
-11.34,5.283
-11.10,5.394
-10.86,5.486
-10.61,5.550
-10.37,5.614
-10.13,5.677
-9.89,5.717
-9.65,5.733
-9.40,5.749
-9.16,5.765
-8.92,5.769
-8.68,5.765
-8.43,5.757
-8.19,5.753
-7.95,5.749
-7.71,5.745
-7.46,5.741
-7.22,5.737
-6.98,5.733
-6.74,5.717
-6.49,5.701
-6.25,5.685
-6.01,5.661
-5.77,5.606
-5.53,5.542
-5.28,5.470
-5.04,5.406
-4.80,5.351
-4.56,5.303
-4.31,5.247
-4.07,5.207
-3.83,5.179
-3.59,5.171
-3.34,5.167
-3.10,5.167
-2.86,5.211
-2.62,5.311
-2.37,5.398
-2.13,5.494
-1.89,5.586
-1.65,5.673
-1.40,5.761
-1.16,5.849
-0.92,5.908
-0.68,5.936
-0.44,5.956
-0.19,5.976
0.21,5.968
0.45,5.936
0.70,5.908
0.94,5.873
1.18,5.813
1.42,5.733
1.67,5.653
1.91,5.570
2.15,5.462
2.39,5.331
2.63,5.203
2.88,5.072
3.12,4.924
3.36,4.757
3.60,4.590
3.85,4.422
4.09,4.259
4.33,4.088
4.57,3.920
4.82,3.749
5.06,3.586
5.30,3.430
5.54,3.271
5.79,3.112
6.03,2.960
6.27,2.805
6.51,2.653
6.75,2.502
7.00,2.351
7.24,2.211
7.48,2.068
7.72,1.932
7.97,1.793
8.21,1.669
8.45,1.558
8.69,1.446
8.94,1.343
9.18,1.287
9.42,1.279
9.66,1.263
9.91,1.255
10.15,1.291
10.39,1.378
10.63,1.466
10.88,1.554
11.12,1.625
11.36,1.677
11.60,1.725
11.84,1.773
12.09,1.797
12.33,1.793
12.57,1.781
12.81,1.769
13.06,1.741
13.30,1.689
13.54,1.625
13.78,1.570
14.03,1.490
14.27,1.398
14.51,1.287
14.75,1.179
15.00,1.068
15.24,0.940
15.48,0.813
15.72,0.681
15.96,0.562
16.21,0.462
16.45,0.375
16.69,0.287
16.93,0.199
17.18,0.112
17.42,0.028
17.66,-0.056
17.90,-0.143
18.15,-0.219
18.39,-0.287
18.63,-0.355
18.87,-0.414
19.12,-0.510
19.36,-0.550
19.60,-0.614
19.84,-0.673
20.09,-0.729
20.33,-0.785
20.57,-0.833
20.81,-0.880
21.05,-0.904
21.30,-0.904
21.54,-0.888
21.78,-0.873
22.02,-0.821
22.27,-0.701
22.51,-0.566
22.75,-0.394
22.99,-0.263
23.24,-0.108
23.48,0.052
23.72,0.207
23.96,0.351
24.21,0.466
24.45,0.558
24.69,0.645
24.93,0.729
25.18,0.789
25.42,0.837
25.66,0.876
25.90,0.924
26.14,0.936
26.39,0.928
26.63,0.920
26.87,0.916
27.11,0.884
27.36,0.829
27.60,0.769
27.84,0.709
28.08,0.641
28.33,0.558
28.57,0.470
28.81,0.382
29.05,0.295
29.30,0.211
29.54,0.127
29.78,0.040
30.02,-0.044
30.26,-0.120
30.51,-0.195
30.75,-0.271
30.99,-0.343
31.23,-0.410
31.48,-0.498
31.72,-0.550
31.96,-0.614
32.20,-0.673
32.45,-0.729
32.69,-0.785
32.93,-0.841
33.17,-0.873
33.42,-0.892
33.66,-0.912
33.90,-0.920
34.14,-0.884
34.39,-0.793
34.63,-0.697
34.87,-0.602
35.11,-0.442
35.35,-0.299
35.60,-0.203
