datetime_jst,ryutan_joryu,satsunai_dam_chokka,minami_satsunai,kami_satsunai,daini_okawabashi,nantaibashi,satsunai
2016-08-01T01:00,8.7,,15.92,28.94,41.71,26.08,30.97
2016-08-01T02:00,8.27,,15.92,28.94,41.71,25.03,30.97
2016-08-01T03:00,8.27,,15.92,28.39,41.71,25.03,30.44
2016-08-01T04:00,8.27,,15.92,28.39,40.21,25.03,30.44
2016-08-01T05:00,8.27,,15.42,28.39,40.21,25.03,30.44
2016-08-01T06:00,8.27,,15.42,28.39,40.21,25.03,30.44
2016-08-01T07:00,7.85,,15.42,28.39,40.21,25.03,30.44
2016-08-01T08:00,8.27,,15.42,27.84,40.21,25.03,30.44
2016-08-01T09:00,8.27,,15.42,27.84,40.21,24.0,30.44
2016-08-01T10:00,8.7,,15.42,27.84,40.21,24.0,29.93
2016-08-01T11:00,9.14,,16.42,28.39,40.21,24.0,29.93
2016-08-01T12:00,20.24,,16.93,29.5,40.21,24.0,29.93
2016-08-01T13:00,38.38,,19.04,31.79,40.21,25.03,30.44
2016-08-01T14:00,55.48,,24.25,36.01,40.21,25.03,30.97
2016-08-01T15:00,51.18,,40.02,53.1,43.25,26.08,31.49
2016-08-01T16:00,48.06,,46.12,93.01,44.8,27.16,32.03
2016-08-01T17:00,40.23,,37.7,138.94,58.26,29.37,32.56
2016-08-01T18:00,33.94,,33.27,133.93,81.76,44.49,32.56
2016-08-01T19:00,29.78,,32.2,119.46,88.26,61.1,34.2
2016-08-01T20:00,26.65,,31.15,110.28,95.0,64.41,44.22
2016-08-01T21:00,25.15,,30.09,101.46,97.3,67.8,53.43
2016-08-01T22:00,23.69,,29.41,97.19,92.72,69.52,57.65
2016-08-01T23:00,22.98,,29.41,101.46,90.48,66.09,61.28
2016-08-02T00:00,21.59,,29.41,97.19,86.06,64.41,62.03
2016-08-02T01:00,20.24,,29.41,93.01,81.76,59.49,59.82
2016-08-02T02:00,19.58,,29.41,93.01,79.65,59.49,58.37
2016-08-02T03:00,18.93,,28.74,88.92,77.57,57.89,56.93
2016-08-02T04:00,18.3,,28.74,84.92,77.57,56.31,55.52
2016-08-02T05:00,17.67,,28.74,84.92,75.51,54.76,54.12
2016-08-02T06:00,17.67,,28.74,84.92,73.49,54.76,53.43
2016-08-02T07:00,17.06,,28.74,84.92,73.49,53.23,52.06
2016-08-02T08:00,16.45,,28.74,84.92,73.49,51.72,51.38
2016-08-02T09:00,16.45,,28.08,84.92,71.49,51.72,51.38
2016-08-02T10:00,15.86,,28.08,84.92,71.49,51.72,50.71
2016-08-02T11:00,15.86,,28.08,81.02,71.49,51.72,50.04
2016-08-02T12:00,15.28,,27.42,77.21,69.52,48.76,50.04
2016-08-02T13:00,14.71,,27.42,77.21,69.52,50.23,50.04
2016-08-02T14:00,14.71,,27.42,73.49,69.52,51.72,49.38
2016-08-02T15:00,14.15,,27.42,77.21,67.57,53.23,48.71
2016-08-02T16:00,14.15,,27.42,73.49,67.57,53.23,48.71
2016-08-02T17:00,13.6,,26.77,73.49,67.57,51.72,48.71
2016-08-02T18:00,13.6,,26.77,69.86,65.65,51.72,48.06
2016-08-02T19:00,15.28,,26.77,69.86,65.65,50.23,48.06
2016-08-02T20:00,14.15,,26.77,69.86,65.65,50.23,48.06
2016-08-02T21:00,13.6,,26.13,66.32,65.65,50.23,48.06
2016-08-02T22:00,13.06,,26.13,69.86,65.65,50.23,47.41
2016-08-02T23:00,13.06,,26.13,66.32,65.65,48.76,47.41
2016-08-03T00:00,12.53,,26.13,66.32,65.65,48.76,47.41
2016-08-03T01:00,12.53,,25.5,66.32,65.65,50.23,47.41
2016-08-03T02:00,12.01,,25.5,62.88,65.65,48.76,47.41
2016-08-03T03:00,12.01,,25.5,62.88,63.76,48.76,47.41
2016-08-03T04:00,12.01,,24.87,62.88,63.76,48.76,47.41
2016-08-03T05:00,11.51,,24.87,59.53,63.76,48.76,47.41
2016-08-03T06:00,11.51,,24.87,59.53,61.9,47.32,46.76
2016-08-03T07:00,11.01,,24.87,59.53,61.9,45.9,46.12
2016-08-03T08:00,11.01,,24.25,59.53,61.9,45.9,46.12
2016-08-03T09:00,11.01,,24.25,59.53,61.9,44.49,45.48
2016-08-03T10:00,11.01,,24.25,56.26,61.9,44.49,45.48
2016-08-03T11:00,10.53,,23.64,56.26,61.9,44.49,45.48
2016-08-03T12:00,10.53,,23.64,53.1,60.07,43.12,44.84
2016-08-03T13:00,10.53,,23.64,53.1,60.07,43.12,44.84
2016-08-03T14:00,10.06,,23.64,50.02,60.07,43.12,44.22
2016-08-03T15:00,10.06,,23.04,50.02,58.26,43.12,44.22
2016-08-03T16:00,10.06,,23.04,47.03,58.26,41.76,43.59
2016-08-03T17:00,9.59,,23.04,47.03,58.26,40.42,43.59
2016-08-03T18:00,9.59,,23.04,47.03,58.26,41.76,42.97
2016-08-03T19:00,9.59,,22.45,47.03,56.48,40.42,42.97
2016-08-03T20:00,9.59,,22.45,47.03,56.48,40.42,42.35
2016-08-03T21:00,9.14,,22.45,44.14,56.48,40.42,41.74
2016-08-03T22:00,9.14,,21.86,41.34,56.48,39.11,41.74
2016-08-03T23:00,9.14,,21.86,41.34,56.48,39.11,41.14
2016-08-04T00:00,9.14,,21.86,37.89,56.48,37.81,41.14
2016-08-04T01:00,8.7,,21.86,37.89,54.73,37.81,41.14
2016-08-04T02:00,8.7,,21.28,37.89,54.73,39.11,40.53
2016-08-04T03:00,8.7,,21.28,37.26,54.73,37.81,40.53
2016-08-04T04:00,8.7,,21.28,36.63,54.73,37.81,40.53
2016-08-04T05:00,8.27,,21.28,36.63,53.01,37.81,40.53
2016-08-04T06:00,8.27,,20.71,36.63,53.01,37.81,39.93
2016-08-04T07:00,8.27,,20.71,36.63,53.01,37.81,39.93
2016-08-04T08:00,8.27,,20.71,36.01,53.01,37.81,39.93
2016-08-04T09:00,8.27,,20.71,36.01,53.01,36.54,39.34
2016-08-04T10:00,7.85,,19.59,35.39,51.31,36.54,39.34
2016-08-04T11:00,7.85,,19.59,35.39,51.31,36.54,39.34
2016-08-04T12:00,7.85,,19.04,34.17,51.31,35.29,38.75
2016-08-04T13:00,7.85,,19.04,33.57,51.31,35.29,38.75
2016-08-04T14:00,7.85,,19.04,33.57,49.64,35.29,38.17
2016-08-04T15:00,7.45,,19.04,32.97,49.64,35.29,38.17
2016-08-04T16:00,7.45,,19.04,32.97,49.64,34.07,37.59
2016-08-04T17:00,7.45,,18.5,32.38,48.0,32.86,37.59
2016-08-04T18:00,7.45,,18.5,32.97,48.0,31.68,36.44
2016-08-04T19:00,7.45,,18.5,32.38,48.0,31.68,36.44
2016-08-04T20:00,7.05,,17.97,31.79,48.0,31.68,36.44
2016-08-04T21:00,7.05,,17.97,31.79,46.39,31.68,35.87
2016-08-04T22:00,7.05,,17.97,31.21,46.39,30.51,35.87
2016-08-04T23:00,7.05,,17.97,31.21,46.39,30.51,35.87
2016-08-05T00:00,7.05,,17.97,31.21,46.39,30.51,35.31
2016-08-05T01:00,7.05,,17.97,30.64,46.39,30.51,35.31
2016-08-05T02:00,6.66,,17.44,30.64,46.39,30.51,35.31
2016-08-05T03:00,6.66,,17.44,30.07,46.39,29.37,34.75
2016-08-05T04:00,6.66,,17.44,30.07,44.8,29.37,34.75
2016-08-05T05:00,6.66,,17.44,30.07,44.8,29.37,34.75
2016-08-05T06:00,6.66,,17.44,29.5,44.8,29.37,34.75
2016-08-05T07:00,6.66,,17.44,29.5,44.8,29.37,34.2
2016-08-05T08:00,6.29,,16.93,29.5,44.8,29.37,34.2
2016-08-05T09:00,6.29,,16.93,29.5,44.8,28.25,34.2
2016-08-05T10:00,6.29,,16.93,28.94,44.8,28.25,34.2
2016-08-05T11:00,6.29,,16.93,28.94,43.25,28.25,33.65
2016-08-05T12:00,6.29,,16.93,28.39,43.25,28.25,33.65
2016-08-05T13:00,6.29,,16.93,28.39,43.25,28.25,33.65
2016-08-05T14:00,6.29,,16.93,27.84,43.25,27.16,33.1
2016-08-05T15:00,6.29,,16.42,27.84,41.71,27.16,33.1
2016-08-05T16:00,5.92,,16.42,27.84,41.71,26.08,32.56
2016-08-05T17:00,5.92,,16.42,27.84,41.71,26.08,32.56
2016-08-05T18:00,5.92,,16.42,27.84,41.71,26.08,32.03
2016-08-05T19:00,5.92,,16.42,27.84,40.21,26.08,32.03
2016-08-05T20:00,5.92,,16.42,27.84,40.21,26.08,31.49
2016-08-05T21:00,5.92,,16.42,27.84,40.21,25.03,31.49
2016-08-05T22:00,5.57,,16.42,27.84,40.21,26.08,31.49
2016-08-05T23:00,5.57,,16.42,27.3,40.21,25.03,31.49
2016-08-06T00:00,5.57,,16.42,27.3,40.21,25.03,30.97
2016-08-06T01:00,5.57,,16.42,27.3,40.21,25.03,30.97
2016-08-06T02:00,5.57,,16.42,26.76,40.21,25.03,30.97
2016-08-06T03:00,5.57,,16.42,27.3,40.21,25.03,30.97
2016-08-06T04:00,5.23,,16.42,27.3,40.21,25.03,30.97
2016-08-06T05:00,5.23,,16.42,27.3,40.21,25.03,30.97
2016-08-06T06:00,5.23,,16.42,26.76,40.21,24.0,30.97
2016-08-06T07:00,5.23,,16.42,26.76,40.21,24.0,30.97
2016-08-06T08:00,5.23,,16.42,26.76,38.74,22.99,30.44
2016-08-06T09:00,5.23,,16.42,27.3,38.74,24.0,30.44
2016-08-06T10:00,5.23,,16.42,26.76,38.74,22.99,30.44
2016-08-06T11:00,5.23,,16.42,26.76,38.74,22.99,30.44
2016-08-06T12:00,5.23,,16.42,26.76,38.74,22.99,30.44
2016-08-06T13:00,5.23,,16.42,26.76,38.74,22.99,30.44
2016-08-06T14:00,4.9,,16.42,26.23,38.74,22.99,30.44
2016-08-06T15:00,4.9,,16.42,26.23,37.29,22.0,29.93
2016-08-06T16:00,4.9,,16.42,26.23,37.29,22.0,29.93
2016-08-06T17:00,4.9,,16.42,26.23,37.29,22.0,29.93
2016-08-06T18:00,4.9,,16.42,26.76,37.29,22.0,29.41
2016-08-06T19:00,4.9,,16.42,26.76,37.29,21.03,29.41
2016-08-06T20:00,4.9,,16.42,26.76,37.29,21.03,29.41
2016-08-06T21:00,4.9,,15.92,26.23,37.29,21.03,29.41
2016-08-06T22:00,4.9,,15.92,26.76,37.29,21.03,28.9
2016-08-06T23:00,4.9,,16.42,26.23,37.29,21.03,28.9
2016-08-07T00:00,4.9,,16.42,26.23,37.29,21.03,28.9
2016-08-07T01:00,4.9,,16.42,26.23,37.29,21.03,28.9
2016-08-07T02:00,4.57,,16.42,26.23,37.29,21.03,28.9
2016-08-07T03:00,4.57,,16.42,26.23,37.29,21.03,28.9
2016-08-07T04:00,4.57,,15.92,26.23,37.29,21.03,28.9
2016-08-07T05:00,4.57,,16.42,26.23,37.29,21.03,28.9
2016-08-07T06:00,4.57,,16.42,26.23,37.29,21.03,28.9
2016-08-07T07:00,4.57,,15.92,26.23,37.29,21.03,28.9
2016-08-07T08:00,4.57,,15.92,26.23,35.87,21.03,28.9
2016-08-07T09:00,4.57,,15.92,26.23,35.87,21.03,28.9
2016-08-07T10:00,4.57,,15.92,25.7,35.87,21.03,28.9
2016-08-07T11:00,4.57,,16.42,26.23,35.87,21.03,28.9
2016-08-07T12:00,4.57,,16.42,26.23,35.87,21.03,28.9
2016-08-07T13:00,4.26,,16.42,26.23,35.87,20.09,28.9
2016-08-07T14:00,4.26,,16.42,26.23,35.87,21.03,28.4
2016-08-07T15:00,4.26,,16.42,26.23,35.87,20.09,28.4
2016-08-07T16:00,4.26,,16.42,26.23,35.87,20.09,28.4
2016-08-07T17:00,4.26,,16.42,26.23,35.87,19.16,28.4
2016-08-07T18:00,4.26,,16.42,26.76,35.87,19.16,27.9
2016-08-07T19:00,4.26,,16.42,26.76,35.87,19.16,27.9
2016-08-07T20:00,4.26,,15.92,26.23,34.48,19.16,27.9
2016-08-07T21:00,4.26,,15.92,26.23,34.48,18.26,27.9
2016-08-07T22:00,4.26,,15.92,26.23,35.87,19.16,27.9
2016-08-07T23:00,4.26,,16.42,26.23,34.48,19.16,27.9
2016-08-08T00:00,4.26,,16.42,26.23,34.48,19.16,27.4
2016-08-08T01:00,4.26,,16.42,26.23,34.48,19.16,27.4
2016-08-08T02:00,4.26,,16.42,26.23,34.48,18.26,27.4
2016-08-08T03:00,3.97,,16.42,26.23,34.48,19.16,27.4
2016-08-08T04:00,3.97,,16.42,26.23,34.48,19.16,27.4
2016-08-08T05:00,3.97,,16.42,26.23,34.48,19.16,27.4
2016-08-08T06:00,3.97,,16.42,26.23,34.48,19.16,27.4
2016-08-08T07:00,3.97,,16.42,26.23,34.48,19.16,27.4
2016-08-08T08:00,3.97,,16.42,26.23,34.48,19.16,27.9
2016-08-08T09:00,3.97,,16.42,26.23,34.48,19.16,27.4
2016-08-08T10:00,3.97,,16.42,26.23,34.48,19.16,27.4
2016-08-08T11:00,3.97,,16.42,26.23,34.48,19.16,27.4
2016-08-08T12:00,3.97,,16.42,26.23,34.48,18.26,27.4
2016-08-08T13:00,3.68,,16.42,26.23,34.48,18.26,27.4
2016-08-08T14:00,3.68,,16.42,26.23,34.48,18.26,27.4
2016-08-08T15:00,3.68,,16.42,26.23,34.48,18.26,27.4
2016-08-08T16:00,3.68,,16.42,26.23,34.48,18.26,27.4
2016-08-08T17:00,3.68,,16.42,26.23,34.48,17.38,27.4
2016-08-08T18:00,3.68,,16.42,26.23,34.48,17.38,27.4
2016-08-08T19:00,3.68,,16.42,26.23,34.48,17.38,26.91
2016-08-08T20:00,3.68,,16.42,26.23,34.48,17.38,26.91
2016-08-08T21:00,3.68,,16.42,26.23,34.48,17.38,26.91
2016-08-08T22:00,3.68,,16.42,26.23,34.48,17.38,26.91
2016-08-08T23:00,3.68,,16.42,26.76,33.11,17.38,26.91
2016-08-09T00:00,3.68,,16.42,27.3,34.48,17.38,26.91
2016-08-09T01:00,3.68,,16.42,26.76,35.87,18.26,26.91
2016-08-09T02:00,3.68,,16.42,26.76,35.87,18.26,27.4
2016-08-09T03:00,4.26,,16.42,26.76,35.87,19.16,27.4
2016-08-09T04:00,4.57,,16.42,26.23,34.48,19.16,27.9
2016-08-09T05:00,4.26,,16.42,26.23,34.48,18.26,28.4
2016-08-09T06:00,3.97,,16.42,26.23,34.48,18.26,27.9
2016-08-09T07:00,3.97,,16.42,26.76,34.48,18.26,27.9
2016-08-09T08:00,3.97,,16.93,27.3,34.48,18.26,27.9
2016-08-09T09:00,4.26,,17.44,28.39,35.87,19.16,28.4
2016-08-09T10:00,5.23,,17.97,30.64,37.29,20.09,28.9
2016-08-09T11:00,6.29,,20.15,32.38,37.29,21.03,29.93
2016-08-09T12:00,7.45,,21.28,34.78,38.74,22.0,29.93
2016-08-09T13:00,8.7,,20.71,37.89,41.71,22.0,30.44
2016-08-09T14:00,8.27,,20.15,44.14,44.8,24.0,30.44
2016-08-09T15:00,7.85,,19.59,37.89,49.64,28.25,30.97
2016-08-09T16:00,7.85,,13.53,36.63,54.73,31.68,31.49
2016-08-09T17:00,6.66,,11.33,34.78,56.48,35.29,33.65
2016-08-09T18:00,5.92,,10.51,26.76,56.48,36.54,36.44
2016-08-09T19:00,5.57,,16.93,21.68,54.73,36.54,39.34
2016-08-09T20:00,5.23,,16.93,19.79,53.01,35.29,39.93
2016-08-09T21:00,4.9,,16.93,27.84,49.64,34.07,39.93
2016-08-09T22:00,4.57,,16.93,28.94,46.39,31.68,39.34
2016-08-09T23:00,4.57,,16.93,28.94,43.25,28.25,38.17
2016-08-10T00:00,4.26,,16.93,28.94,40.21,26.08,36.44
2016-08-10T01:00,4.26,,16.93,29.5,40.21,25.03,34.75
2016-08-10T02:00,4.26,,16.93,28.94,40.21,25.03,33.1
2016-08-10T03:00,3.97,,16.93,28.94,40.21,24.0,32.56
2016-08-10T04:00,3.97,,16.93,28.94,40.21,24.0,32.03
2016-08-10T05:00,3.97,,16.93,28.39,40.21,24.0,32.03
2016-08-10T06:00,3.97,,16.93,28.39,38.74,24.0,31.49
2016-08-10T07:00,3.68,,16.42,28.39,38.74,22.99,31.49
2016-08-10T08:00,3.68,,16.42,28.39,38.74,22.99,31.49
2016-08-10T09:00,3.68,,16.42,28.39,38.74,22.99,30.97
2016-08-10T10:00,3.68,,16.42,28.39,37.29,22.0,30.44
2016-08-10T11:00,3.68,,16.42,28.94,37.29,22.0,30.44
2016-08-10T12:00,3.68,,16.42,28.39,37.29,22.0,30.44
2016-08-10T13:00,3.68,,16.42,28.39,37.29,21.03,29.93
2016-08-10T14:00,3.4,,16.42,28.39,37.29,21.03,29.93
2016-08-10T15:00,3.4,,16.42,28.39,35.87,21.03,29.41
2016-08-10T16:00,3.4,,16.42,27.84,35.87,21.03,29.41
2016-08-10T17:00,3.4,,16.42,27.84,35.87,20.09,29.41
2016-08-10T18:00,3.4,,16.42,28.39,35.87,20.09,28.9
2016-08-10T19:00,3.4,,16.42,27.84,35.87,20.09,28.9
2016-08-10T20:00,3.4,,16.42,27.84,35.87,20.09,28.9
2016-08-10T21:00,3.4,,16.42,27.84,35.87,20.09,28.4
2016-08-10T22:00,3.4,,16.42,27.84,35.87,20.09,28.4
2016-08-10T23:00,3.4,,16.42,27.84,35.87,20.09,28.4
2016-08-11T00:00,3.4,,16.42,27.84,34.48,20.09,28.4
2016-08-11T01:00,3.4,,16.42,27.84,34.48,19.16,28.4
2016-08-11T02:00,3.4,,16.42,27.3,34.48,19.16,28.4
2016-08-11T03:00,3.13,,16.42,27.3,34.48,19.16,28.4
2016-08-11T04:00,3.13,,16.42,27.84,34.48,19.16,28.4
2016-08-11T05:00,3.13,,16.42,27.3,34.48,19.16,28.4
2016-08-11T06:00,3.13,,16.42,27.84,34.48,19.16,28.4
2016-08-11T07:00,3.13,,16.42,27.3,34.48,19.16,27.9
2016-08-11T08:00,3.13,,16.42,27.3,34.48,19.16,27.9
2016-08-11T09:00,3.13,,16.42,27.3,34.48,19.16,27.9
2016-08-11T10:00,3.13,,16.42,27.3,34.48,19.16,27.9
2016-08-11T11:00,3.13,,16.42,27.84,34.48,19.16,27.9
2016-08-11T12:00,3.13,,16.42,27.3,34.48,19.16,27.9
2016-08-11T13:00,3.13,,16.42,27.3,34.48,18.26,27.4
2016-08-11T14:00,3.13,,16.42,27.3,34.48,18.26,27.4
2016-08-11T15:00,3.13,,16.42,27.3,33.11,18.26,27.4
2016-08-11T16:00,3.13,,16.42,27.3,33.11,18.26,27.4
2016-08-11T17:00,3.13,,16.42,27.3,33.11,18.26,26.91
2016-08-11T18:00,3.13,,16.42,27.3,33.11,18.26,26.91
2016-08-11T19:00,2.88,,16.42,27.3,33.11,18.26,26.91
2016-08-11T20:00,2.88,,16.42,27.3,33.11,18.26,26.91
2016-08-11T21:00,2.88,,16.42,27.3,33.11,18.26,26.42
2016-08-11T22:00,2.88,,16.42,26.76,33.11,17.38,26.42
2016-08-11T23:00,2.88,,16.42,26.76,33.11,18.26,26.42
2016-08-12T00:00,2.88,,16.42,26.76,33.11,19.16,26.42
2016-08-12T01:00,2.88,,16.42,26.76,33.11,19.16,26.42
2016-08-12T02:00,2.88,,16.42,26.76,33.11,19.16,26.42
2016-08-12T03:00,2.88,,16.42,26.76,33.11,19.16,26.42
2016-08-12T04:00,2.88,,16.42,26.76,33.11,19.16,26.42
2016-08-12T05:00,2.88,,16.42,26.76,33.11,19.16,26.42
2016-08-12T06:00,2.88,,16.42,26.76,33.11,19.16,26.42
2016-08-12T07:00,2.88,,16.42,26.76,33.11,19.16,26.42
2016-08-12T08:00,2.88,,16.42,27.3,33.11,19.16,26.42
2016-08-12T09:00,2.88,,15.42,27.3,33.11,18.26,26.42
2016-08-12T10:00,2.88,,9.33,27.3,33.11,19.16,26.42
2016-08-12T11:00,2.88,,8.95,24.15,33.11,19.16,26.42
2016-08-12T12:00,2.88,,8.95,17.13,33.11,19.16,26.42
2016-08-12T13:00,2.88,,8.58,14.65,33.11,18.26,26.42
2016-08-12T14:00,2.88,,8.58,13.11,31.77,18.26,26.42
2016-08-12T15:00,2.88,,8.58,12.74,31.77,18.26,26.42
2016-08-12T16:00,2.63,,8.58,12.37,30.46,17.38,26.42
2016-08-12T17:00,2.63,,8.58,12.01,29.18,16.52,25.94
2016-08-12T18:00,2.63,,8.58,12.01,27.92,14.87,25.46
2016-08-12T19:00,2.63,,8.58,11.66,26.7,14.87,24.99
2016-08-12T20:00,2.63,,8.58,11.66,26.7,14.08,24.05
2016-08-12T21:00,2.63,,8.58,11.66,25.5,13.31,23.59
2016-08-12T22:00,2.63,,8.58,11.31,25.5,13.31,23.14
2016-08-12T23:00,2.63,,8.58,11.31,25.5,12.56,23.14
2016-08-13T00:00,2.63,,8.58,11.31,24.33,12.56,22.69
2016-08-13T01:00,2.63,,8.58,10.96,24.33,12.56,22.69
2016-08-13T02:00,2.63,,8.58,10.96,24.33,12.56,22.24
2016-08-13T03:00,2.63,,8.58,10.96,24.33,11.83,22.24
2016-08-13T04:00,2.63,,8.58,11.31,24.33,11.83,22.24
2016-08-13T05:00,2.63,,8.58,11.31,24.33,11.83,21.8
2016-08-13T06:00,2.63,,8.58,11.31,24.33,11.83,21.8
2016-08-13T07:00,2.63,,8.58,11.31,24.33,11.83,21.8
2016-08-13T08:00,2.63,,8.22,11.31,24.33,11.83,21.8
2016-08-13T09:00,2.63,,8.22,11.31,23.18,11.12,21.8
2016-08-13T10:00,2.63,,8.22,11.31,23.18,11.12,22.24
2016-08-13T11:00,2.63,,8.22,11.31,23.18,11.12,22.24
2016-08-13T12:00,2.63,,8.22,11.31,23.18,11.12,22.24
2016-08-13T13:00,2.63,,8.22,11.31,23.18,11.12,22.24
2016-08-13T14:00,2.63,,8.22,11.31,23.18,11.12,21.8
2016-08-13T15:00,2.63,,8.22,11.31,23.18,11.12,21.8
2016-08-13T16:00,2.4,,8.22,10.96,23.18,11.12,21.8
2016-08-13T17:00,2.4,,8.22,10.96,22.06,10.44,21.8
2016-08-13T18:00,2.4,,8.22,11.31,22.06,10.44,21.8
2016-08-13T19:00,2.4,,8.22,10.96,22.06,10.44,21.36
2016-08-13T20:00,2.4,,8.22,10.96,22.06,10.44,21.36
2016-08-13T21:00,2.4,,8.22,10.96,22.06,10.44,21.36
2016-08-13T22:00,2.4,,8.22,10.96,22.06,9.78,21.36
2016-08-13T23:00,2.4,,8.22,10.96,22.06,9.78,21.36
2016-08-14T00:00,2.4,,8.22,10.96,22.06,9.78,21.36
2016-08-14T01:00,2.4,,8.22,10.96,22.06,9.78,21.36
2016-08-14T02:00,2.4,,8.22,10.96,22.06,9.78,20.93
2016-08-14T03:00,2.4,,8.22,10.96,22.06,9.78,20.93
2016-08-14T04:00,2.4,,8.22,10.96,22.06,9.78,20.93
2016-08-14T05:00,2.4,,8.22,10.62,22.06,9.78,20.93
2016-08-14T06:00,2.4,,8.22,10.62,22.06,9.78,20.93
2016-08-14T07:00,2.4,,8.22,10.62,22.06,9.78,20.93
2016-08-14T08:00,2.4,,8.22,10.62,22.06,9.78,20.93
2016-08-14T09:00,2.4,,8.22,10.62,22.06,10.44,20.93
2016-08-14T10:00,2.4,,8.22,10.62,22.06,10.44,20.93
2016-08-14T11:00,2.4,,8.22,10.96,22.06,10.44,20.93
2016-08-14T12:00,2.4,,8.22,10.96,22.06,10.44,20.93
2016-08-14T13:00,2.4,,8.22,10.96,22.06,10.44,20.93
2016-08-14T14:00,2.4,,8.22,10.62,20.97,10.44,20.93
2016-08-14T15:00,2.4,,8.22,10.62,20.97,10.44,20.93
2016-08-14T16:00,2.4,,8.22,10.62,20.97,10.44,20.93
2016-08-14T17:00,2.4,,8.22,10.62,20.97,9.78,20.93
2016-08-14T18:00,2.18,,8.22,10.62,20.97,9.78,20.5
2016-08-14T19:00,2.18,,8.22,10.62,20.97,9.78,20.5
2016-08-14T20:00,2.18,,8.22,10.62,20.97,9.78,20.5
2016-08-14T21:00,2.18,,8.22,10.62,20.97,9.78,20.5
2016-08-14T22:00,2.18,,8.22,10.62,20.97,9.78,20.5
2016-08-14T23:00,2.18,,8.22,10.29,20.97,9.78,20.5
2016-08-15T00:00,2.4,,8.22,10.62,20.97,9.78,20.5
2016-08-15T01:00,2.4,,8.22,10.29,20.97,9.78,20.5
2016-08-15T02:00,2.18,,8.22,10.29,20.97,9.78,20.5
2016-08-15T03:00,2.18,,8.22,10.62,20.97,9.78,20.5
2016-08-15T04:00,2.18,,8.22,10.29,20.97,9.78,20.5
2016-08-15T05:00,2.18,,8.22,10.29,20.97,9.78,20.5
2016-08-15T06:00,2.18,,8.22,10.29,20.97,9.78,20.5
2016-08-15T07:00,2.18,,8.22,10.29,20.97,9.78,20.5
2016-08-15T08:00,2.18,,8.22,10.29,20.97,9.78,20.5
2016-08-15T09:00,2.18,,8.22,10.29,20.97,9.78,20.5
2016-08-15T10:00,2.18,,8.22,10.62,20.97,9.78,20.5
2016-08-15T11:00,2.4,,8.22,10.62,20.97,9.78,20.5
2016-08-15T12:00,2.18,,8.22,10.62,20.97,9.78,20.5
2016-08-15T13:00,2.18,,8.22,10.29,20.97,9.78,20.07
2016-08-15T14:00,2.18,,8.22,10.29,19.91,9.78,20.07
2016-08-15T15:00,2.18,,8.22,10.29,19.91,9.14,20.07
2016-08-15T16:00,2.18,,8.22,10.29,19.91,9.14,20.07
2016-08-15T17:00,2.18,,8.22,10.29,19.91,9.14,20.07
2016-08-15T18:00,2.18,,8.22,10.29,19.91,9.14,20.07
2016-08-15T19:00,2.18,,8.22,10.29,19.91,9.14,20.07
2016-08-15T20:00,2.18,,10.51,10.29,19.91,9.14,20.07
2016-08-15T21:00,2.18,,14.46,10.29,19.91,9.14,20.07
2016-08-15T22:00,2.18,,14.94,10.96,19.91,9.14,19.65
2016-08-15T23:00,2.18,,14.94,18.88,19.91,9.14,19.65
2016-08-16T00:00,2.18,,14.94,21.2,19.91,9.14,19.65
2016-08-16T01:00,2.18,,14.94,22.16,19.91,9.14,19.65
2016-08-16T02:00,2.18,,14.94,22.65,19.91,9.14,19.65
2016-08-16T03:00,2.18,,14.94,22.65,19.91,9.14,19.65
2016-08-16T04:00,2.18,,14.94,23.14,22.06,9.14,19.65
2016-08-16T05:00,2.18,,14.94,23.14,23.18,10.44,19.65
2016-08-16T06:00,2.18,,14.94,23.14,24.33,11.83,19.65
2016-08-16T07:00,2.18,,14.94,23.65,24.33,12.56,20.07
2016-08-16T08:00,2.18,,14.94,24.15,25.5,13.31,20.93
2016-08-16T09:00,2.18,,14.94,24.15,25.5,13.31,21.36
2016-08-16T10:00,2.18,,15.42,24.66,26.7,14.08,21.8
2016-08-16T11:00,2.18,,15.42,25.18,26.7,14.08,22.24
2016-08-16T12:00,2.4,,15.42,25.7,26.7,14.08,22.69
2016-08-16T13:00,2.63,,15.42,25.7,27.92,14.87,23.14
2016-08-16T14:00,7.05,,15.42,25.7,27.92,14.87,23.14
2016-08-16T15:00,8.27,,15.42,25.7,27.92,14.87,23.14
2016-08-16T16:00,10.06,,15.42,25.7,27.92,15.69,23.14
2016-08-16T17:00,9.59,,15.42,25.7,27.92,15.69,23.59
2016-08-16T18:00,8.7,,15.42,25.7,27.92,16.52,23.59
2016-08-16T19:00,7.05,,14.94,25.18,29.18,16.52,23.59
2016-08-16T20:00,6.29,,14.94,25.18,29.18,16.52,23.59
2016-08-16T21:00,5.57,,14.94,25.18,29.18,16.52,24.05
2016-08-16T22:00,4.9,,14.94,25.18,29.18,16.52,24.05
2016-08-16T23:00,4.57,,14.94,25.18,30.46,17.38,24.05
2016-08-17T00:00,4.26,,14.94,25.18,30.46,18.26,24.05
2016-08-17T01:00,4.26,,14.94,24.66,30.46,18.26,24.52
2016-08-17T02:00,4.57,,15.42,25.7,30.46,18.26,24.99
2016-08-17T03:00,5.92,,15.42,25.18,30.46,18.26,24.99
2016-08-17T04:00,12.53,,15.42,25.7,30.46,18.26,25.46
2016-08-17T05:00,12.01,,15.42,25.18,30.46,18.26,24.99
2016-08-17T06:00,11.01,,15.42,25.7,29.18,18.26,24.99
2016-08-17T07:00,9.59,,15.42,25.7,29.18,17.38,24.99
2016-08-17T08:00,11.01,,15.92,27.84,30.46,18.26,24.99
2016-08-17T09:00,38.38,,18.5,34.17,34.48,20.09,26.42
2016-08-17T10:00,61.11,,24.87,41.34,35.87,22.0,27.4
2016-08-17T11:00,64.62,,24.25,56.26,44.8,24.0,27.4
2016-08-17T12:00,78.32,,23.04,77.21,60.07,34.07,29.41
2016-08-17T13:00,73.19,,22.45,69.86,71.49,44.49,34.2
2016-08-17T14:00,59.96,,21.86,66.32,99.63,59.49,38.75
2016-08-17T15:00,53.31,,21.86,66.32,114.19,78.49,46.12
2016-08-17T16:00,55.48,,23.64,69.86,129.75,93.95,57.65
2016-08-17T17:00,94.77,,35.45,88.92,132.44,106.47,82.64
2016-08-17T18:00,157.19,,73.25,149.23,143.47,106.47,141.33
2016-08-17T19:00,215.39,,114.45,206.18,179.21,119.76,184.59
2016-08-17T20:00,146.29,,84.82,231.53,398.53,164.35,181.89
2016-08-17T21:00,119.14,,64.0,159.88,679.63,557.91,198.41
2016-08-17T22:00,103.58,,52.65,101.46,704.34,836.69,487.43
2016-08-17T23:00,91.92,,30.09,81.02,508.35,758.71,922.31
2016-08-18T00:00,82.29,,27.42,69.86,441.85,625.05,937.37
2016-08-18T01:00,71.93,,26.77,47.03,375.43,520.78,711.46
2016-08-18T02:00,64.62,,27.42,34.78,302.06,472.22,643.87
2016-08-18T03:00,57.7,,28.74,33.57,281.99,417.31,613.81
2016-08-18T04:00,52.24,,30.09,32.97,236.65,359.83,546.46
2016-08-18T05:00,48.06,,31.15,32.38,215.47,325.12,514.26
2016-08-18T06:00,45.04,,33.27,32.38,201.9,295.75,483.03
2016-08-18T07:00,41.17,,51.31,31.79,192.01,274.63,444.32
2016-08-18T08:00,38.38,,56.78,32.97,176.08,257.63,423.51
2016-08-18T09:00,36.57,,52.65,34.78,166.86,247.69,407.22
2016-08-18T10:00,33.94,,52.65,35.39,157.88,237.94,391.26
2016-08-18T11:00,32.25,,52.65,34.78,152.03,212.91,375.61
2016-08-18T12:00,30.59,,52.65,34.17,149.15,209.88,364.08
2016-08-18T13:00,28.98,,52.65,33.57,143.47,209.88,352.73
2016-08-18T14:00,28.2,,52.65,33.57,137.9,197.98,348.99
2016-08-18T15:00,26.65,,52.65,33.57,129.75,186.42,334.22
2016-08-18T16:00,25.9,,52.65,33.57,124.45,189.28,330.58
2016-08-18T17:00,25.15,,51.31,32.97,124.45,180.77,323.35
2016-08-18T18:00,23.69,,51.31,32.97,119.27,180.77,302.15
2016-08-18T19:00,22.98,,49.99,32.38,116.72,175.21,288.42
2016-08-18T20:00,22.28,,49.99,32.38,111.7,175.21,275.01
2016-08-18T21:00,21.59,,49.99,32.38,109.23,169.73,258.69
2016-08-18T22:00,20.91,,48.68,31.79,104.38,161.68,236.69
2016-08-18T23:00,20.24,,48.68,31.21,104.38,151.26,224.55
2016-08-19T00:00,20.24,,48.68,31.21,101.99,151.26,218.6
2016-08-19T01:00,19.58,,47.39,31.21,99.63,146.17,209.83
2016-08-19T02:00,20.24,,48.68,31.21,97.3,148.7,201.24
2016-08-19T03:00,21.59,,49.99,31.21,97.3,141.18,192.82
2016-08-19T04:00,25.9,,48.68,31.21,95.0,136.27,190.06
2016-08-19T05:00,24.42,,47.39,31.21,95.0,133.84,184.59
2016-08-19T06:00,22.98,,47.39,30.64,95.0,136.27,179.2
2016-08-19T07:00,22.28,,46.12,30.64,92.72,131.44,179.2
2016-08-19T08:00,20.91,,46.12,30.64,92.72,129.06,176.54
2016-08-19T09:00,20.24,,46.12,30.64,90.48,122.06,173.89
2016-08-19T10:00,19.58,,44.86,30.07,88.26,126.71,173.89
2016-08-19T11:00,18.93,,44.86,29.5,86.06,124.37,173.89
2016-08-19T12:00,18.93,,34.35,29.5,83.9,119.76,171.27
2016-08-19T13:00,18.3,,28.74,29.5,79.65,117.49,171.27
2016-08-19T14:00,18.3,,40.02,26.76,77.57,115.25,168.66
2016-08-19T15:00,17.67,,42.4,26.76,77.57,113.02,168.66
2016-08-19T16:00,17.06,,42.4,28.39,75.51,108.63,166.08
2016-08-19T17:00,16.45,,41.2,28.39,71.49,108.63,163.51
2016-08-19T18:00,16.45,,41.2,28.39,67.57,102.21,155.94
2016-08-19T19:00,15.86,,40.02,28.39,69.52,100.11,148.54
2016-08-19T20:00,15.28,,40.02,27.84,69.52,102.21,143.71
2016-08-19T21:00,15.28,,38.85,27.84,69.52,102.21,143.71
2016-08-19T22:00,14.71,,38.85,27.84,71.49,102.21,143.71
2016-08-19T23:00,14.15,,37.7,27.3,69.52,102.21,143.71
2016-08-20T00:00,14.15,,36.56,27.3,67.57,100.11,143.71
2016-08-20T01:00,13.6,,36.56,27.3,65.65,95.99,141.33
2016-08-20T02:00,13.6,,35.45,26.76,65.65,93.95,138.96
2016-08-20T03:00,13.6,,35.45,26.76,65.65,91.94,136.62
2016-08-20T04:00,13.6,,35.45,26.76,63.76,89.96,134.29
2016-08-20T05:00,13.6,,34.35,26.76,61.9,89.96,134.29
2016-08-20T06:00,13.6,,33.27,26.23,61.9,87.99,131.99
2016-08-20T07:00,13.6,,33.27,26.23,60.07,87.99,129.7
2016-08-20T08:00,14.15,,33.27,25.7,60.07,87.99,129.7
2016-08-20T09:00,16.45,,33.27,25.7,58.26,87.99,131.99
2016-08-20T10:00,19.58,,32.2,25.7,58.26,86.05,127.43
2016-08-20T11:00,20.91,,32.2,25.18,58.26,82.22,125.19
2016-08-20T12:00,19.58,,32.2,25.7,58.26,84.12,125.19
2016-08-20T13:00,24.42,,33.27,25.7,58.26,86.05,122.96
2016-08-20T14:00,34.81,,34.35,25.18,58.26,86.05,127.43
2016-08-20T15:00,34.81,,34.35,25.18,60.07,84.12,122.96
2016-08-20T16:00,33.09,,35.45,25.7,61.9,86.05,122.96
2016-08-20T17:00,31.42,,36.56,25.7,63.76,87.99,122.96
2016-08-20T18:00,28.98,,36.56,25.7,67.57,89.96,125.19
2016-08-20T19:00,27.42,,37.7,25.7,69.52,95.99,127.43
2016-08-20T20:00,27.42,,37.7,25.7,69.52,95.99,131.99
2016-08-20T21:00,25.9,,37.7,26.23,67.57,98.04,136.62
2016-08-20T22:00,24.42,,38.85,26.23,65.65,98.04,136.62
2016-08-20T23:00,22.98,,37.7,26.23,65.65,98.04,136.62
2016-08-21T00:00,21.59,,37.7,26.23,63.76,95.99,136.62
2016-08-21T01:00,20.91,,37.7,26.23,61.9,93.95,134.29
2016-08-21T02:00,20.24,,37.7,26.23,61.9,95.99,129.7
2016-08-21T03:00,19.58,,37.7,26.23,61.9,93.95,129.7
2016-08-21T04:00,18.93,,37.7,25.7,60.07,93.95,127.43
2016-08-21T05:00,18.93,,37.7,25.7,60.07,93.95,127.43
2016-08-21T06:00,19.58,,38.85,26.23,61.9,93.95,127.43
2016-08-21T07:00,24.42,,38.85,26.23,63.76,95.99,129.7
2016-08-21T08:00,33.94,,40.02,26.76,65.65,98.04,131.99
2016-08-21T09:00,39.3,,43.62,27.3,69.52,104.33,138.96
2016-08-21T10:00,49.09,,49.99,27.84,73.49,106.47,143.71
2016-08-21T11:00,50.13,,54.01,28.39,83.9,113.02,146.12
2016-08-21T12:00,48.06,,55.39,30.07,97.3,126.71,155.94
2016-08-21T13:00,48.06,,55.39,30.07,109.23,143.66,168.66
2016-08-21T14:00,44.06,,56.78,30.07,111.7,159.05,192.82
2016-08-21T15:00,40.23,,56.78,30.64,111.7,161.68,221.57
2016-08-21T16:00,37.47,,58.19,30.64,109.23,167.03,236.69
2016-08-21T17:00,36.57,,59.62,31.21,109.23,175.21,246.0
2016-08-21T18:00,36.57,,61.06,31.79,109.23,175.21,249.14
2016-08-21T19:00,39.3,,65.5,32.38,109.23,172.46,246.0
2016-08-21T20:00,43.08,,68.55,33.57,111.7,172.46,242.87
2016-08-21T21:00,41.17,,70.1,34.78,116.72,175.21,242.87
2016-08-21T22:00,37.47,,71.66,35.39,129.75,183.58,242.87
2016-08-21T23:00,35.69,,71.66,35.39,140.67,197.98,246.0
2016-08-22T00:00,33.94,,70.1,36.01,149.15,212.91,258.69
2016-08-22T01:00,32.25,,70.1,35.39,146.3,219.04,281.68
2016-08-22T02:00,31.42,,70.1,36.01,143.47,222.14,291.83
2016-08-22T03:00,29.78,,70.1,36.01,143.47,225.26,288.42
2016-08-22T04:00,28.98,,70.1,35.39,143.47,228.39,291.83
2016-08-22T05:00,28.2,,68.55,36.01,137.9,225.26,291.83
2016-08-22T06:00,27.42,,68.55,36.01,137.9,228.39,288.42
2016-08-22T07:00,26.65,,68.55,36.01,137.9,228.39,285.04
2016-08-22T08:00,25.9,,68.55,35.39,135.16,228.39,285.04
2016-08-22T09:00,25.15,,67.02,35.39,135.16,228.39,278.33
2016-08-22T10:00,24.42,,67.02,35.39,135.16,225.26,278.33
2016-08-22T11:00,23.69,,64.0,35.39,135.16,219.04,278.33
2016-08-22T12:00,23.69,,64.0,34.78,132.44,219.04,275.01
2016-08-22T13:00,22.98,,62.53,34.17,129.75,215.97,268.42
2016-08-22T14:00,22.28,,64.0,34.17,129.75,206.87,265.16
2016-08-22T15:00,22.28,,62.53,34.17,124.45,200.92,261.92
2016-08-22T16:00,21.59,,61.06,33.57,124.45,206.87,258.69
2016-08-22T17:00,21.59,,61.06,33.57,119.27,200.92,255.49
2016-08-22T18:00,27.42,,65.5,33.57,119.27,195.06,258.69
2016-08-22T19:00,45.04,,68.55,34.17,119.27,197.98,255.49
2016-08-22T20:00,43.08,,65.5,34.78,119.27,200.92,255.49
2016-08-22T21:00,35.69,,65.5,34.17,129.75,200.92,249.14
2016-08-22T22:00,33.09,,64.0,34.17,140.67,219.04,246.0
2016-08-22T23:00,64.62,,64.0,34.17,140.67,228.39,258.69
2016-08-23T00:00,64.62,,65.5,34.17,135.16,225.26,278.33
2016-08-23T01:00,52.24,,67.02,34.17,132.44,231.56,278.33
2016-08-23T02:00,47.04,,68.55,34.17,137.9,228.39,275.01
2016-08-23T03:00,47.04,,70.1,34.78,140.67,237.94,271.71
2016-08-23T04:00,58.83,,73.25,35.39,137.9,241.17,271.71
2016-08-23T05:00,83.63,,78.1,36.01,135.16,231.56,278.33
2016-08-23T06:00,93.34,,90.04,37.89,143.47,237.94,285.04
2016-08-23T07:00,112.78,,104.71,44.14,157.88,241.17,285.04
2016-08-23T08:00,128.99,,120.5,53.1,205.25,267.76,295.25
2016-08-23T09:00,105.09,,126.7,62.88,258.82,310.26,326.95
2016-08-23T10:00,94.77,,130.93,69.86,361.9,392.15,367.9
2016-08-23T11:00,83.63,,135.22,73.49,366.39,504.33,440.12
2016-08-23T12:00,75.73,,137.39,73.49,318.6,475.38,546.46
2016-08-23T13:00,70.69,,141.79,84.92,293.95,453.45,589.31
2016-08-23T14:00,64.62,,144.01,93.01,293.95,438.88,584.47
2016-08-23T15:00,59.96,,144.01,101.46,278.06,430.19,560.57
2016-08-23T16:00,55.48,,141.79,101.46,262.62,417.31,527.94
2016-08-23T17:00,50.13,,141.79,105.82,262.62,404.64,523.36
2016-08-23T18:00,47.04,,139.58,101.46,258.82,392.15,509.74
2016-08-23T19:00,45.04,,137.39,97.19,247.61,375.82,514.26
2016-08-23T20:00,42.12,,135.22,84.92,236.65,363.79,500.76
2016-08-23T21:00,40.23,,133.06,73.49,233.05,359.83,483.03
2016-08-23T22:00,38.38,,128.81,69.86,222.42,332.68,487.43
2016-08-23T23:00,36.57,,126.7,66.32,212.04,328.89,478.65
2016-08-24T00:00,34.81,,124.62,59.53,205.25,313.94,465.63
2016-08-24T01:00,33.94,,122.55,53.1,201.9,306.6,461.33
2016-08-24T02:00,32.25,,118.46,50.02,192.01,306.6,452.78
2016-08-24T03:00,30.59,,116.45,44.14,185.56,295.75,448.54
2016-08-24T04:00,29.78,,112.47,44.14,182.37,281.58,431.77
2016-08-24T05:00,28.98,,110.5,44.14,176.08,281.58,423.51
2016-08-24T06:00,27.42,,106.63,37.89,172.98,281.58,419.41
2016-08-24T07:00,26.65,,104.71,37.26,166.86,260.98,403.2
2016-08-24T08:00,25.9,,102.82,37.89,157.88,264.36,391.26
2016-08-24T09:00,25.15,,99.08,36.63,152.03,254.29,387.31
2016-08-24T10:00,24.42,,97.24,36.63,152.03,244.42,371.75
2016-08-24T11:00,22.98,,93.6,35.39,143.47,247.69,367.9
2016-08-24T12:00,22.28,,91.81,35.39,140.67,234.74,356.5
2016-08-24T13:00,22.28,,88.28,34.78,135.16,234.74,341.57
2016-08-24T14:00,21.59,,86.54,33.57,127.09,215.97,337.88
2016-08-24T15:00,20.91,,84.82,33.57,121.85,222.14,330.58
2016-08-24T16:00,20.24,,81.43,33.57,119.27,212.91,326.95
2016-08-24T17:00,19.58,,79.76,32.97,116.72,209.88,312.66
2016-08-24T18:00,18.93,,78.1,32.38,114.19,197.98,309.14
2016-08-24T19:00,18.93,,74.85,31.79,111.7,195.06,298.69
2016-08-24T20:00,18.3,,73.25,31.21,109.23,189.28,291.83
2016-08-24T21:00,17.67,,71.66,31.21,104.38,180.77,281.68
2016-08-24T22:00,17.06,,68.55,30.64,99.63,175.21,275.01
2016-08-24T23:00,17.06,,67.02,30.64,97.3,172.46,265.16
2016-08-25T00:00,16.45,,65.5,30.07,97.3,175.21,258.69
2016-08-25T01:00,15.86,,64.0,30.07,95.0,164.35,258.69
2016-08-25T02:00,15.28,,62.53,29.5,90.48,159.05,252.3
2016-08-25T03:00,15.28,,61.06,29.5,88.26,159.05,246.0
2016-08-25T04:00,14.71,,59.62,28.94,86.06,153.83,239.77
2016-08-25T05:00,14.71,,58.19,28.94,83.9,156.43,236.69
2016-08-25T06:00,14.15,,56.78,28.39,81.76,146.17,233.62
2016-08-25T07:00,14.15,,55.39,27.84,79.65,143.66,227.55
2016-08-25T08:00,13.6,,54.01,28.39,77.57,141.18,221.57
2016-08-25T09:00,13.6,,52.65,27.84,77.57,136.27,215.66
2016-08-25T10:00,13.06,,49.99,27.84,73.49,129.06,206.95
2016-08-25T11:00,13.06,,48.68,27.3,73.49,129.06,204.08
2016-08-25T12:00,13.06,,47.39,27.3,71.49,122.06,201.24
2016-08-25T13:00,12.53,,46.12,26.76,69.52,119.76,195.61
2016-08-25T14:00,12.53,,44.86,26.23,67.57,115.25,195.61
2016-08-25T15:00,12.01,,43.62,26.23,65.65,108.63,187.31
2016-08-25T16:00,12.01,,43.62,26.23,63.76,110.81,190.06
2016-08-25T17:00,12.01,,42.4,26.23,61.9,102.21,181.89
2016-08-25T18:00,11.51,,42.4,25.7,60.07,104.33,181.89
2016-08-25T19:00,11.51,,41.2,25.7,58.26,100.11,179.2
2016-08-25T20:00,11.01,,40.02,25.18,58.26,95.99,176.54
2016-08-25T21:00,11.01,,38.85,25.18,56.48,95.99,173.89
2016-08-25T22:00,11.01,,37.7,24.66,54.73,87.99,171.27
2016-08-25T23:00,10.53,,37.7,24.66,53.01,87.99,168.66
2016-08-26T00:00,10.53,,36.56,24.66,53.01,89.96,166.08
2016-08-26T01:00,11.01,,36.56,24.15,49.64,89.96,163.51
2016-08-26T02:00,11.01,,35.45,24.15,48.0,84.12,163.51
2016-08-26T03:00,12.53,,35.45,24.15,48.0,84.12,158.44
2016-08-26T04:00,15.28,,34.35,23.65,46.39,82.22,155.94
2016-08-26T05:00,14.71,,33.27,23.65,44.8,80.34,155.94
2016-08-26T06:00,14.71,,32.2,23.65,43.25,76.65,153.45
2016-08-26T07:00,13.6,,32.2,23.14,43.25,78.49,153.45
2016-08-26T08:00,17.06,,33.27,23.14,41.71,78.49,150.99
2016-08-26T09:00,28.98,,36.56,23.65,41.71,74.84,150.99
2016-08-26T10:00,45.04,,38.85,23.65,41.71,78.49,155.94
2016-08-26T11:00,31.42,,37.7,24.66,41.71,78.49,153.45
2016-08-26T12:00,24.42,,37.7,24.15,43.25,82.22,153.45
2016-08-26T13:00,20.91,,36.56,24.15,51.31,84.12,153.45
2016-08-26T14:00,18.93,,36.56,23.65,54.73,100.11,158.44
2016-08-26T15:00,17.06,,36.56,24.15,46.39,98.04,168.66
2016-08-26T16:00,16.45,,35.45,24.15,41.71,89.96,179.2
2016-08-26T17:00,16.45,,35.45,24.15,38.74,80.34,173.89
2016-08-26T18:00,18.3,,35.45,23.65,37.29,74.84,168.66
2016-08-26T19:00,20.91,,35.45,24.15,35.87,78.49,168.66
2016-08-26T20:00,21.59,,35.45,23.65,35.87,84.12,166.08
2016-08-26T21:00,21.59,,35.45,23.65,34.48,82.22,166.08
2016-08-26T22:00,20.24,,35.45,23.65,35.87,78.49,163.51
2016-08-26T23:00,18.93,,35.45,23.65,37.29,82.22,158.44
2016-08-27T00:00,18.3,,35.45,23.65,37.29,87.99,158.44
2016-08-27T01:00,17.06,,35.45,23.65,37.29,87.99,166.08
2016-08-27T02:00,16.45,,34.35,23.65,35.87,86.05,168.66
2016-08-27T03:00,15.86,,34.35,23.65,34.48,87.99,168.66
2016-08-27T04:00,15.86,,34.35,23.65,33.11,87.99,166.08
2016-08-27T05:00,15.28,,33.27,23.14,31.77,84.12,168.66
2016-08-27T06:00,15.28,,33.27,23.14,29.18,87.99,163.51
2016-08-27T07:00,14.71,,32.2,23.14,29.18,86.05,163.51
2016-08-27T08:00,14.71,,32.2,22.65,27.92,82.22,163.51
2016-08-27T09:00,14.15,,32.2,23.14,26.7,82.22,163.51
2016-08-27T10:00,14.15,,31.15,23.14,24.33,80.34,160.97
2016-08-27T11:00,13.6,,31.15,22.65,23.18,82.22,158.44
2016-08-27T12:00,13.6,,31.15,22.65,22.06,78.49,155.94
2016-08-27T13:00,13.6,,30.09,22.65,20.97,74.84,155.94
2016-08-27T14:00,13.06,,30.09,22.16,19.91,74.84,150.99
2016-08-27T15:00,13.06,,30.09,22.16,19.91,73.04,150.99
2016-08-27T16:00,13.06,,29.41,22.16,18.88,74.84,148.54
2016-08-27T17:00,12.53,,29.41,22.16,17.87,69.52,148.54
2016-08-27T18:00,12.53,,29.41,22.16,16.89,69.52,146.12
2016-08-27T19:00,12.01,,28.74,22.16,15.94,69.52,143.71
2016-08-27T20:00,12.01,,28.74,22.16,15.94,67.8,141.33
2016-08-27T21:00,12.01,,28.74,21.68,15.02,66.09,141.33
2016-08-27T22:00,11.51,,28.08,21.68,14.12,66.09,141.33
2016-08-27T23:00,11.51,,28.08,21.2,13.25,66.09,138.96
2016-08-28T00:00,11.01,,27.42,21.2,12.41,66.09,138.96
2016-08-28T01:00,11.01,,27.42,21.2,12.41,64.41,136.62
2016-08-28T02:00,11.01,,27.42,21.2,11.6,64.41,138.96
2016-08-28T03:00,11.01,,26.77,21.2,10.81,64.41,136.62
2016-08-28T04:00,10.53,,26.77,21.2,10.81,64.41,134.29
2016-08-28T05:00,10.53,,26.77,20.72,10.05,62.74,136.62
2016-08-28T06:00,10.53,,26.13,20.72,9.32,61.1,134.29
2016-08-28T07:00,10.06,,26.13,20.72,8.62,61.1,134.29
2016-08-28T08:00,10.06,,25.5,20.25,8.62,59.49,131.99
2016-08-28T09:00,10.06,,25.5,20.72,7.94,59.49,131.99
2016-08-28T10:00,10.06,,25.5,20.72,7.29,59.49,131.99
2016-08-28T11:00,10.06,,25.5,20.72,7.29,57.89,129.7
2016-08-28T12:00,10.06,,24.87,20.25,6.67,59.49,129.7
2016-08-28T13:00,10.06,,24.87,20.25,6.67,57.89,127.43
2016-08-28T14:00,9.59,,24.87,19.79,6.08,57.89,127.43
2016-08-28T15:00,9.59,,24.87,20.25,5.52,56.31,125.19
2016-08-28T16:00,9.59,,24.25,19.79,5.52,56.31,125.19
2016-08-28T17:00,9.59,,24.25,19.79,5.52,56.31,125.19
2016-08-28T18:00,9.59,,24.25,19.79,4.98,54.76,122.96
2016-08-28T19:00,9.59,,24.25,19.79,4.98,56.31,122.96
2016-08-28T20:00,9.59,,23.64,19.79,4.98,54.76,122.96
2016-08-28T21:00,9.59,,23.64,19.33,4.98,56.31,120.76
2016-08-28T22:00,10.06,,23.64,19.79,4.47,54.76,122.96
2016-08-28T23:00,10.06,,23.04,19.33,4.47,54.76,120.76
2016-08-29T00:00,10.06,,23.04,19.33,3.99,53.23,122.96
2016-08-29T01:00,10.06,,23.04,19.33,3.99,54.76,122.96
2016-08-29T02:00,10.06,,23.04,19.33,3.99,53.23,122.96
2016-08-29T03:00,10.06,,23.04,19.33,3.99,53.23,120.76
2016-08-29T04:00,10.06,,23.04,19.33,3.99,53.23,120.76
2016-08-29T05:00,10.53,,23.04,19.33,3.53,54.76,120.76
2016-08-29T06:00,11.51,,23.64,19.33,3.53,53.23,120.76
2016-08-29T07:00,13.06,,23.64,19.79,3.99,54.76,120.76
2016-08-29T08:00,14.15,,24.25,19.79,3.99,54.76,118.57
2016-08-29T09:00,15.86,,24.87,19.79,3.99,56.31,120.76
2016-08-29T10:00,18.3,,24.87,19.79,4.47,56.31,120.76
2016-08-29T11:00,20.24,,24.87,20.25,4.98,61.1,122.96
2016-08-29T12:00,22.28,,26.13,20.72,6.08,62.74,122.96
2016-08-29T13:00,24.42,,27.42,20.72,7.29,64.41,127.43
2016-08-29T14:00,26.65,,28.74,21.2,8.62,67.8,129.7
2016-08-29T15:00,29.78,,33.27,22.65,11.6,74.84,131.99
2016-08-29T16:00,33.94,,38.85,24.15,15.02,76.65,136.62
2016-08-29T17:00,38.38,,44.86,25.7,20.97,86.05,143.71
2016-08-29T18:00,42.12,,51.31,27.84,33.11,95.99,153.45
2016-08-29T19:00,49.09,,58.19,28.94,56.48,122.06,168.66
2016-08-29T20:00,52.24,,64.0,30.64,99.63,159.05,190.06
2016-08-29T21:00,54.39,,70.1,30.64,135.16,215.97,227.55
2016-08-29T22:00,59.96,,79.76,30.07,176.08,267.76,288.42
2016-08-29T23:00,70.69,,93.6,30.07,208.63,317.64,364.08
2016-08-30T00:00,82.29,,102.82,31.21,251.32,392.15,395.22
2016-08-30T01:00,87.73,,108.56,33.57,281.99,425.87,469.95
2016-08-30T02:00,93.34,,120.5,35.39,314.43,462.79,523.36
2016-08-30T03:00,105.09,,135.22,34.17,357.45,488.14,555.85
2016-08-30T04:00,112.78,,150.79,33.57,384.59,517.47,594.17
2016-08-30T05:00,132.36,,172.05,37.89,417.51,544.26,638.81
2016-08-30T06:00,137.5,,194.72,44.14,461.81,639.67,648.95
2016-08-30T07:00,166.57,,213.31,62.88,497.82,673.19,695.57
2016-08-30T08:00,170.4,,241.35,69.86,546.1,730.94,732.94
2016-08-30T09:00,180.16,,256.02,84.92,585.19,799.28,776.85
2016-08-30T10:00,186.15,,265.03,105.82,631.53,840.9,810.63
2016-08-30T11:00,188.17,,280.39,114.83,655.36,887.9,987.36
2016-08-30T12:00,206.82,,302.62,133.93,755.09,896.59,1070.03
2016-08-30T13:00,258.48,,312.41,165.35,667.44,994.9,1134.22
2016-08-30T14:00,295.28,,335.85,182.3,873.43,1022.6,1211.47
2016-08-30T15:00,256.12,,346.16,194.05,891.16,1050.67,1314.53
2016-08-30T16:00,256.12,,360.14,244.76,1098.0,1139.4,1361.68
2016-08-30T17:00,297.82,,396.32,265.29,1029.85,1266.25,1508.13
2016-08-30T18:00,331.83,,411.27,339.7,1010.78,1332.19,1622.88
2016-08-30T19:00,295.28,,453.82,347.64,973.17,1372.56,1648.94
2016-08-30T20:00,,,481.99,355.68,1068.52,1469.09,1635.88
2016-08-30T21:00,,,519.46,339.7,1199.14,1605.35,1878.93
2016-08-30T22:00,,,707.86,423.29,1219.91,1709.62,1963.68
2016-08-30T23:00,,,914.08,496.78,1261.97,1732.39,2021.22
2016-08-31T00:00,,,,862.06,900.09,1605.35,2050.3
2016-08-31T01:00,,,,939.22,1684.85,2332.86,1977.99
2016-08-31T02:00,,,,887.41,2031.93,2458.22,2352.55
2016-08-31T03:00,,,,776.22,2367.72,2324.04,2447.27
2016-08-31T04:00,,,,837.07,2224.69,,2675.56
2016-08-31T05:00,,,,661.39,1978.46,,2527.63
2016-08-31T06:00,,,,506.38,1359.22,,2138.79
2016-08-31T07:00,,,,423.29,945.43,,1837.25
2016-08-31T08:00,,,,339.7,788.05,,1495.64
2016-08-31T09:00,,,,286.65,675.63,,1349.82
2016-08-31T10:00,,,,231.81,596.98,,1222.71
2016-08-31T11:00,,,,217.9,509.03,,1059.52
2016-08-31T12:00,,,,197.85,454.29,,937.37
2016-08-31T13:00,,,,176.71,390.24,,856.77
2016-08-31T14:00,,,,178.77,346.36,,810.63
2016-08-31T15:00,,,,143.5,323.53,,771.29
2016-08-31T16:00,,,,145.36,256.37,,722.16
2016-08-31T17:00,,,,139.82,259.71,,685.07
2016-08-31T18:00,,,,147.23,224.16,,643.87
2016-08-31T19:00,,,,138.0,224.16,,648.95
2016-08-31T20:00,,,,154.83,211.88,,565.31
2016-08-31T21:00,,,,136.19,208.86,,594.17
2016-08-31T22:00,,,,139.82,221.05,,594.17
2016-08-31T23:00,,,,136.19,205.87,,579.65
2016-09-01T00:00,,,,127.32,191.22,,551.15
