river,kp,design_hwl_m_msl,trace_left_m_msl,levee_left,trace_right_m_msl,levee_right
Tokachi,2.4,5.1000000000000005,1.215,ウツナイ築堤,1.394,大津築堤
Tokachi,2.6,5.3,1.598,ウツナイ築堤,1.485,大津築堤
Tokachi,2.8,5.52,1.686,ウツナイ築堤,1.64,大津築堤
Tokachi,3.0,5.73,1.802,ウツナイ築堤,1.764,大津築堤
Tokachi,3.2,5.83,2.217,ウツナイ築堤,1.848,大津築堤
Tokachi,3.4,5.9399999999999995,2.386,ウツナイ築堤,1.962,大津築堤
Tokachi,3.6,6.04,2.738,ウツナイ築堤,1.997,大津築堤
Tokachi,3.8,6.12,2.831,ウツナイ築堤,2.144,大津築堤
Tokachi,4.0,6.25,2.95,ウツナイ築堤,2.22,大津築堤
Tokachi,4.2,6.36,3.04,ウツナイ築堤,2.399,大津築堤
Tokachi,4.4,6.47,3.073,ウツナイ築堤,2.504,大津築堤
Tokachi,4.6,6.57,3.069,ウツナイ築堤,2.644,大津築堤
Tokachi,4.8,6.670000000000001,3.088,ウツナイ築堤,2.874,大津築堤
Tokachi,5.0,6.779999999999999,3.135,ウツナイ築堤,3.091,大津築堤
Tokachi,5.2,6.89,3.13,トイトッキ築堤,3.362,大津築堤
Tokachi,5.4,6.9799999999999995,3.114,トイトッキ築堤,3.698,大津築堤
Tokachi,5.6,7.09,3.596,トイトッキ築堤,4.126,大津築堤
Tokachi,5.8,7.24,3.945,トイトッキ築堤,4.435,大津築堤
Tokachi,6.0,7.390000000000001,4.227,トイトッキ築堤,4.649,大津築堤
Tokachi,6.2,7.590000000000001,4.488,トイトッキ築堤,,（無堤区間）
Tokachi,6.4,7.66,4.827,トイトッキ築堤,,（無堤区間）
Tokachi,6.6,7.73,5.056,トイトッキ築堤,,（無堤区間）
Tokachi,6.8,7.800000000000001,5.255,トイトッキ築堤,,（無堤区間）
Tokachi,7.0,7.860000000000001,5.433,トイトッキ築堤,,（無堤区間）
Tokachi,7.2,7.91,5.766,トイトッキ築堤,,（無堤区間）
Tokachi,7.4,7.960000000000001,6.006,トイトッキ築堤,6.312,旅来築堤
Tokachi,7.6,8.0,6.214,トイトッキ築堤,6.523,旅来築堤
Tokachi,7.8,8.05,6.41,トイトッキ築堤,6.759,旅来築堤
Tokachi,8.0,8.1,6.527,トイトッキ築堤,6.902,旅来築堤
Tokachi,8.2,8.15,7.232,トイトッキ築堤,7.065,旅来築堤
Tokachi,8.4,8.21,7.31,トイトッキ築堤,7.333,旅来築堤
Tokachi,8.6,8.25,7.361,トイトッキ築堤,7.18,旅来築堤
Tokachi,8.8,8.31,7.673,トイトッキ築堤,7.327,旅来築堤
Tokachi,9.0,8.360000000000001,7.7728,トイトッキ築堤,7.394,旅来築堤
Tokachi,9.2,8.41,7.728,トイトッキ築堤,7.809,旅来築堤
Tokachi,9.4,8.47,7.988,トイトッキ築堤,7.541,旅来築堤
Tokachi,9.6,8.52,8.219,トイトッキ築堤,7.712,旅来築堤
Tokachi,9.8,8.58,8.199,トイトッキ築堤,7.658,旅来築堤
Tokachi,10.0,8.64,8.151,トイトッキ築堤,7.956,旅来築堤
Tokachi,10.2,8.69,8.24,トイトッキ築堤,8.176,旅来築堤
Tokachi,10.4,8.74,8.844,トイトッキ築堤,8.28,旅来築堤
Tokachi,10.6,8.790000000000001,9.01,トイトッキ築堤,8.382,旅来築堤
Tokachi,10.8,8.83,8.296,トイトッキ築堤,8.375,旅来築堤
Tokachi,11.0,8.860000000000001,8.499,トイトッキ築堤,8.763,旅来築堤
Tokachi,11.2,8.89,8.354,トイトッキ築堤,8.729,旅来築堤
Tokachi,11.4,8.92,8.748,トイトッキ築堤,8.881,旅来築堤
Tokachi,11.6,8.96,9.725,トイトッキ築堤,8.903,旅来築堤
Tokachi,11.8,8.99,9.515,トイトッキ築堤,8.786,旅来築堤
Tokachi,12.0,9.02,9.772,トイトッキ築堤,8.859,旅来築堤
Tokachi,12.2,9.07,9.639,幌岡築堤,9.039,旅来築堤
Tokachi,12.4,9.120000000000001,10.259,幌岡築堤,9.085,旅来築堤
Tokachi,12.6,9.18,9.753,幌岡築堤,9.622,旅来築堤
Tokachi,12.8,9.280000000000001,9.774,幌岡築堤,9.711,旅来築堤
Tokachi,13.0,9.38,9.913,幌岡築堤,9.831,旅来築堤
Tokachi,13.2,9.48,10.211,幌岡築堤,9.897,旅来築堤
Tokachi,13.4,9.56,10.129,幌岡築堤,9.98,旅来築堤
Tokachi,13.6,9.63,10.142,幌岡築堤,9.953,旅来築堤
Tokachi,13.8,9.69,10.207,幌岡築堤,10.03,旅来築堤
Tokachi,14.0,9.74,10.38,幌岡築堤,10.08,旅来築堤
Tokachi,14.2,9.790000000000001,10.402,幌岡築堤,10.199,旅来築堤
Tokachi,14.4,9.83,10.398,幌岡築堤,10.197,旅来築堤
Tokachi,14.6,9.870000000000001,10.418,幌岡築堤,10.445,旅来築堤
Tokachi,14.8,9.9,11.067,幌岡築堤,10.244,旅来築堤
Tokachi,15.0,9.950000000000001,10.799,幌岡築堤,10.296,旅来築堤
Tokachi,15.2,10.0,10.87,幌岡築堤,10.284,旅来築堤
Tokachi,15.4,10.06,10.934,幌岡築堤,10.294,旅来築堤
Tokachi,15.6,10.13,11.267,幌岡築堤,10.393,旅来築堤
Tokachi,15.8,10.18,11.344,幌岡築堤,10.534,旅来築堤
Tokachi,16.0,10.23,11.093,幌岡築堤,10.563,旅来築堤
Tokachi,16.2,10.27,11.134,幌岡築堤,10.735,旅来築堤
Tokachi,16.4,10.35,11.291,幌岡築堤,10.421,旅来築堤
Tokachi,16.6,10.4,11.45,幌岡築堤,10.929,旅来築堤
Tokachi,16.8,10.47,11.132,幌岡築堤,,（無堤区間）
Tokachi,17.0,10.51,11.356,幌岡築堤,,（無堤区間）
Tokachi,17.2,10.55,11.444,幌岡築堤,,（無堤区間）
Tokachi,17.4,10.6,11.486,幌岡築堤,,（無堤区間）
Tokachi,17.6,10.65,11.582,幌岡築堤,,（無堤区間）
Tokachi,17.8,10.72,11.565,幌岡築堤,,（無堤区間）
Tokachi,18.0,10.790000000000001,11.626,幌岡築堤,11.289,茂岩築堤
Tokachi,18.2,10.85,11.66,幌岡築堤,11.548,茂岩築堤
Tokachi,18.4,10.9,11.729,幌岡築堤,11.667,茂岩築堤
Tokachi,18.6,10.950000000000001,11.876,幌岡築堤,11.729,茂岩築堤
Tokachi,18.8,11.01,11.851,幌岡築堤,11.784,茂岩築堤
Tokachi,19.0,11.06,11.661,幌岡築堤,11.857,茂岩築堤
Tokachi,19.2,11.13,11.934,幌岡築堤,11.953,茂岩築堤
Tokachi,19.4,11.18,12.115,幌岡築堤,11.97,茂岩築堤
Tokachi,19.6,11.23,12.145,幌岡築堤,12.086,茂岩築堤
Tokachi,19.8,11.280000000000001,11.893,幌岡築堤,12.101,茂岩築堤
Tokachi,20.0,11.34,12.226,幌岡築堤,12.176,茂岩築堤
Tokachi,20.2,11.39,11.973,幌岡築堤,12.19,茂岩築堤
Tokachi,20.4,11.450000000000001,12.037,幌岡築堤,12.332,茂岩築堤
Tokachi,20.6,11.51,12.247,幌岡築堤,12.456,茂岩築堤
Tokachi,20.8,11.57,12.185,幌岡築堤,12.589,茂岩築堤
Tokachi,21.0,11.610000000000001,12.225,育素多築堤,12.602,茂岩築堤
Tokachi,21.2,11.69,12.348,育素多築堤,12.661,茂岩築堤
Tokachi,21.4,11.77,12.428,育素多築堤,12.689,茂岩築堤
Tokachi,21.6,11.84,12.513,育素多築堤,12.848,茂岩築堤
Tokachi,21.8,11.91,12.603,育素多築堤,12.898,礼作別築堤
Tokachi,22.0,11.99,12.814,育素多築堤,12.984,礼作別築堤
Tokachi,22.2,12.06,12.924,育素多築堤,13.015,礼作別築堤
Tokachi,22.4,12.120000000000001,12.575,育素多築堤,13.024,礼作別築堤
Tokachi,22.6,12.19,12.895,育素多築堤,13.048,礼作別築堤
Tokachi,22.8,12.25,12.774,育素多築堤,13.092,礼作別築堤
Tokachi,23.0,12.32,12.844,育素多築堤,13.099,礼作別築堤
Tokachi,23.2,12.39,13.061,育素多築堤,13.121,礼作別築堤
Tokachi,23.4,12.46,13.101,育素多築堤,13.116,礼作別築堤
Tokachi,23.6,12.540000000000001,13.408,育素多築堤,12.989,礼作別築堤
Tokachi,23.8,12.6,13.348,育素多築堤,13.153,礼作別築堤
Tokachi,24.0,12.67,13.375,育素多築堤,13.192,礼作別築堤
Tokachi,24.2,12.74,13.595,育素多築堤,13.388,礼作別築堤
Tokachi,24.4,12.82,13.582,育素多築堤,13.294,礼作別築堤
Tokachi,24.6,12.870000000000001,13.672,育素多築堤,13.686,礼作別築堤
Tokachi,24.8,12.950000000000001,13.679,育素多築堤,13.869,礼作別築堤
Tokachi,25.0,13.01,13.769,育素多築堤,14.084,礼作別築堤
Tokachi,25.2,13.08,13.882,育素多築堤,14.044,礼作別築堤
Tokachi,25.4,13.15,13.762,育素多築堤,14.089,礼作別築堤
Tokachi,25.6,13.22,13.989,育素多築堤,14.155,礼作別築堤
Tokachi,25.8,13.290000000000001,13.839,育素多築堤,14.163,礼作別築堤
Tokachi,26.0,13.360000000000001,13.63,育素多築堤,14.072,礼作別築堤
Tokachi,26.2,13.43,14.1,育素多築堤,14.043,礼作別築堤
Tokachi,26.4,13.5,13.86,育素多築堤,13.929,礼作別築堤
Tokachi,26.6,13.57,13.73,育素多築堤,14.121,礼作別築堤
Tokachi,26.8,13.63,13.982,育素多築堤,14.131,礼作別築堤
Tokachi,27.0,13.700000000000001,14.003,育素多築堤,14.208,礼作別築堤
Tokachi,27.2,13.76,14.253,育素多築堤,14.304,礼作別築堤
Tokachi,27.4,13.83,14.432,育素多築堤,14.654,礼作別築堤
Tokachi,27.6,13.9,14.335,育素多築堤,14.767,礼作別築堤
Tokachi,27.8,13.97,14.365,育素多築堤,14.763,礼作別築堤
Tokachi,28.0,14.040000000000001,14.937,育素多築堤,14.723,礼作別築堤
Tokachi,28.2,14.120000000000001,14.878,育素多築堤,14.383,礼作別築堤
Tokachi,28.4,14.19,15.024,育素多築堤,14.436,礼作別築堤
Tokachi,28.6,14.25,15.093,育素多築堤,14.752,統内築堤
Tokachi,28.8,14.32,15.168,育素多築堤,15.032,統内築堤
Tokachi,29.0,14.4,15.238,育素多築堤,15.012,統内築堤
Tokachi,29.2,14.46,15.307,育素多築堤,14.992,統内築堤
Tokachi,29.4,14.530000000000001,15.375,育素多築堤,14.888,統内築堤
Tokachi,29.6,14.610000000000001,15.255,千代田築堤,15.238,統内築堤
Tokachi,29.8,14.66,15.84,千代田築堤,14.983,統内築堤
Tokachi,30.0,14.74,16.13,千代田築堤,15.023,統内築堤
Tokachi,30.2,14.81,16.048,千代田築堤,15.273,統内築堤
Tokachi,30.4,14.870000000000001,16.357,千代田築堤,15.403,統内築堤
Tokachi,30.6,14.94,16.635,千代田築堤,15.554,統内築堤
Tokachi,30.8,15.01,15.881,千代田築堤,15.842,統内築堤
Tokachi,31.0,15.06,15.725,千代田築堤,15.822,統内築堤
Tokachi,31.2,15.13,15.911,千代田築堤,15.812,統内築堤
Tokachi,31.4,15.21,15.853,千代田築堤,15.95,統内築堤
Tokachi,31.6,15.280000000000001,15.956,千代田築堤,16.03,統内築堤
Tokachi,31.8,15.35,16.043,千代田築堤,16.0,統内築堤
Tokachi,32.0,15.42,16.055,千代田築堤,16.274,統内築堤
Tokachi,32.2,15.5,16.11,千代田築堤,16.254,統内築堤
Tokachi,32.4,15.55,16.163,千代田築堤,16.384,統内築堤
Tokachi,32.6,15.620000000000001,16.34,千代田築堤,16.494,統内築堤
Tokachi,32.8,15.69,16.497,千代田築堤,16.639,統内築堤
Tokachi,33.0,15.750000000000002,16.18,千代田築堤,16.659,統内築堤
Tokachi,33.2,15.83,16.22,千代田築堤,16.668,統内築堤
Tokachi,33.4,15.889999999999999,16.39,千代田築堤,16.598,統内築堤
Tokachi,33.6,15.959999999999999,16.675,千代田築堤,16.868,統内築堤
Tokachi,33.8,16.02,16.837,千代田築堤,16.89,統内築堤
Tokachi,34.0,16.09,16.882,千代田築堤,16.86,統内築堤
Tokachi,34.2,16.18,16.963,千代田築堤,17.02,統内築堤
Tokachi,34.4,16.27,16.887,千代田築堤,17.042,統内築堤
Tokachi,34.6,16.349999999999998,17.054,千代田築堤,16.932,統内築堤
Tokachi,34.8,16.439999999999998,17.173,千代田築堤,17.112,統内築堤
Tokachi,35.0,16.54,17.33,千代田築堤,17.325,統内築堤
Tokachi,35.2,16.619999999999997,17.657,千代田築堤,17.375,統内築堤
Tokachi,35.4,16.709999999999997,17.693,千代田築堤,17.805,統内築堤
Tokachi,35.6,16.81,17.603,千代田築堤,17.698,統内築堤
Tokachi,35.8,16.9,17.631,千代田築堤,17.783,統内築堤
Tokachi,36.0,17.0,17.825,千代田築堤,17.675,統内築堤
Tokachi,36.2,17.1,18.088,千代田築堤,17.803,統内築堤
Tokachi,36.4,17.2,18.018,千代田築堤,18.119,統内築堤
Tokachi,36.6,17.29,18.348,千代田築堤,18.334,統内築堤
Tokachi,36.8,17.39,18.72,千代田築堤,18.552,統内築堤
Tokachi,37.0,17.48,18.896,千代田築堤,18.676,統内築堤
Tokachi,37.2,17.57,18.969,千代田築堤,19.024,統内築堤
Tokachi,37.4,17.68,19.044,千代田築堤,19.529,統内築堤
Tokachi,37.6,17.78,18.869,千代田築堤,20.536,統内築堤
Tokachi,37.8,17.87,19.169,千代田築堤,20.027,統内築堤
Tokachi,38.0,17.97,19.175,千代田築堤,19.596,統内築堤
Tokachi,38.2,18.1,19.189,千代田築堤,19.51,統内築堤
Tokachi,38.4,18.26,19.773,千代田築堤,19.624,猿別川合流堤外地内
Tokachi,38.6,18.46,19.75,千代田築堤,19.382,猿別川合流堤外地内
Tokachi,38.8,18.51,19.874,千代田築堤,19.977,相川築堤
Tokachi,39.0,18.63,19.855,千代田築堤,19.949,相川築堤
Tokachi,39.2,18.74,20.125,千代田築堤,19.927,相川築堤
Tokachi,39.4,18.830000000000002,20.037,千代田築堤,20.092,相川築堤
Tokachi,39.6,18.9,19.77,千代田築堤,20.082,相川築堤
Tokachi,39.8,19.01,19.941,千代田築堤,19.987,相川築堤
Tokachi,40.0,19.1,20.726,千代田築堤,19.981,相川築堤
Tokachi,40.2,19.21,19.713,千代田築堤,20.229,相川築堤
Tokachi,40.4,19.32,20.032,千代田築堤,20.018,相川築堤
Tokachi,40.6,19.41,20.35,（無堤区間）,20.153,相川築堤
Tokachi,40.8,19.55,,（無堤区間）,20.26,相川築堤
Tokachi,41.0,19.680000000000003,,（無堤区間）,20.113,相川築堤
Tokachi,41.2,19.82,,（無堤区間）,20.575,相川築堤
Tokachi,41.4,19.96,,（無堤区間）,20.637,相川築堤
Tokachi,41.6,20.14,,（無堤区間）,20.55,相川築堤
Tokachi,41.8,20.330000000000002,,（無堤区間）,20.625,相川築堤
Tokachi,42.0,20.5,,（無堤区間）,20.732,相川築堤
Tokachi,42.2,20.67,,（無堤区間）,20.856,相川築堤
Tokachi,42.4,20.85,,（無堤区間）,20.981,相川築堤
Tokachi,42.6,21.0,,（無堤区間）,21.153,相川築堤
Tokachi,42.8,21.14,,（無堤区間）,21.293,相川築堤
Tokachi,43.0,21.28,,（無堤区間）,21.412,相川築堤
Tokachi,43.2,21.450000000000003,,（無堤区間）,21.611,相川築堤
Tokachi,43.4,21.590000000000003,,（無堤区間）,21.897,相川築堤
Tokachi,43.6,21.880000000000003,,（無堤区間）,21.965,相川築堤
Tokachi,43.8,22.060000000000002,,（無堤区間）,22.143,相川築堤
Tokachi,44.0,22.35,,（無堤区間）,21.819,相川築堤
Tokachi,44.2,22.56,,（無堤区間）,22.235,相川築堤
Tokachi,44.4,22.79,,（無堤区間）,22.588,相川築堤
Tokachi,44.6,22.95,,（無堤区間）,22.806,相川築堤
Tokachi,44.8,23.2,,（無堤区間）,23.019,相川築堤
Tokachi,45.0,23.49,,（無堤区間）,23.088,相川築堤
Tokachi,45.2,23.69,,（無堤区間）,23.76,相川築堤
Tokachi,45.4,23.95,,（無堤区間）,24.328,相川築堤
Tokachi,45.6,24.2,,（無堤区間）,24.857,相川築堤
Tokachi,45.8,24.419999999999998,,（無堤区間）,25.142,相川築堤
Tokachi,46.0,24.64,,（無堤区間）,25.442,相川築堤
Tokachi,46.2,24.94,,（無堤区間）,25.742,相川築堤
Tokachi,46.4,25.16,,（無堤区間）,25.872,相川築堤
Tokachi,46.6,25.39,,（無堤区間）,26.127,相川築堤
Tokachi,46.8,25.62,,（無堤区間）,25.813,相川築堤
Tokachi,47.0,25.9,,（無堤区間）,26.022,相川築堤
Tokachi,47.2,26.14,,（無堤区間）,26.888,札内築堤
Tokachi,47.4,26.37,,（無堤区間）,26.972,札内築堤
Tokachi,47.6,26.669999999999998,,（無堤区間）,27.271,札内築堤
Tokachi,47.8,27.0,,（無堤区間）,27.507,札内築堤
Tokachi,48.0,27.21,27.858,（無堤区間）,27.541,札内築堤
Tokachi,48.2,27.48,28.001,（無堤区間）,27.578,札内築堤
Tokachi,48.4,27.71,27.747,（無堤区間）,28.298,札内築堤
Tokachi,48.6,27.94,28.096,（無堤区間）,28.486,札内築堤
Tokachi,48.8,28.080000000000002,27.917,（無堤区間）,28.561,札内築堤
Tokachi,49.0,28.25,27.783,（無堤区間）,28.659,札内築堤
Tokachi,49.2,28.53,28.345,（無堤区間）,28.848,札内築堤
Tokachi,49.4,28.740000000000002,28.544,（無堤区間）,29.088,札内築堤
Tokachi,49.6,28.990000000000002,29.386,（無堤区間）,29.389,札内築堤
Tokachi,49.8,29.150000000000002,29.586,下士幌築堤,29.62,札内築堤
Tokachi,50.0,29.43,29.902,下士幌築堤,30.068,札内築堤
Tokachi,50.2,29.700000000000003,30.032,下士幌築堤,30.114,札内築堤
Tokachi,50.4,29.970000000000002,,（無堤区間）,30.393,札内築堤
Tokachi,50.6,30.21,,（無堤区間）,30.64,札内築堤
Tokachi,50.8,30.44,,（無堤区間）,30.73,札内築堤
Tokachi,51.0,30.650000000000002,,（無堤区間）,30.895,札内築堤
Tokachi,51.2,30.94,,（無堤区間）,31.015,札内築堤
Tokachi,51.4,31.13,,（無堤区間）,31.343,札内築堤
Tokachi,51.6,31.36,,（無堤区間）,31.608,札内築堤
Tokachi,51.8,31.59,,（無堤区間）,31.784,札内築堤
Tokachi,52.0,31.75,,（無堤区間）,31.848,札内築堤　札内川合流部
Tokachi,52.2,32.06,,（無堤区間）,32.092,札内築堤　札内川合流部
Tokachi,52.4,32.28,,（無堤区間）,32.247,札内築堤　札内川合流部
Tokachi,52.6,32.48,,（無堤区間）,32.685,札内築堤　札内川合流部
Tokachi,52.8,32.73,,（無堤区間）,32.852,札内築堤　札内川合流部
Tokachi,53.0,32.96,,（無堤区間）,32.956,札内築堤　札内川合流部
Tokachi,53.2,33.21,,（無堤区間）,33.65,札内築堤　札内川合流部
Tokachi,53.4,33.43,,（無堤区間）,34.331,札内築堤　札内川合流部
Tokachi,53.6,33.68,32.595,下士幌築堤,33.606,北帯広築堤
Tokachi,53.8,33.92,33.063,下士幌築堤,33.716,北帯広築堤
Tokachi,54.0,34.12,33.723,下士幌築堤,34.171,北帯広築堤
Tokachi,54.2,34.42,33.718,下士幌築堤,34.191,北帯広築堤
Tokachi,54.4,34.7,34.029,下士幌築堤,34.307,北帯広築堤
Tokachi,54.6,35.03,34.132,下士幌築堤,34.778,北帯広築堤
Tokachi,54.8,35.32,35.28,下士幌築堤,34.928,北帯広築堤
Tokachi,55.0,35.69,35.46,下士幌築堤,35.524,北帯広築堤
Tokachi,55.2,36.02,35.741,下士幌築堤,35.805,北帯広築堤
Tokachi,55.4,36.36,36.101,下士幌築堤,36.158,北帯広築堤
Tokachi,55.6,36.71,36.588,下士幌築堤,36.523,北帯広築堤
Tokachi,55.8,37.0,37.242,下士幌築堤　音更川合流部,37.055,北帯広築堤
Tokachi,56.0,37.3,37.953,音更川合流部,37.358,北帯広築堤
Tokachi,56.2,37.63,37.683,音更川合流部,37.639,北帯広築堤
Tokachi,56.4,37.92,37.989,音更川合流部,38.286,北帯広築堤
Tokachi,56.6,38.14,38.009,音更川合流部,38.64,北帯広築堤
Tokachi,56.8,38.39,38.259,音更川合流部,38.685,北帯広築堤
Tokachi,57.0,38.63,38.602,音更川合流部,39.017,北帯広築堤
Tokachi,57.2,38.91,38.905,音更川合流部,39.2,北帯広築堤
Tokachi,57.4,39.21,39.328,音更川合流部,39.658,北帯広築堤
Tokachi,57.6,39.43,39.903,音更川合流部,39.667,北帯広築堤
Tokachi,57.8,39.67,,（無堤区間）,40.039,北帯広築堤
Tokachi,58.0,39.93,,（無堤区間）,40.311,北帯広築堤
Tokachi,58.2,40.23,,（無堤区間）,40.536,北帯広築堤
Tokachi,58.4,40.46,,（無堤区間）,40.638,北帯広築堤
Tokachi,58.6,40.79,,（無堤区間）,40.52,北帯広築堤
Tokachi,58.8,41.03,,（無堤区間）,40.75,北帯広築堤
Tokachi,59.0,41.37,,（無堤区間）,41.345,北帯広築堤
Tokachi,59.2,41.62,,（無堤区間）,41.335,北帯広築堤
Tokachi,59.4,41.86,,（無堤区間）,41.72,北帯広築堤
Tokachi,59.6,42.19,,（無堤区間）,41.742,北帯広築堤
Tokachi,59.8,42.5,,（無堤区間）,41.819,北帯広築堤
Tokachi,60.0,42.75,42.325,然別築堤,42.296,北帯広築堤
Tokachi,60.2,43.13,42.521,然別築堤,42.303,北帯広築堤
Tokachi,60.4,43.46,42.826,然別築堤,42.471,北帯広築堤
Tokachi,60.6,43.73,43.138,然別築堤,42.884,北帯広築堤
Tokachi,60.8,44.07,43.354,然別築堤,43.021,北帯広築堤
Tokachi,61.0,44.37,43.658,然別築堤,43.65,北帯広築堤
Tokachi,61.2,44.68,44.6,然別築堤,44.171,北帯広築堤
Tokachi,61.4,45.14,44.221,然別築堤,44.299,北帯広築堤
Tokachi,61.6,45.56,44.346,然別築堤,44.961,北帯広築堤
Tokachi,61.8,45.83,45.162,然別築堤,45.617,北帯広築堤
Tokachi,62.0,46.39,46.246,西士狩築堤,45.729,北帯広築堤
Tokachi,62.2,46.58,46.296,西士狩築堤,46.2,北帯広築堤
Tokachi,62.4,46.89,46.568,西士狩築堤,46.247,北帯広築堤
Tokachi,62.6,47.26,46.772,西士狩築堤,46.567,北帯広築堤
Tokachi,62.8,47.67,47.215,西士狩築堤,47.404,北帯広築堤
Tokachi,63.0,48.13,47.548,西士狩築堤,47.749,西帯広築堤
Tokachi,63.2,48.47,47.97,西士狩築堤,47.933,西帯広築堤
Tokachi,63.4,48.8,48.406,西士狩築堤,47.817,西帯広築堤
Tokachi,63.6,49.2,48.865,西士狩築堤,48.104,西帯広築堤
Tokachi,63.8,49.59,49.195,西士狩築堤,49.184,西帯広築堤
Tokachi,64.0,49.96,49.735,西士狩築堤,49.738,西帯広築堤
Tokachi,64.2,50.33,50.344,西士狩築堤,50.185,西帯広築堤
Tokachi,64.4,50.71,50.968,西士狩築堤,50.69,西帯広築堤
Tokachi,64.6,51.13,51.142,西士狩築堤,50.674,西帯広築堤
Tokachi,64.8,51.54,51.322,西士狩築堤,50.94,西帯広築堤
Tokachi,65.0,51.96,51.362,西士狩築堤,51.562,西帯広築堤
Tokachi,65.2,52.28,51.809,西士狩築堤,51.785,西帯広築堤
Tokachi,65.4,52.68,52.184,西士狩築堤,51.791,西帯広築堤
Tokachi,65.6,53.03,52.378,西士狩築堤,51.959,西帯広築堤
Tokachi,65.8,53.31,52.741,美蔓築堤,52.958,西帯広築堤
Tokachi,66.0,53.7,52.986,美蔓築堤,52.888,西帯広築堤
Tokachi,66.2,54.05,53.346,美蔓築堤,53.425,西帯広築堤
Tokachi,66.4,54.39,53.812,美蔓築堤,,（無堤区間）
Tokachi,66.6,54.72,54.196,美蔓築堤,,（無堤区間）
Tokachi,66.8,55.09,54.168,美蔓築堤,,（無堤区間）
Tokachi,67.0,55.51,54.931,美蔓築堤,,（無堤区間）
Tokachi,67.2,55.88,55.539,美蔓築堤,,（無堤区間）
Tokachi,67.4,56.27,56.5,美蔓築堤,,（無堤区間）
Tokachi,67.6,56.55,56.115,美蔓築堤,,（無堤区間）
Tokachi,67.8,56.94,56.0,美蔓築堤,,（無堤区間）
Tokachi,68.0,57.36,56.66,美蔓築堤,,（無堤区間）
Tokachi,68.2,57.82,56.89,美蔓築堤,,（無堤区間）
Tokachi,68.4,58.41,58.07,美蔓築堤,,（無堤区間）
Tokachi,68.6,58.83,58.43,美蔓築堤,,（無堤区間）
Tokachi,68.8,59.28,58.68,美蔓築堤,,（無堤区間）
Tokachi,69.0,59.72,59.81,美蔓築堤,,（無堤区間）　美生川合流部
Tokachi,69.2,60.05,60.37,美蔓築堤,,（無堤区間）　美生川合流部
Tokachi,69.4,60.61,60.51,美蔓築堤,,（無堤区間）　美生川合流部
Tokachi,69.6,61.14,61.41,美蔓築堤,61.442,ピウカ築堤
Tokachi,69.8,61.44,61.51,美蔓築堤,61.582,ピウカ築堤
Tokachi,70.0,61.96,61.99,美蔓築堤,62.179,ピウカ築堤
Tokachi,70.2,62.42,62.17,芽室太築堤,62.635,ピウカ築堤
Tokachi,70.4,62.79,62.33,芽室太築堤,62.792,ピウカ築堤
Tokachi,70.6,63.24,62.41,芽室太築堤,62.654,ピウカ築堤
Tokachi,70.8,63.6,63.68,芽室太築堤,63.237,ピウカ築堤
Tokachi,71.0,64.04,64.15,芽室太築堤,64.144,ピウカ築堤
Tokachi,71.2,64.61,64.65,芽室太築堤,64.918,ピウカ築堤
Tokachi,71.4,65.1,64.84,芽室太築堤,65.338,ピウカ築堤
Tokachi,71.6,65.72,65.44,芽室太築堤,65.812,ピウカ築堤
Tokachi,71.8,66.32,65.78,芽室太築堤,65.895,ピウカ築堤
Tokachi,72.0,66.89,66.43,芽室太築堤,66.652,ピウカ築堤
Tokachi,72.2,67.41,66.58,芽室太築堤,66.402,芽室築堤
Tokachi,72.4,67.94,66.72,芽室太築堤,66.687,芽室築堤
Tokachi,72.6,68.5,66.94,芽室太築堤,67.004,芽室築堤
Tokachi,72.8,68.97,66.99,芽室太築堤,67.603,芽室築堤
Tokachi,73.0,69.55,68.1,芽室太築堤,67.942,芽室築堤
Tokachi,73.2,70.28,68.44,芽室太築堤,68.52,芽室築堤
Tokachi,73.4,70.76,68.89,芽室太築堤,68.798,芽室築堤
Tokachi,73.6,71.49,69.87,芽室太築堤,69.791,芽室築堤
Tokachi,73.8,72.08,70.43,芽室太築堤,70.18,芽室築堤
Tokachi,74.0,72.7,70.89,芽室太築堤,70.674,芽室築堤
Tokachi,74.2,73.32,71.04,芽室太築堤,71.651,芽室築堤
Tokachi,74.4,74.07,72.18,芽室太築堤,72.475,芽室築堤
Tokachi,74.6,74.83,72.92,芽室太築堤,72.693,中島築堤
Tokachi,74.8,75.46,73.28,芽室太築堤,73.173,中島築堤
Tokachi,75.0,76.22,74.267,芽室太築堤,74.193,中島築堤
Tokachi,75.2,76.77,74.882,芽室太築堤,74.709,中島築堤
Tokachi,75.4,77.43,75.187,芽室太築堤,75.651,中島築堤
Tokachi,75.6,78.03,76.386,芽室太築堤,76.52,中島築堤
Tokachi,75.8,78.72,77.137,芽室太築堤,77.07,中島築堤
Tokachi,76.0,79.48,77.635,芽室太築堤,77.692,中島築堤
Tokachi,76.2,79.98,77.854,芽室太築堤,78.317,中島築堤
Tokachi,76.4,80.44,78.431,芽室太築堤,78.171,中島築堤
Tokachi,76.6,81.08,79.342,芽室太築堤,79.521,中島築堤
Tokachi,76.8,81.59,80.002,芽室太築堤,79.395,御影築堤
Tokachi,77.0,82.17,80.738,芽室太築堤,80.065,御影築堤
Tokachi,77.2,82.86,81.282,芽室太築堤,80.504,御影築堤
Tokachi,77.4,83.56,83.092,芽室太築堤,81.271,御影築堤
Tokachi,77.6,84.21,83.176,芽室太築堤,82.729,御影築堤
Tokachi,77.8,84.79,82.942,芽室太築堤,82.738,御影築堤
Tokachi,78.0,85.61,84.221,芽室太築堤,83.562,御影築堤
Tokachi,78.2,86.22,85.593,芽室太築堤,85.397,御影築堤
Tokachi,78.4,86.68,84.793,芽室太築堤,85.781,御影築堤
Tokachi,78.6,87.46,85.468,芽室太築堤,86.316,御影築堤
Tokachi,78.8,88.02,86.203,芽室太築堤,86.481,御影築堤
Tokachi,79.0,88.73,87.552,芽室太築堤,86.753,御影築堤
Tokachi,79.2,89.37,88.652,芽室太築堤,88.09,御影築堤
Tokachi,79.4,90.09,88.934,芽室太築堤,88.97,御影築堤
Tokachi,79.6,90.73,89.224,芽室太築堤,89.802,御影築堤
Tokachi,79.8,91.34,90.466,芽室太築堤,90.246,御影築堤
Tokachi,80.0,91.89,91.158,芽室太築堤,90.71,御影築堤
Tokachi,80.2,92.53,91.976,芽室太築堤,91.675,御影築堤
Tokachi,80.4,93.22,92.806,熊牛築堤,92.341,羽帯築堤
Tokachi,80.6,94.01,93.286,熊牛築堤,93.48,羽帯築堤
Tokachi,80.8,94.93,94.759,熊牛築堤,94.276,羽帯築堤
Tokachi,81.0,95.45,95.225,熊牛築堤,94.663,羽帯築堤
Tokachi,81.2,96.21000000000001,95.427,熊牛築堤,95.226,羽帯築堤
Tokachi,81.4,97.03,96.246,熊牛築堤,96.119,羽帯築堤
Tokachi,81.6,97.42,96.816,熊牛築堤,96.646,羽帯築堤
Tokachi,81.8,98.27,98.41,熊牛築堤,97.596,羽帯築堤
Tokachi,82.0,98.97,98.802,熊牛築堤,98.538,羽帯築堤
Tokachi,82.2,99.7,99.647,熊牛築堤,98.538,羽帯築堤
Tokachi,82.4,100.63,100.399,熊牛築堤,99.418,羽帯築堤
Tokachi,82.6,101.8,101.592,熊牛築堤,101.985,羽帯築堤
Tokachi,82.8,102.39,101.612,熊牛築堤,,（無堤区間）
Tokachi,83.0,102.96000000000001,101.622,熊牛築堤,,（無堤区間）
Tokachi,83.2,103.79,102.967,熊牛築堤,,（無堤区間）
Tokachi,83.4,104.6,104.813,熊牛築堤,,（無堤区間）
Tokachi,83.6,105.45,105.516,熊牛築堤,,（無堤区間）
Tokachi,83.8,106.24,106.19,熊牛築堤,,（無堤区間）
Tokachi,84.0,106.99,107.39,熊牛築堤,,（無堤区間）
Tokachi,84.2,107.61,106.808,熊牛築堤,,（無堤区間）
Tokachi,84.4,108.63,107.466,熊牛築堤,,（無堤区間）
Tokachi,84.6,109.3,107.865,熊牛築堤,,（無堤区間）
Tokachi,84.8,109.97,108.405,熊牛築堤,,（無堤区間）
Tokachi,85.0,110.75,108.791,熊牛築堤,,（無堤区間）
Tokachi,85.2,111.69,109.783,熊牛築堤,,（無堤区間）
Tokachi,85.4,112.42,111.108,熊牛築堤,,（無堤区間）
Tokachi,85.6,113.28,111.599,熊牛築堤,,（無堤区間）
Tokachi,85.8,113.95,112.215,熊牛築堤,,（無堤区間）
Tokachi,86.0,114.61,112.772,熊牛築堤,,（無堤区間）
Tokachi,86.2,115.54,113.67,熊牛築堤,,（無堤区間）
Tokachi,86.4,116.39,114.628,熊牛築堤,,（無堤区間）
Tokachi,86.6,117.11,115.024,熊牛築堤,,（無堤区間）
Tokachi,86.8,117.99,115.494,熊牛築堤,,（無堤区間）
Tokachi,87.0,118.63,115.86,熊牛築堤,,（無堤区間）
Tokachi,87.2,119.77,116.988,熊牛築堤,,（無堤区間）
Tokachi,87.4,120.5,118.772,熊牛築堤,,（無堤区間）
Tokachi,87.6,121.17,119.707,熊牛築堤,,（無堤区間）
Tokachi,87.8,121.99,119.961,熊牛築堤,,（無堤区間）
Tokachi,88.0,123.01,120.627,熊牛築堤,,（無堤区間）
Tokachi,88.2,123.9,121.23,熊牛築堤,,（無堤区間）
Tokachi,88.4,124.5,122.664,熊牛築堤,,（無堤区間）
Tokachi,88.6,125.32000000000001,124.114,熊牛築堤,122.928,人舞築堤
Tokachi,88.8,126.13,125.161,熊牛築堤,,人舞築堤　※ｵｰﾊﾞｰﾊﾝｸﾞ
Tokachi,89.0,126.95,125.445,（無堤区間）,124.251,人舞築堤
Tokachi,89.2,127.77,125.645,（無堤区間）,125.232,人舞築堤
Tokachi,89.4,128.57,126.486,（無堤区間）,,人舞築堤　※ｵｰﾊﾞｰﾊﾝｸﾞ
Tokachi,89.6,129.45,127.449,（無堤区間）,126.891,人舞築堤
Tokachi,89.8,130.62,,（無堤区間）,129.185,人舞築堤
Tokachi,90.0,131.49,,（無堤区間）,128.75,ニトマップ築堤
Tokachi,90.2,132.38,,（無堤区間）,129.567,ニトマップ築堤
Tokachi,90.4,133.31,,（無堤区間）,130.067,ニトマップ築堤
Tokachi,90.6,134.19,,（無堤区間）,131.286,ニトマップ築堤
Tokachi,90.8,135.15,,（無堤区間）,132.337,ニトマップ築堤
Tokachi,91.0,136.02,,（無堤区間）,132.936,ニトマップ築堤
Tokachi,91.2,136.62,,（無堤区間）,133.709,ニトマップ築堤
Tokachi,91.4,137.44,,（無堤区間）,134.891,ニトマップ築堤
Tokachi,91.6,138.19,,（無堤区間）,135.573,ニトマップ築堤
Tokachi,91.8,139.12,,（無堤区間）,135.975,ニトマップ築堤
Tokachi,92.0,140.27,,（無堤区間）,137.084,ニトマップ築堤
Tokachi,92.2,141.32,,（無堤区間）,138.591,ニトマップ築堤
Tokachi,92.4,142.11,,（無堤区間）,139.186,ニトマップ築堤
Tokachi,92.6,142.94,,（無堤区間）,140.294,ニトマップ築堤
Tokachi,92.8,143.82,,（無堤区間）,140.866,ニトマップ築堤
Tokachi,93.0,144.87,,（無堤区間）,141.607,ニトマップ築堤
Tokachi,93.2,145.74,,（無堤区間）,143.327,ニトマップ築堤
Tokachi,93.4,146.65,,（無堤区間）,143.584,ニトマップ築堤
Tokachi,93.6,147.6,,（無堤区間）,145.632,ニトマップ築堤
Tokachi,93.8,148.37,,（無堤区間）,145.188,ニトマップ築堤
Tokachi,94.0,149.09,,（無堤区間）,146.241,ニトマップ築堤
Tokachi,94.2,150.01,,（無堤区間）,146.621,ニトマップ築堤
Tokachi,94.4,150.74,147.333,（無堤区間）,147.757,ニトマップ築堤
Tokachi,94.6,151.5,148.399,（無堤区間）,,ニトマップ築堤　※ｵｰﾊﾞｰﾊﾝｸﾞ
Tokachi,94.8,152.44,,（無堤区間）　※ｵｰﾊﾞｰﾊﾝｸﾞ,,ニトマップ築堤　※ｵｰﾊﾞｰﾊﾝｸﾞ
Tokachi,95.0,153.46,,（無堤区間）　※ｵｰﾊﾞｰﾊﾝｸﾞ,151.255,ニトマップ築堤
Tokachi,95.2,154.4,151.763,（無堤区間）,152.084,ニトマップ築堤
Tokachi,95.4,155.38,152.756,（無堤区間）,,ニトマップ築堤　※ｵｰﾊﾞｰﾊﾝｸﾞ
Tokachi,95.6,156.15,153.796,（無堤区間）,153.362,ニトマップ築堤
Tokachi,95.8,156.95,,（無堤区間）,155.006,ニトマップ築堤
Tokachi,96.0,157.74,155.97,屈足築堤,156.067,ニトマップ築堤
Tokachi,96.2,158.64000000000001,156.196,屈足築堤,156.398,ニトマップ築堤
Tokachi,96.4,159.52,157.656,屈足築堤,157.744,ニトマップ築堤
Tokachi,96.6,160.33,158.35,屈足築堤,,（無堤区間）
Tokachi,96.8,161.37,159.465,屈足築堤,,（無堤区間）
Tokachi,97.0,162.4,159.526,屈足築堤,,（無堤区間）
Tokachi,97.2,163.12,161.075,屈足築堤,,（無堤区間）
Tokachi,97.4,164.38,161.886,屈足築堤,,（無堤区間）
Tokachi,97.6,165.55,163.045,屈足築堤,,（無堤区間）
Tokachi,97.8,166.77,163.459,屈足築堤,,（無堤区間）
Tokachi,98.0,168.02,164.154,屈足築堤,,（無堤区間）
Tokachi,98.2,168.82,166.022,屈足築堤,,（無堤区間）
Tokachi,98.4,169.8,166.918,屈足築堤,,（無堤区間）
Tokachi,98.6,170.97,167.024,屈足築堤,,（無堤区間）
Tokachi,98.8,171.82,168.362,屈足築堤,,（無堤区間）
Tokachi,99.0,172.48,168.83,屈足築堤,,（無堤区間）
Tokachi,99.2,173.46,169.081,屈足築堤,169.809,
Tokachi,99.4,174.51,,（無堤区間）,170.728,
Tokachi,99.6,175.41,,（無堤区間）,171.252,
Tokachi,99.8,176.46,,（無堤区間）,172.71,
Tokachi,100.0,177.62,,（無堤区間）,174.078,
Satsunai,2.8,,,十勝川 高水敷地内,33.675000000000004,西札内築堤
Satsunai,3.0,34.11,,十勝川 高水敷地内,34.352000000000004,西札内築堤
Satsunai,3.2,34.61,34.399,東帯広築堤,34.526,西札内築堤
Satsunai,3.4,35.2,35.159,東帯広築堤,34.574,西札内築堤
Satsunai,3.6,35.89,35.735,東帯広築堤,35.104000000000006,西札内築堤
Satsunai,3.8,36.580000000000005,36.676,東帯広築堤,35.185,西札内築堤
Satsunai,4.0,37.24,37.19,東帯広築堤,36.482,西札内築堤
Satsunai,4.2,37.64,37.667,東帯広築堤,36.534,西札内築堤
Satsunai,4.4,38.32,38.141,東帯広築堤,36.859,西札内築堤
Satsunai,4.6,39.06,38.72,東帯広築堤,37.811,西札内築堤
Satsunai,4.8,39.69,38.90500000000001,東帯広築堤,39.212999999999994,西札内築堤
Satsunai,5.0,40.3,39.352000000000004,東帯広築堤,39.915,西札内築堤
Satsunai,5.2,41.0,40.0918,東帯広築堤,40.479,西札内築堤
Satsunai,5.4,41.66,41.410000000000004,東帯広築堤,41.027,西札内築堤
Satsunai,5.6,42.169999999999995,41.62799999999999,東帯広築堤,,（無堤区間）
Satsunai,5.8,42.86,42.862,東帯広築堤,,（無堤区間）
Satsunai,6.0,43.44,43.339,東帯広築堤,,（無堤区間）
Satsunai,6.2,43.98,44.516,東帯広築堤,,（無堤区間）
Satsunai,6.4,44.629999999999995,44.931,東帯広築堤,,（無堤区間）
Satsunai,6.6,45.339999999999996,45.840999999999994,東帯広築堤,,（無堤区間）
Satsunai,6.8,46.309999999999995,46.7,東帯広築堤,,（無堤区間）
Satsunai,7.0,47.05,46.615,川西築堤,46.958,愛国築堤
Satsunai,7.2,47.83,47.287,川西築堤,47.866,愛国築堤
Satsunai,7.4,48.809999999999995,48.798,川西築堤,48.69,愛国築堤
Satsunai,7.6,49.62,49.455,川西築堤,48.858,愛国築堤
Satsunai,7.8,50.29,49.819,川西築堤,49.723,愛国築堤
Satsunai,8.0,50.9,50.273,川西築堤,50.278,愛国築堤
Satsunai,8.2,51.64,50.996,川西築堤,51.539,愛国築堤
Satsunai,8.4,52.55,51.696,川西築堤,52.11599999999999,愛国築堤
Satsunai,8.6,53.15,52.447,川西築堤,52.568,愛国築堤
Satsunai,8.8,53.72,52.714999999999996,川西築堤,53.364,愛国築堤
Satsunai,9.0,54.86,54.896,川西築堤,54.15,愛国築堤
Satsunai,9.2,55.71,55.745999999999995,川西築堤,55.02499999999999,愛国築堤
Satsunai,9.4,56.62,56.766999999999996,川西築堤,56.04299999999999,愛国築堤
Satsunai,9.6,57.58,56.936,川西築堤,56.867000000000004,愛国築堤
Satsunai,9.8,58.48,57.553,川西築堤,58.133,愛国築堤
Satsunai,10.0,59.08,58.3,川西築堤,58.998000000000005,愛国築堤
Satsunai,10.2,59.88,59.271,川西築堤,59.682,愛国築堤
Satsunai,10.4,60.56,59.478,川西築堤,60.029,愛国築堤
Satsunai,10.6,61.03,59.882,川西築堤,60.269000000000005,愛国築堤
Satsunai,10.8,62.13,61.24699999999999,川西築堤,60.72099999999999,愛国築堤
Satsunai,11.0,62.74,62.402,川西築堤,61.733000000000004,愛国築堤
Satsunai,11.2,63.720000000000006,62.357,川西築堤,62.871,愛国築堤
Satsunai,11.4,64.34,63.58899999999999,川西築堤,63.357,愛国築堤
Satsunai,11.6,64.99000000000001,64.744,川西築堤,64.093,愛国築堤
Satsunai,11.8,65.57000000000001,65.55799999999999,川西築堤,64.952,愛国築堤
Satsunai,12.0,66.34,65.807,川西築堤,65.37100000000001,愛国築堤
Satsunai,12.2,67.51,67.281,川西築堤,66.502,愛国築堤
Satsunai,12.4,68.34,68.008,川西築堤,67.733,愛国築堤
Satsunai,12.6,69.14,69.18099999999998,川西築堤,68.783,愛国築堤
Satsunai,12.8,69.85000000000001,69.92599999999999,川西築堤,69.666,愛国築堤
Satsunai,13.0,70.68,70.46000000000001,川西築堤,70.76400000000001,愛国築堤
Satsunai,13.2,71.41,71.151,川西築堤,71.837,愛国築堤
Satsunai,13.4,72.37,71.91699999999999,川西築堤,72.552,愛国築堤
Satsunai,13.6,72.83,72.485,川西築堤,73.01899999999999,愛国築堤
Satsunai,13.8,73.48,72.937,川西築堤,73.481,愛国築堤
Satsunai,14.0,74.28,73.54,川西築堤,74.411,愛国築堤
Satsunai,14.2,75.3,74.947,川西築堤,74.89999999999999,愛国築堤
Satsunai,14.4,76.31,75.812,川西築堤,75.441,愛国築堤
Satsunai,14.6,77.2,76.426,川西築堤,76.607,愛国築堤
Satsunai,14.8,78.19,77.414,川西築堤,77.011,加賀築堤
Satsunai,15.0,79.22,78.89399999999999,川西築堤,79.196,加賀築堤
Satsunai,15.2,79.87,79.707,川西築堤,79.398,加賀築堤
Satsunai,15.4,80.82000000000001,80.51,川西築堤,81.118,加賀築堤
Satsunai,15.6,81.81,81.475,川西築堤,82.083,加賀築堤
Satsunai,15.8,82.87,82.277,川西築堤,82.844,加賀築堤
Satsunai,16.0,83.42999999999999,83.024,川西築堤,83.007,加賀築堤
Satsunai,16.2,84.42999999999999,83.698,川西築堤,83.549,加賀築堤
Satsunai,16.4,85.50999999999999,85.18,川西築堤,84.553,加賀築堤
Satsunai,16.6,86.11,85.184,川西築堤,85.039,加賀築堤
Satsunai,16.8,87.08,,（無堤区間）,85.511,加賀築堤
Satsunai,17.0,87.78,,（無堤区間）,86.411,加賀築堤
Satsunai,17.2,88.99,,（無堤区間）,88.285,加賀築堤
Satsunai,17.4,89.75999999999999,,（無堤区間）,88.769,加賀築堤
Satsunai,17.6,90.81,,（無堤区間）,90.12,加賀築堤
Satsunai,17.8,91.57,,（無堤区間）,90.412,加賀築堤
Satsunai,18.0,92.56,,（無堤区間）,91.145,加賀築堤
Satsunai,18.2,93.52,,（無堤区間）,92.363,加賀築堤
Satsunai,18.4,94.41,,（無堤区間）,92.889,加賀築堤
Satsunai,18.6,95.42,,（無堤区間）,92.954,加賀築堤
Satsunai,18.8,96.36999999999999,,（無堤区間）,93.43,加賀築堤
Satsunai,19.0,97.25,,（無堤区間）,95.411,加賀築堤
Satsunai,19.2,98.22999999999999,,（無堤区間）,97.098,加賀築堤
Satsunai,19.4,99.44,,（無堤区間）,98.777,加賀築堤
Satsunai,19.6,100.17,,（無堤区間）,99.617,加賀築堤
Satsunai,19.8,100.94000000000001,99.529,富士築堤,100.232,加賀築堤
Satsunai,20.0,101.94000000000001,100.704,富士築堤,100.954,加賀築堤
Satsunai,20.2,102.86,101.363,富士築堤,101.855,加賀築堤
Satsunai,20.4,103.5,103.822,富士築堤,103.212,加賀築堤
Satsunai,20.6,104.61,104.071,富士築堤,103.746,加賀築堤
Satsunai,20.8,105.68,104.916,富士築堤,105.629,大正築堤
Satsunai,21.0,106.5,105.931,富士築堤,106.255,大正築堤
Satsunai,21.2,107.27000000000001,106.908,富士築堤,106.66,大正築堤
Satsunai,21.4,108.26,108.134,富士築堤,107.095,大正築堤
Satsunai,21.6,109.60000000000001,109.48,富士築堤,108.397,大正築堤
Satsunai,21.8,110.01,109.3,富士築堤,109.145,大正築堤
Satsunai,22.0,110.99000000000001,110.64,富士築堤,111.227,大正築堤
Satsunai,22.2,111.93,111.724,富士築堤,111.701,大正築堤
Satsunai,22.4,112.80000000000001,112.358,富士築堤,112.795,大正築堤
Satsunai,22.6,113.96000000000001,113.936,富士築堤,114.023,大正築堤
Satsunai,22.8,115.01,,（無堤区間）,114.812,大正築堤
Satsunai,23.0,115.68,,（無堤区間）,115.87,大正築堤
Satsunai,23.2,116.51,,無堤区間,116.27,大正築堤
Satsunai,23.4,117.46,,無堤区間,117.312,大正築堤
Satsunai,23.6,118.36,,無堤区間,117.607,大正築堤
Satsunai,23.8,119.36,,無堤区間,118.196,大正築堤
Satsunai,24.0,120.26,,無堤区間,119.085,大正築堤
Satsunai,24.2,121.39,121.031,戸蔦築堤,119.948,大正築堤
Satsunai,24.4,122.24,121.826,戸蔦築堤,120.749,大正築堤
Satsunai,24.6,122.9,123.142,戸蔦築堤,122.339,大正築堤
Satsunai,24.8,124.66,,中戸蔦築堤　※破堤,124.316,大正築堤
Satsunai,25.0,125.77,124.573,中戸蔦築堤,125.132,大正築堤
Satsunai,25.2,127.13,125.703,中戸蔦築堤,126.466,大正築堤
Satsunai,25.4,128.08999999999997,126.641,中戸蔦築堤,127.399,大正築堤
Satsunai,25.6,129.1,,（無堤区間）,128.636,大正築堤
Satsunai,25.8,130.35999999999999,,（無堤区間）,129.451,大正築堤
Satsunai,26.0,131.85999999999999,,（無堤区間）,130.467,大正築堤
Satsunai,26.2,132.92,,（無堤区間）,131.545,大正築堤
Satsunai,26.4,134.48,,（無堤区間）,133.327,大正築堤
Satsunai,26.6,135.82,,（無堤区間）,135.217,大正築堤
Satsunai,26.8,137.39999999999998,,（無堤区間）,136.958,大正築堤
Satsunai,27.0,138.80999999999997,,（無堤区間）,137.756,大正築堤
Satsunai,27.2,140.32,,（無堤区間）,139.248,大正築堤
Satsunai,27.4,141.47,,（無堤区間）,141.225,大正築堤
Satsunai,27.6,142.78,,（無堤区間）,142.023,大正築堤
Satsunai,27.8,143.96,,（無堤区間）,143.894,大正築堤
Satsunai,28.0,145.73,144.865,中戸蔦築堤,145.315,大正築堤
Satsunai,28.2,146.93,146.649,中戸蔦築堤,146.791,大正築堤
Satsunai,28.4,147.93,148.078,中戸蔦築堤,147.706,大正築堤
Satsunai,28.6,149.21,148.95,中戸蔦築堤,148.463,大正築堤
Satsunai,28.8,150.18,149.839,中戸蔦築堤,149.863,大正築堤
Satsunai,29.0,152.15,151.948,中戸蔦築堤,151.471,大正築堤
Satsunai,29.2,153.03,152.538,中戸蔦築堤,152.617,大正築堤
Satsunai,29.4,154.43,154.884,中戸蔦築堤,153.982,大正築堤
Satsunai,29.6,156.01999999999998,156.319,中戸蔦築堤,155.654,中札内築堤
Satsunai,29.8,157.54999999999998,157.407,中戸蔦築堤,157.414,中札内築堤
Satsunai,30.0,159.26999999999998,158.848,中戸蔦築堤,158.959,中札内築堤
Satsunai,30.2,161.26,160.381,中戸蔦築堤,160.697,中札内築堤
Satsunai,30.4,162.89,161.804,中戸蔦築堤,162.347,中札内築堤
Satsunai,30.6,164.2,163.613,中戸蔦築堤,163.377,中札内築堤
Satsunai,30.8,165.26999999999998,164.641,中戸蔦築堤,164.407,中札内築堤
Satsunai,31.0,166.45000000000002,165.451,中戸蔦築堤,165.273,中札内築堤
Satsunai,31.2,167.55,166.762,中戸蔦築堤,166.685,中札内築堤
Satsunai,31.4,169.08,,（無堤区間）,168.361,中札内築堤
Satsunai,31.6,170.48000000000002,,（無堤区間）,169.74,中札内築堤
Satsunai,31.8,171.99,,（無堤区間）,170.836,中札内築堤
Satsunai,32.0,173.68,,（無堤区間）,173.751,中札内築堤
Satsunai,32.2,175.24,,（無堤区間）,175.031,中札内築堤
Satsunai,32.4,176.91,,（無堤区間）,176.657,中札内築堤
Satsunai,32.6,178.16,,（無堤区間）,177.818,中札内築堤
Satsunai,32.8,179.82,,（無堤区間）,179.294,中札内築堤
Satsunai,33.0,181.04,,（無堤区間）,180.535,中札内築堤
Satsunai,33.2,182.12,,（無堤区間）,181.288,中札内築堤
Satsunai,33.4,183.29,,（無堤区間）,182.406,中札内築堤
Satsunai,33.6,184.71,,（無堤区間）,184.025,中札内築堤
Satsunai,33.8,186.86,,（無堤区間）,186.017,中札内築堤
Satsunai,34.0,188.27,,（無堤区間）,186.945,中札内築堤
Satsunai,34.2,189.69,,（無堤区間）,188.676,中札内築堤
Satsunai,34.4,191.04,,（無堤区間）,189.867,中札内築堤
Satsunai,34.6,192.52,,（無堤区間）,191.493,常盤築堤
Satsunai,34.8,194.22000000000003,,（無堤区間）,193.476,常盤築堤
Satsunai,35.0,195.59,,（無堤区間）,194.67,常盤築堤
Satsunai,35.2,197.07000000000002,,（無堤区間）,196.298,常盤築堤
Satsunai,35.4,198.36,,（無堤区間）,197.496,常盤築堤
Satsunai,35.6,199.96,,（無堤区間）,199.46,常盤築堤
Satsunai,35.8,201.45000000000002,,（無堤区間）,200.995,常盤築堤
Satsunai,36.0,202.65,,（無堤区間）,202.794,常盤築堤
Satsunai,36.2,203.81,,（無堤区間）,203.934,常磐築堤
Satsunai,36.4,205.33,,（無堤区間）,204.542,常磐築堤
Satsunai,36.6,207.16000000000003,,（無堤区間）,207.056,常磐築堤
Satsunai,36.8,209.05,,（無堤区間）,208.03,常磐築堤
Satsunai,37.0,210.94000000000003,,（無堤区間）,209.424,常磐築堤
Satsunai,37.2,212.08,,（無堤区間）,210.903,常磐築堤
Satsunai,37.4,213.63000000000002,,（無堤区間）,213.052,常磐築堤
Satsunai,37.6,215.34,,（無堤区間）,214.74,常磐築堤
Satsunai,37.8,216.98000000000002,216.051,西新札内築堤,216.684,常磐築堤
Satsunai,38.0,219.28,218.814,西新札内築堤,219.205,常磐築堤
Satsunai,38.2,220.4,219.992,西新札内築堤,220.365,常磐築堤
Satsunai,38.4,222.84,222.957,西新札内築堤,222.253,常磐築堤
Satsunai,38.6,224.25,224.347,西新札内築堤,223.173,常磐築堤
Satsunai,38.8,226.09,,西新札内築堤　※ｵｰﾊﾞｰﾊﾝｸﾞ,224.233,常磐築堤
Satsunai,39.0,227.43,227.395,西新札内築堤,225.947,常磐築堤
Satsunai,39.2,229.28,228.805,西新札内築堤,228.615,常磐築堤
Satsunai,39.4,230.60999999999999,230.435,西新札内築堤,230.005,常磐築堤
Satsunai,39.6,232.31,232.655,西新札内築堤,231.708,常磐築堤
Satsunai,39.8,233.41,233.815,西新札内築堤,232.732,常磐築堤
Satsunai,40.0,234.82999999999998,235.115,西新札内築堤,234.985,常磐築堤
Satsunai,40.2,237.15,237.225,西新札内築堤,237.083,常磐築堤
Satsunai,40.4,238.63,238.185,西新札内築堤,239.173,常磐築堤
Satsunai,40.6,240.32,,西新札内築堤　※破堤,241.123,常磐築堤
Satsunai,40.8,241.81,240.888,南新札内築堤,242.793,常磐築堤
Satsunai,41.0,243.23999999999998,242.888,南新札内築堤,243.138,常磐築堤
Satsunai,41.2,244.73999999999998,244.408,南新札内築堤,244.358,常磐築堤
Satsunai,41.4,246.48,246.488,南新札内築堤,245.658,常磐築堤
Satsunai,41.6,248.72,248.307,南新札内築堤,247.86,常磐築堤
Satsunai,41.8,250.57999999999998,250.256,南新札内築堤,248.847,常磐築堤
Satsunai,42.0,252.23999999999998,252.016,南新札内築堤,251.361,常磐築堤
Satsunai,42.2,254.35999999999999,254.148,南新札内築堤,252.933,常磐築堤
Satsunai,42.4,255.96,255.165,南新札内築堤,254.863,常磐築堤
Satsunai,42.6,257.44,256.9,南新札内築堤,255.763,常磐築堤
Satsunai,42.8,259.14000000000004,259.204,南新札内築堤,257.957,常磐築堤
Satsunai,43.0,261.70000000000005,261.112,南新札内築堤,261.356,上札内築堤
Satsunai,43.2,263.32000000000005,263.359,南新札内築堤,262.507,上札内築堤
Satsunai,43.4,264.91,265.129,南新札内築堤,264.033,上札内築堤
Satsunai,43.6,266.43,266.093,南新札内築堤,266.013,上札内築堤
Satsunai,43.8,268.57000000000005,268.768,南新札内築堤,267.88,上札内築堤
Satsunai,44.0,270.26000000000005,268.801,南新札内築堤,269.32,上札内築堤
Satsunai,44.2,271.84000000000003,270.818,南新札内築堤,271.668,上札内築堤
Satsunai,44.4,273.28000000000003,272.388,南新札内築堤,274.112,上札内築堤
Satsunai,44.6,275.36,275.102,南新札内築堤,275.011,上札内築堤
Satsunai,44.8,277.04,276.356,南新札内築堤,277.324,上札内築堤
Satsunai,45.0,279.18,278.41,南新札内築堤,278.993,上札内築堤
Satsunai,45.2,281.03000000000003,280.462,南新札内築堤,280.249,上札内築堤
Satsunai,45.4,282.6,282.247,南新札内築堤,281.822,上札内築堤
Satsunai,45.6,284.41,284.111,南新札内築堤,283.362,上札内築堤
Satsunai,45.8,285.86,285.614,南新札内築堤,285.052,上札内築堤
Satsunai,46.0,287.99,287.681,南新札内築堤,287.461,上札内築堤
Satsunai,46.2,289.79,288.344,南新札内築堤,,（無堤区間）　※ｵｰﾊﾞｰﾊﾝｸﾞ
Satsunai,46.4,291.3,290.079,南新札内築堤,289.742,（無堤区間）
Satsunai,46.6,293.90000000000003,292.485,南新札内築堤,292.465,（無堤区間）
Satsunai,46.8,295.45000000000005,293.853,南新札内築堤,294.162,（無堤区間）
Satsunai,47.0,298.02000000000004,296.574,南新札内築堤,295.597,（無堤区間）
Satsunai,47.2,,,（無堤区間）　※ｵｰﾊﾞｰﾊﾝｸﾞ,297.668,（無堤区間）
Satsunai,47.4,,,（無堤区間）　※急傾斜,299.281,（無堤区間）
Satsunai,47.6,,301.083,（無堤区間）,300.979,（無堤区間）
Satsunai,47.8,,303.502,（無堤区間）,302.329,（無堤区間）
Satsunai,48.0,,305.585,（無堤区間）,304.494,（無堤区間）
