datetime_jst,futochanae
2016-08-01T01:00,6.80
2016-08-01T02:00,6.79
2016-08-01T03:00,6.79
2016-08-01T04:00,6.78
2016-08-01T05:00,6.78
2016-08-01T06:00,6.78
2016-08-01T07:00,6.78
2016-08-01T08:00,6.79
2016-08-01T09:00,6.80
2016-08-01T10:00,6.79
2016-08-01T11:00,6.79
2016-08-01T12:00,6.79
2016-08-01T13:00,6.79
2016-08-01T14:00,6.79
2016-08-01T15:00,6.78
2016-08-01T16:00,6.77
2016-08-01T17:00,6.77
2016-08-01T18:00,6.77
2016-08-01T19:00,6.77
2016-08-01T20:00,6.78
2016-08-01T21:00,6.78
2016-08-01T22:00,6.79
2016-08-01T23:00,6.79
2016-08-02T00:00,6.82
2016-08-02T01:00,6.89
2016-08-02T02:00,6.94
2016-08-02T03:00,7.02
2016-08-02T04:00,7.11
2016-08-02T05:00,7.15
2016-08-02T06:00,7.17
2016-08-02T07:00,7.23
2016-08-02T08:00,7.26
2016-08-02T09:00,7.28
2016-08-02T10:00,7.27
2016-08-02T11:00,7.23
2016-08-02T12:00,7.21
2016-08-02T13:00,7.20
2016-08-02T14:00,7.18
2016-08-02T15:00,7.16
2016-08-02T16:00,7.15
2016-08-02T17:00,7.13
2016-08-02T18:00,7.12
2016-08-02T19:00,7.11
2016-08-02T20:00,7.09
2016-08-02T21:00,7.07
2016-08-02T22:00,7.06
2016-08-02T23:00,7.05
2016-08-03T00:00,7.04
2016-08-03T01:00,7.03
2016-08-03T02:00,7.03
2016-08-03T03:00,7.03
2016-08-03T04:00,7.06
2016-08-03T05:00,7.05
2016-08-03T06:00,7.03
2016-08-03T07:00,7.02
2016-08-03T08:00,7.01
2016-08-03T09:00,7.00
2016-08-03T10:00,6.99
2016-08-03T11:00,6.98
2016-08-03T12:00,6.98
2016-08-03T13:00,6.98
2016-08-03T14:00,6.98
2016-08-03T15:00,6.97
2016-08-03T16:00,6.95
2016-08-03T17:00,6.95
2016-08-03T18:00,6.96
2016-08-03T19:00,7.22
2016-08-03T20:00,7.57
2016-08-03T21:00,7.88
2016-08-03T22:00,8.12
2016-08-03T23:00,8.15
2016-08-04T00:00,7.98
2016-08-04T01:00,7.80
2016-08-04T02:00,7.70
2016-08-04T03:00,7.61
2016-08-04T04:00,7.56
2016-08-04T05:00,7.50
2016-08-04T06:00,7.45
2016-08-04T07:00,7.40
2016-08-04T08:00,7.37
2016-08-04T09:00,7.35
2016-08-04T10:00,7.32
2016-08-04T11:00,7.31
2016-08-04T12:00,7.22
2016-08-04T13:00,7.13
2016-08-04T14:00,7.17
2016-08-04T15:00,7.23
2016-08-04T16:00,7.22
2016-08-04T17:00,7.21
2016-08-04T18:00,7.19
2016-08-04T19:00,7.17
2016-08-04T20:00,7.15
2016-08-04T21:00,7.14
2016-08-04T22:00,7.13
2016-08-04T23:00,7.12
2016-08-05T00:00,7.11
2016-08-05T01:00,7.10
2016-08-05T02:00,7.09
2016-08-05T03:00,7.09
2016-08-05T04:00,7.08
2016-08-05T05:00,7.07
2016-08-05T06:00,7.05
2016-08-05T07:00,7.04
2016-08-05T08:00,7.04
2016-08-05T09:00,7.03
2016-08-05T10:00,7.03
2016-08-05T11:00,7.02
2016-08-05T12:00,7.02
2016-08-05T13:00,7.02
2016-08-05T14:00,7.02
2016-08-05T15:00,7.01
2016-08-05T16:00,7.00
2016-08-05T17:00,6.99
2016-08-05T18:00,6.98
2016-08-05T19:00,6.96
2016-08-05T20:00,6.96
2016-08-05T21:00,6.96
2016-08-05T22:00,6.95
2016-08-05T23:00,6.94
2016-08-06T00:00,6.93
2016-08-06T01:00,6.92
2016-08-06T02:00,6.92
2016-08-06T03:00,6.91
2016-08-06T04:00,6.91
2016-08-06T05:00,6.90
2016-08-06T06:00,6.90
2016-08-06T07:00,6.90
2016-08-06T08:00,6.89
2016-08-06T09:00,6.89
2016-08-06T10:00,6.89
2016-08-06T11:00,6.89
2016-08-06T12:00,6.89
2016-08-06T13:00,6.88
2016-08-06T14:00,6.89
2016-08-06T15:00,6.88
2016-08-06T16:00,6.88
2016-08-06T17:00,6.87
2016-08-06T18:00,6.87
2016-08-06T19:00,6.86
2016-08-06T20:00,6.85
2016-08-06T21:00,6.85
2016-08-06T22:00,6.84
2016-08-06T23:00,6.83
2016-08-07T00:00,6.83
2016-08-07T01:00,6.82
2016-08-07T02:00,6.81
2016-08-07T03:00,6.81
2016-08-07T04:00,6.81
2016-08-07T05:00,6.80
2016-08-07T06:00,6.80
2016-08-07T07:00,6.80
2016-08-07T08:00,6.80
2016-08-07T09:00,6.80
2016-08-07T10:00,6.80
2016-08-07T11:00,6.79
2016-08-07T12:00,6.79
2016-08-07T13:00,6.79
2016-08-07T14:00,6.79
2016-08-07T15:00,6.79
2016-08-07T16:00,6.79
2016-08-07T17:00,6.79
2016-08-07T18:00,6.78
2016-08-07T19:00,6.78
2016-08-07T20:00,6.77
2016-08-07T21:00,6.77
2016-08-07T22:00,6.76
2016-08-07T23:00,6.75
2016-08-08T00:00,6.75
2016-08-08T01:00,6.74
2016-08-08T02:00,6.73
2016-08-08T03:00,6.72
2016-08-08T04:00,6.72
2016-08-08T05:00,6.71
2016-08-08T06:00,6.71
2016-08-08T07:00,6.71
2016-08-08T08:00,6.70
2016-08-08T09:00,6.71
2016-08-08T10:00,6.71
2016-08-08T11:00,6.71
2016-08-08T12:00,6.71
2016-08-08T13:00,6.71
2016-08-08T14:00,6.71
2016-08-08T15:00,6.69
2016-08-08T16:00,6.70
2016-08-08T17:00,6.70
2016-08-08T18:00,6.70
2016-08-08T19:00,6.69
2016-08-08T20:00,6.69
2016-08-08T21:00,6.68
2016-08-08T22:00,6.68
2016-08-08T23:00,6.68
2016-08-09T00:00,6.68
2016-08-09T01:00,6.68
2016-08-09T02:00,6.67
2016-08-09T03:00,6.67
2016-08-09T04:00,6.68
2016-08-09T05:00,6.71
2016-08-09T06:00,6.85
2016-08-09T07:00,6.91
2016-08-09T08:00,6.83
2016-08-09T09:00,6.76
2016-08-09T10:00,6.74
2016-08-09T11:00,6.72
2016-08-09T12:00,6.71
2016-08-09T13:00,6.71
2016-08-09T14:00,6.72
2016-08-09T15:00,6.72
2016-08-09T16:00,6.73
2016-08-09T17:00,6.73
2016-08-09T18:00,6.74
2016-08-09T19:00,6.75
2016-08-09T20:00,6.77
2016-08-09T21:00,6.80
2016-08-09T22:00,6.83
2016-08-09T23:00,6.87
2016-08-10T00:00,6.90
2016-08-10T01:00,6.92
2016-08-10T02:00,6.94
2016-08-10T03:00,6.93
2016-08-10T04:00,6.92
2016-08-10T05:00,6.90
2016-08-10T06:00,6.89
2016-08-10T07:00,6.87
2016-08-10T08:00,6.86
2016-08-10T09:00,6.85
2016-08-10T10:00,6.83
2016-08-10T11:00,6.82
2016-08-10T12:00,6.80
2016-08-10T13:00,6.79
2016-08-10T14:00,6.78
2016-08-10T15:00,6.76
2016-08-10T16:00,6.76
2016-08-10T17:00,6.75
2016-08-10T18:00,6.75
2016-08-10T19:00,6.74
2016-08-10T20:00,6.73
2016-08-10T21:00,6.73
2016-08-10T22:00,6.72
2016-08-10T23:00,6.71
2016-08-11T00:00,6.70
2016-08-11T01:00,6.69
2016-08-11T02:00,6.68
2016-08-11T03:00,6.68
2016-08-11T04:00,6.67
2016-08-11T05:00,6.67
2016-08-11T06:00,6.66
2016-08-11T07:00,6.66
2016-08-11T08:00,6.65
2016-08-11T09:00,6.65
2016-08-11T10:00,6.65
2016-08-11T11:00,6.65
2016-08-11T12:00,6.64
2016-08-11T13:00,6.65
2016-08-11T14:00,6.64
2016-08-11T15:00,6.64
2016-08-11T16:00,6.64
2016-08-11T17:00,6.64
2016-08-11T18:00,6.63
2016-08-11T19:00,6.63
2016-08-11T20:00,6.62
2016-08-11T21:00,6.62
2016-08-11T22:00,6.61
2016-08-11T23:00,6.61
2016-08-12T00:00,6.60
2016-08-12T01:00,6.60
2016-08-12T02:00,6.59
2016-08-12T03:00,6.59
2016-08-12T04:00,6.59
2016-08-12T05:00,6.58
2016-08-12T06:00,6.58
2016-08-12T07:00,6.58
2016-08-12T08:00,6.58
2016-08-12T09:00,6.57
2016-08-12T10:00,6.57
2016-08-12T11:00,6.57
2016-08-12T12:00,6.58
2016-08-12T13:00,6.58
2016-08-12T14:00,6.58
2016-08-12T15:00,6.58
2016-08-12T16:00,6.58
2016-08-12T17:00,6.58
2016-08-12T18:00,6.58
2016-08-12T19:00,6.57
2016-08-12T20:00,6.57
2016-08-12T21:00,6.57
2016-08-12T22:00,6.56
2016-08-12T23:00,6.56
2016-08-13T00:00,6.55
2016-08-13T01:00,6.55
2016-08-13T02:00,6.55
2016-08-13T03:00,6.55
2016-08-13T04:00,6.56
2016-08-13T05:00,6.55
2016-08-13T06:00,6.56
2016-08-13T07:00,6.56
2016-08-13T08:00,6.56
2016-08-13T09:00,6.56
2016-08-13T10:00,6.56
2016-08-13T11:00,6.56
2016-08-13T12:00,6.57
2016-08-13T13:00,6.57
2016-08-13T14:00,6.58
2016-08-13T15:00,6.58
2016-08-13T16:00,6.58
2016-08-13T17:00,6.58
2016-08-13T18:00,6.57
2016-08-13T19:00,6.57
2016-08-13T20:00,6.57
2016-08-13T21:00,6.57
2016-08-13T22:00,6.56
2016-08-13T23:00,6.56
2016-08-14T00:00,6.56
2016-08-14T01:00,6.56
2016-08-14T02:00,6.56
2016-08-14T03:00,6.56
2016-08-14T04:00,6.55
2016-08-14T05:00,6.55
2016-08-14T06:00,6.55
2016-08-14T07:00,6.55
2016-08-14T08:00,6.55
2016-08-14T09:00,6.55
2016-08-14T10:00,6.55
2016-08-14T11:00,6.55
2016-08-14T12:00,6.55
2016-08-14T13:00,6.55
2016-08-14T14:00,6.56
2016-08-14T15:00,6.56
2016-08-14T16:00,6.56
2016-08-14T17:00,6.56
2016-08-14T18:00,6.56
2016-08-14T19:00,6.56
2016-08-14T20:00,6.55
2016-08-14T21:00,6.55
2016-08-14T22:00,6.55
2016-08-14T23:00,6.54
2016-08-15T00:00,6.53
2016-08-15T01:00,6.53
2016-08-15T02:00,6.53
2016-08-15T03:00,6.53
2016-08-15T04:00,6.53
2016-08-15T05:00,6.54
2016-08-15T06:00,6.55
2016-08-15T07:00,6.59
2016-08-15T08:00,6.67
2016-08-15T09:00,6.85
2016-08-15T10:00,7.34
2016-08-15T11:00,7.79
2016-08-15T12:00,7.90
2016-08-15T13:00,7.86
2016-08-15T14:00,7.77
2016-08-15T15:00,7.65
2016-08-15T16:00,7.51
2016-08-15T17:00,7.39
2016-08-15T18:00,7.31
2016-08-15T19:00,7.24
2016-08-15T20:00,7.30
2016-08-15T21:00,7.61
2016-08-15T22:00,7.55
2016-08-15T23:00,7.37
2016-08-16T00:00,7.23
2016-08-16T01:00,7.15
2016-08-16T02:00,7.10
2016-08-16T03:00,7.06
2016-08-16T04:00,7.03
2016-08-16T05:00,7.01
2016-08-16T06:00,6.98
2016-08-16T07:00,6.96
2016-08-16T08:00,6.95
2016-08-16T09:00,6.93
2016-08-16T10:00,6.89
2016-08-16T11:00,6.84
2016-08-16T12:00,6.88
2016-08-16T13:00,6.90
2016-08-16T14:00,6.93
2016-08-16T15:00,7.00
2016-08-16T16:00,7.18
2016-08-16T17:00,7.30
2016-08-16T18:00,7.27
2016-08-16T19:00,7.20
2016-08-16T20:00,7.15
2016-08-16T21:00,7.10
2016-08-16T22:00,7.06
2016-08-16T23:00,7.03
2016-08-17T00:00,7.02
2016-08-17T01:00,7.00
2016-08-17T02:00,6.98
2016-08-17T03:00,6.97
2016-08-17T04:00,6.97
2016-08-17T05:00,6.97
2016-08-17T06:00,6.97
2016-08-17T07:00,6.98
2016-08-17T08:00,7.02
2016-08-17T09:00,7.10
2016-08-17T10:00,7.16
2016-08-17T11:00,7.19
2016-08-17T12:00,7.24
2016-08-17T13:00,7.30
2016-08-17T14:00,7.36
2016-08-17T15:00,7.63
2016-08-17T16:00,8.21
2016-08-17T17:00,8.73
2016-08-17T18:00,9.10
2016-08-17T19:00,9.38
2016-08-17T20:00,9.67
2016-08-17T21:00,9.96
2016-08-17T22:00,10.23
2016-08-17T23:00,10.49
2016-08-18T00:00,10.72
2016-08-18T01:00,10.93
2016-08-18T02:00,11.19
2016-08-18T03:00,11.46
2016-08-18T04:00,11.78
2016-08-18T05:00,12.07
2016-08-18T06:00,12.34
2016-08-18T07:00,12.55
2016-08-18T08:00,12.66
2016-08-18T09:00,12.68
2016-08-18T10:00,12.63
2016-08-18T11:00,12.53
2016-08-18T12:00,12.39
2016-08-18T13:00,12.24
2016-08-18T14:00,12.09
2016-08-18T15:00,11.94
2016-08-18T16:00,11.80
2016-08-18T17:00,11.65
2016-08-18T18:00,11.51
2016-08-18T19:00,11.39
2016-08-18T20:00,11.27
2016-08-18T21:00,11.12
2016-08-18T22:00,10.99
2016-08-18T23:00,10.87
2016-08-19T00:00,10.76
2016-08-19T01:00,10.63
2016-08-19T02:00,10.51
2016-08-19T03:00,10.38
2016-08-19T04:00,10.27
2016-08-19T05:00,10.18
2016-08-19T06:00,10.07
2016-08-19T07:00,9.98
2016-08-19T08:00,9.87
2016-08-19T09:00,9.76
2016-08-19T10:00,9.66
2016-08-19T11:00,9.58
2016-08-19T12:00,9.49
2016-08-19T13:00,9.38
2016-08-19T14:00,9.29
2016-08-19T15:00,9.23
2016-08-19T16:00,9.17
2016-08-19T17:00,9.11
2016-08-19T18:00,9.05
2016-08-19T19:00,9.00
2016-08-19T20:00,8.98
2016-08-19T21:00,9.03
2016-08-19T22:00,9.06
2016-08-19T23:00,9.07
2016-08-20T00:00,9.05
2016-08-20T01:00,9.02
2016-08-20T02:00,9.00
2016-08-20T03:00,8.98
2016-08-20T04:00,8.95
2016-08-20T05:00,8.92
2016-08-20T06:00,8.89
2016-08-20T07:00,8.84
2016-08-20T08:00,8.80
2016-08-20T09:00,8.74
2016-08-20T10:00,8.71
2016-08-20T11:00,8.69
2016-08-20T12:00,8.69
2016-08-20T13:00,8.79
2016-08-20T14:00,9.09
2016-08-20T15:00,9.39
2016-08-20T16:00,9.82
2016-08-20T17:00,10.35
2016-08-20T18:00,10.76
2016-08-20T19:00,11.19
2016-08-20T20:00,11.81
2016-08-20T21:00,12.47
2016-08-20T22:00,13.08
2016-08-20T23:00,13.67
2016-08-21T00:00,14.11
2016-08-21T01:00,14.24
2016-08-21T02:00,14.14
2016-08-21T03:00,14.09
2016-08-21T04:00,14.07
2016-08-21T05:00,14.03
2016-08-21T06:00,13.95
2016-08-21T07:00,13.87
2016-08-21T08:00,13.78
2016-08-21T09:00,13.69
2016-08-21T10:00,13.59
2016-08-21T11:00,13.52
2016-08-21T12:00,13.48
2016-08-21T13:00,13.48
2016-08-21T14:00,13.50
2016-08-21T15:00,13.54
2016-08-21T16:00,13.57
2016-08-21T17:00,13.57
2016-08-21T18:00,13.53
2016-08-21T19:00,13.46
2016-08-21T20:00,13.37
2016-08-21T21:00,13.29
2016-08-21T22:00,13.19
2016-08-21T23:00,13.09
2016-08-22T00:00,13.00
2016-08-22T01:00,12.90
2016-08-22T02:00,12.79
2016-08-22T03:00,12.68
2016-08-22T04:00,12.58
2016-08-22T05:00,12.48
2016-08-22T06:00,12.38
2016-08-22T07:00,12.29
2016-08-22T08:00,12.20
2016-08-22T09:00,12.11
2016-08-22T10:00,12.03
2016-08-22T11:00,11.94
2016-08-22T12:00,11.87
2016-08-22T13:00,11.79
2016-08-22T14:00,11.71
2016-08-22T15:00,11.63
2016-08-22T16:00,11.55
2016-08-22T17:00,11.48
2016-08-22T18:00,11.41
2016-08-22T19:00,11.33
2016-08-22T20:00,11.29
2016-08-22T21:00,11.24
2016-08-22T22:00,11.25
2016-08-22T23:00,11.31
2016-08-23T00:00,11.42
2016-08-23T01:00,11.57
2016-08-23T02:00,11.71
2016-08-23T03:00,11.80
2016-08-23T04:00,11.83
2016-08-23T05:00,11.82
2016-08-23T06:00,11.82
2016-08-23T07:00,11.81
2016-08-23T08:00,11.79
2016-08-23T09:00,11.78
2016-08-23T10:00,11.75
2016-08-23T11:00,11.75
2016-08-23T12:00,11.76
2016-08-23T13:00,11.85
2016-08-23T14:00,11.95
2016-08-23T15:00,12.05
2016-08-23T16:00,12.14
2016-08-23T17:00,12.17
2016-08-23T18:00,12.16
2016-08-23T19:00,12.14
2016-08-23T20:00,12.09
2016-08-23T21:00,12.03
2016-08-23T22:00,11.98
2016-08-23T23:00,11.91
2016-08-24T00:00,11.86
2016-08-24T01:00,11.81
2016-08-24T02:00,11.74
2016-08-24T03:00,11.67
2016-08-24T04:00,11.61
2016-08-24T05:00,11.54
2016-08-24T06:00,11.48
2016-08-24T07:00,11.42
2016-08-24T08:00,11.37
2016-08-24T09:00,11.30
2016-08-24T10:00,11.23
2016-08-24T11:00,11.18
2016-08-24T12:00,11.12
2016-08-24T13:00,11.05
2016-08-24T14:00,10.98
2016-08-24T15:00,10.93
2016-08-24T16:00,10.85
2016-08-24T17:00,10.78
2016-08-24T18:00,10.71
2016-08-24T19:00,10.64
2016-08-24T20:00,10.58
2016-08-24T21:00,10.51
2016-08-24T22:00,10.44
2016-08-24T23:00,10.36
2016-08-25T00:00,10.30
2016-08-25T01:00,10.23
2016-08-25T02:00,10.16
2016-08-25T03:00,10.11
2016-08-25T04:00,10.03
2016-08-25T05:00,9.98
2016-08-25T06:00,9.94
2016-08-25T07:00,9.93
2016-08-25T08:00,9.89
2016-08-25T09:00,9.86
2016-08-25T10:00,9.82
2016-08-25T11:00,9.77
2016-08-25T12:00,9.73
2016-08-25T13:00,9.69
2016-08-25T14:00,9.66
2016-08-25T15:00,9.61
2016-08-25T16:00,9.55
2016-08-25T17:00,9.51
2016-08-25T18:00,9.47
2016-08-25T19:00,9.42
2016-08-25T20:00,9.38
2016-08-25T21:00,9.34
2016-08-25T22:00,9.30
2016-08-25T23:00,9.27
2016-08-26T00:00,9.27
2016-08-26T01:00,9.24
2016-08-26T02:00,9.23
2016-08-26T03:00,9.21
2016-08-26T04:00,9.19
2016-08-26T05:00,9.16
2016-08-26T06:00,9.14
2016-08-26T07:00,9.10
2016-08-26T08:00,9.08
2016-08-26T09:00,9.06
2016-08-26T10:00,9.05
2016-08-26T11:00,9.03
2016-08-26T12:00,9.02
2016-08-26T13:00,9.01
2016-08-26T14:00,9.01
2016-08-26T15:00,9.00
2016-08-26T16:00,8.98
2016-08-26T17:00,8.97
2016-08-26T18:00,8.98
2016-08-26T19:00,9.08
2016-08-26T20:00,9.21
2016-08-26T21:00,9.29
2016-08-26T22:00,9.36
2016-08-26T23:00,9.44
2016-08-27T00:00,9.52
2016-08-27T01:00,9.56
2016-08-27T02:00,9.53
2016-08-27T03:00,9.47
2016-08-27T04:00,9.40
2016-08-27T05:00,9.32
2016-08-27T06:00,9.25
2016-08-27T07:00,9.19
2016-08-27T08:00,9.12
2016-08-27T09:00,9.06
2016-08-27T10:00,9.01
2016-08-27T11:00,8.96
2016-08-27T12:00,8.92
2016-08-27T13:00,8.88
2016-08-27T14:00,8.86
2016-08-27T15:00,8.83
2016-08-27T16:00,8.80
2016-08-27T17:00,8.77
2016-08-27T18:00,8.74
2016-08-27T19:00,8.72
2016-08-27T20:00,8.69
2016-08-27T21:00,8.67
2016-08-27T22:00,8.65
2016-08-27T23:00,8.63
2016-08-28T00:00,8.60
2016-08-28T01:00,8.58
2016-08-28T02:00,8.57
2016-08-28T03:00,8.55
2016-08-28T04:00,8.53
2016-08-28T05:00,8.52
2016-08-28T06:00,8.51
2016-08-28T07:00,8.49
2016-08-28T08:00,8.48
2016-08-28T09:00,8.48
2016-08-28T10:00,8.46
2016-08-28T11:00,8.45
2016-08-28T12:00,8.44
2016-08-28T13:00,8.44
2016-08-28T14:00,8.43
2016-08-28T15:00,8.42
2016-08-28T16:00,8.41
2016-08-28T17:00,8.41
2016-08-28T18:00,8.41
2016-08-28T19:00,8.41
2016-08-28T20:00,8.40
2016-08-28T21:00,8.40
2016-08-28T22:00,8.39
2016-08-28T23:00,8.38
2016-08-29T00:00,8.37
2016-08-29T01:00,8.36
2016-08-29T02:00,8.36
2016-08-29T03:00,8.34
2016-08-29T04:00,8.33
2016-08-29T05:00,8.32
2016-08-29T06:00,8.31
2016-08-29T07:00,8.30
2016-08-29T08:00,8.30
2016-08-29T09:00,8.29
2016-08-29T10:00,8.28
2016-08-29T11:00,8.28
2016-08-29T12:00,8.27
2016-08-29T13:00,8.26
2016-08-29T14:00,8.24
2016-08-29T15:00,8.18
2016-08-29T16:00,8.17
2016-08-29T17:00,8.21
2016-08-29T18:00,8.23
2016-08-29T19:00,8.23
2016-08-29T20:00,8.23
2016-08-29T21:00,8.25
2016-08-29T22:00,8.29
2016-08-29T23:00,8.40
2016-08-30T00:00,8.57
2016-08-30T01:00,8.65
2016-08-30T02:00,8.72
2016-08-30T03:00,8.82
2016-08-30T04:00,8.91
2016-08-30T05:00,9.01
2016-08-30T06:00,9.08
2016-08-30T07:00,9.12
2016-08-30T08:00,9.16
2016-08-30T09:00,9.17
2016-08-30T10:00,9.17
2016-08-30T11:00,9.18
2016-08-30T12:00,9.15
2016-08-30T13:00,9.13
2016-08-30T14:00,9.11
2016-08-30T15:00,9.10
2016-08-30T16:00,9.09
2016-08-30T17:00,9.10
2016-08-30T18:00,9.11
2016-08-30T19:00,9.13
2016-08-30T20:00,9.20
2016-08-30T21:00,9.22
2016-08-30T22:00,9.32
2016-08-30T23:00,9.50
2016-08-31T00:00,9.72
2016-08-31T01:00,9.90
2016-08-31T02:00,10.02
2016-08-31T03:00,10.13
2016-08-31T04:00,10.26
2016-08-31T05:00,10.39
2016-08-31T06:00,10.54
2016-08-31T07:00,10.68
2016-08-31T08:00,10.81
2016-08-31T09:00,10.93
2016-08-31T10:00,11.02
2016-08-31T11:00,11.12
2016-08-31T12:00,11.20
2016-08-31T13:00,11.25
2016-08-31T14:00,11.29
2016-08-31T15:00,11.30
2016-08-31T16:00,11.32
2016-08-31T17:00,11.31
2016-08-31T18:00,11.28
2016-08-31T19:00,11.26
2016-08-31T20:00,11.21
2016-08-31T21:00,11.15
2016-08-31T22:00,11.08
2016-08-31T23:00,11.02
2016-09-01T00:00,10.94
