datetime_jst,kyoeibashi,kumaushi,memurobuto,obihiro,tokachi_chuo_ohashi,chiyoda,moiwa,otsu
2016-08-01T01:00,143.16,,60.82,32.74,21.93,9.66,3.51,0.65
2016-08-01T02:00,143.16,,60.81,32.73,21.92,9.66,3.5,0.61
2016-08-01T03:00,143.15,,60.77,32.71,21.92,9.64,3.49,0.49
2016-08-01T04:00,143.15,,60.78,32.67,21.91,9.63,3.48,0.35
2016-08-01T05:00,143.15,,60.77,32.64,21.9,9.62,3.46,0.16
2016-08-01T06:00,143.15,,60.76,32.63,21.89,9.61,3.45,0.02
2016-08-01T07:00,143.16,,60.76,32.62,21.88,9.59,3.43,-0.09
2016-08-01T08:00,143.16,,60.76,32.61,21.87,9.58,3.42,-0.14
2016-08-01T09:00,143.15,,60.75,32.6,21.87,9.57,3.4,-0.15
2016-08-01T10:00,143.14,,60.74,32.59,21.86,9.56,3.38,-0.11
2016-08-01T11:00,143.11,,60.75,32.58,21.86,9.55,3.37,-0.02
2016-08-01T12:00,143.11,,60.74,32.57,21.86,9.61,3.35,0.12
2016-08-01T13:00,143.09,,60.72,32.56,21.86,9.55,3.35,0.3
2016-08-01T14:00,143.06,,60.7,32.56,21.86,9.55,3.34,0.4
2016-08-01T15:00,143.01,,60.7,32.54,21.86,9.56,3.35,0.5
2016-08-01T16:00,142.97,,60.69,32.52,21.86,9.56,3.4,0.52
2016-08-01T17:00,143.0,,60.67,32.5,21.85,9.57,3.47,0.46
2016-08-01T18:00,143.03,,60.65,32.48,21.85,9.59,3.5,0.4
2016-08-01T19:00,143.03,,60.62,32.45,21.84,9.6,3.51,0.37
2016-08-01T20:00,143.0,,60.63,32.42,21.84,9.6,3.51,0.37
2016-08-01T21:00,143.11,,60.66,32.41,21.85,9.59,3.51,0.37
2016-08-01T22:00,143.1,,60.67,32.42,21.87,9.6,3.5,0.43
2016-08-01T23:00,143.08,,60.69,32.44,21.89,9.64,3.49,0.54
2016-08-02T00:00,143.06,,60.78,32.47,21.91,9.67,3.49,0.65
2016-08-02T01:00,143.03,,60.84,32.49,21.92,9.7,3.5,0.73
2016-08-02T02:00,143.02,,60.84,32.58,21.93,9.71,3.51,0.79
2016-08-02T03:00,143.02,,60.8,32.7,21.96,9.71,3.53,0.74
2016-08-02T04:00,143.03,,60.76,32.75,22.0,9.73,3.54,0.66
2016-08-02T05:00,143.04,,60.74,32.78,22.03,9.78,3.56,0.49
2016-08-02T06:00,143.05,,60.73,32.82,22.05,9.81,3.59,0.28
2016-08-02T07:00,143.06,,60.73,32.8,22.06,9.84,3.62,0.11
2016-08-02T08:00,143.07,,60.73,32.77,22.05,9.86,3.66,0.0
2016-08-02T09:00,143.07,,60.72,32.73,22.02,9.86,3.7,-0.03
2016-08-02T10:00,143.07,,60.73,32.7,22.0,9.84,3.75,-0.02
2016-08-02T11:00,143.19,,60.73,32.68,21.99,9.82,3.79,0.05
2016-08-02T12:00,143.22,,60.74,32.67,21.98,9.79,3.83,0.18
2016-08-02T13:00,143.22,,60.74,32.66,21.97,9.78,3.85,0.34
2016-08-02T14:00,143.21,,60.8,32.66,21.97,9.77,3.85,0.52
2016-08-02T15:00,143.22,,60.82,32.66,21.96,9.76,3.86,0.64
2016-08-02T16:00,143.22,,60.83,32.69,21.96,9.75,3.87,0.7
2016-08-02T17:00,143.22,,60.82,32.74,21.97,9.75,3.88,0.69
2016-08-02T18:00,143.22,,60.83,32.75,21.99,9.74,3.88,0.63
2016-08-02T19:00,143.22,,60.82,32.75,21.99,9.76,3.86,0.55
2016-08-02T20:00,143.22,,60.82,32.75,21.99,9.77,3.85,0.49
2016-08-02T21:00,143.22,,60.82,32.74,21.99,9.77,3.84,0.47
2016-08-02T22:00,143.17,,60.83,32.74,21.98,9.77,3.83,0.46
2016-08-02T23:00,143.08,,60.82,32.74,21.99,9.77,3.81,0.54
2016-08-03T00:00,143.03,,60.82,32.74,22.02,9.76,3.8,0.67
2016-08-03T01:00,143.02,,60.79,32.74,22.05,9.8,3.78,0.78
2016-08-03T02:00,143.03,,60.74,32.73,22.03,9.83,3.78,0.85
2016-08-03T03:00,143.03,,60.7,32.69,22.02,9.84,3.78,0.88
2016-08-03T04:00,143.03,,60.69,32.61,21.99,9.82,3.79,0.81
2016-08-03T05:00,143.03,,60.67,32.55,21.96,9.79,3.8,0.67
2016-08-03T06:00,143.01,,60.66,32.51,21.93,9.74,3.8,0.49
2016-08-03T07:00,143.02,,60.66,32.49,21.91,9.7,3.78,0.28
2016-08-03T08:00,143.02,,60.66,32.48,21.9,9.67,3.76,0.14
2016-08-03T09:00,143.02,,60.66,32.47,21.89,9.65,3.73,0.06
2016-08-03T10:00,143.02,,60.65,32.46,21.88,9.63,3.68,0.02
2016-08-03T11:00,143.03,,60.64,32.45,21.88,9.63,3.65,0.03
2016-08-03T12:00,143.01,,60.64,32.44,21.87,9.62,3.61,0.08
2016-08-03T13:00,143.01,,60.64,32.43,21.87,9.61,3.58,0.2
2016-08-03T14:00,143.01,,60.65,32.42,21.86,9.61,3.56,0.38
2016-08-03T15:00,143.02,,60.64,32.42,21.86,9.6,3.54,0.53
2016-08-03T16:00,143.01,,60.63,32.42,21.85,9.59,3.52,0.64
2016-08-03T17:00,143.01,,60.63,32.41,21.85,9.58,3.5,0.67
2016-08-03T18:00,143.01,,60.63,32.4,21.84,9.58,3.48,0.62
2016-08-03T19:00,143.01,,60.62,32.39,21.83,9.57,3.47,0.53
2016-08-03T20:00,142.99,,60.61,32.38,21.83,9.56,3.46,0.43
2016-08-03T21:00,142.97,,60.61,32.38,21.82,9.55,3.44,0.33
2016-08-03T22:00,142.96,,60.61,32.37,21.81,9.54,3.43,0.32
2016-08-03T23:00,142.98,,60.61,32.35,21.81,9.54,3.42,0.36
2016-08-04T00:00,142.96,,60.59,32.35,21.81,9.54,3.41,0.47
2016-08-04T01:00,142.96,,60.59,32.35,21.8,9.53,3.4,0.61
2016-08-04T02:00,142.96,,60.59,32.35,21.8,9.53,3.39,0.76
2016-08-04T03:00,142.96,,60.59,32.35,21.8,9.52,3.38,0.82
2016-08-04T04:00,142.96,,60.59,32.35,21.8,9.52,3.38,0.81
2016-08-04T05:00,142.95,,60.59,32.34,21.79,9.52,3.37,0.74
2016-08-04T06:00,142.97,,60.58,32.33,21.79,9.51,3.36,0.57
2016-08-04T07:00,142.96,,60.58,32.32,21.78,9.51,3.35,0.36
2016-08-04T08:00,142.95,,60.59,32.32,21.78,9.5,3.34,0.13
2016-08-04T09:00,142.94,,60.58,32.31,21.77,9.49,3.35,-0.02
2016-08-04T10:00,142.95,,60.58,32.31,21.77,9.49,3.36,-0.1
2016-08-04T11:00,142.94,,60.57,32.31,21.77,9.48,3.36,-0.11
2016-08-04T12:00,142.95,,60.56,32.3,21.77,9.48,3.36,-0.05
2016-08-04T13:00,142.95,,60.56,32.3,21.76,9.47,3.36,0.09
2016-08-04T14:00,142.95,,60.55,32.29,21.76,9.47,3.35,0.27
2016-08-04T15:00,142.95,,60.56,32.28,21.76,9.46,3.33,0.45
2016-08-04T16:00,142.95,,60.56,32.27,21.75,9.45,3.31,0.59
2016-08-04T17:00,142.96,,60.55,32.27,21.75,9.45,3.3,0.63
2016-08-04T18:00,142.95,,60.55,32.26,21.74,9.44,3.28,0.59
2016-08-04T19:00,142.96,,60.54,32.26,21.73,9.42,3.27,0.5
2016-08-04T20:00,142.93,,60.54,32.25,21.73,9.42,3.25,0.35
2016-08-04T21:00,142.86,,60.54,32.25,21.73,9.42,3.24,0.27
2016-08-04T22:00,142.85,,60.55,32.25,21.72,9.41,3.23,0.19
2016-08-04T23:00,142.85,,60.51,32.24,21.72,9.4,3.21,0.19
2016-08-05T00:00,142.87,,60.47,32.24,21.72,9.4,3.2,0.26
2016-08-05T01:00,142.86,,60.46,32.21,21.71,9.4,3.19,0.43
2016-08-05T02:00,142.85,,60.45,32.18,21.7,9.39,3.19,0.59
2016-08-05T03:00,142.84,,60.46,32.16,21.68,9.38,3.18,0.72
2016-08-05T04:00,142.85,,60.46,32.16,21.68,9.36,3.17,0.79
2016-08-05T05:00,142.84,,60.45,32.15,21.67,9.34,3.16,0.78
2016-08-05T06:00,142.83,,60.44,32.15,21.67,9.33,3.15,0.62
2016-08-05T07:00,142.82,,60.44,32.14,21.67,9.33,3.13,0.45
2016-08-05T08:00,142.81,,60.44,32.14,21.66,9.33,3.11,0.21
2016-08-05T09:00,142.83,,60.43,32.13,21.66,9.32,3.1,-0.01
2016-08-05T10:00,142.82,,60.42,32.13,21.65,9.32,3.08,-0.16
2016-08-05T11:00,142.8,,60.41,32.13,21.65,9.31,3.06,-0.24
2016-08-05T12:00,142.8,,60.42,32.12,21.65,9.31,3.05,-0.24
2016-08-05T13:00,142.83,,60.41,32.11,21.64,9.3,3.04,-0.12
2016-08-05T14:00,142.84,,60.4,32.11,21.64,9.3,3.03,0.07
2016-08-05T15:00,142.83,,60.4,32.1,21.63,9.29,3.02,0.27
2016-08-05T16:00,142.83,,60.41,32.09,21.62,9.29,3.02,0.47
2016-08-05T17:00,142.82,,60.42,32.08,21.62,9.28,3.01,0.53
2016-08-05T18:00,142.81,,60.41,32.08,21.62,9.27,3.0,0.55
2016-08-05T19:00,142.82,,60.4,32.09,21.62,9.26,2.99,0.46
2016-08-05T20:00,142.82,,60.39,32.09,21.62,9.26,2.99,0.31
2016-08-05T21:00,142.82,,60.4,32.09,21.62,9.26,2.98,0.18
2016-08-05T22:00,142.8,,60.4,32.08,21.61,9.27,2.97,0.08
2016-08-05T23:00,142.81,,60.39,32.08,21.61,9.25,2.96,0.03
2016-08-06T00:00,142.79,,60.39,32.07,21.6,9.25,2.96,0.08
2016-08-06T01:00,142.81,,60.38,32.07,21.6,9.25,2.96,0.19
2016-08-06T02:00,142.81,,60.39,32.07,21.6,9.24,2.95,0.35
2016-08-06T03:00,142.77,,60.38,32.06,21.6,9.24,2.94,0.48
2016-08-06T04:00,142.77,,60.39,32.05,21.59,9.24,2.94,0.62
2016-08-06T05:00,142.78,,60.39,32.05,21.59,9.23,2.93,0.66
2016-08-06T06:00,142.78,,60.37,32.05,21.59,9.23,2.93,0.58
2016-08-06T07:00,142.78,,60.37,32.05,21.59,9.22,2.92,0.45
2016-08-06T08:00,142.73,,60.37,32.04,21.58,9.22,2.91,0.22
2016-08-06T09:00,142.69,,60.36,32.04,21.58,9.22,2.9,0.02
2016-08-06T10:00,142.66,,60.37,32.04,21.58,9.22,2.9,-0.14
2016-08-06T11:00,142.66,,60.33,32.03,21.58,9.22,2.89,-0.25
2016-08-06T12:00,142.65,,60.31,32.03,21.57,9.21,2.88,-0.28
2016-08-06T13:00,142.63,,60.28,32.01,21.57,9.22,2.88,-0.2
2016-08-06T14:00,142.64,,60.27,31.98,21.56,9.21,2.87,-0.04
2016-08-06T15:00,142.64,,60.26,31.96,21.54,9.21,2.87,0.18
2016-08-06T16:00,142.64,,60.26,31.95,21.53,9.18,2.86,0.36
2016-08-06T17:00,142.64,,60.26,31.94,21.52,9.18,2.86,0.47
2016-08-06T18:00,142.64,,60.25,31.94,21.52,9.16,2.85,0.52
2016-08-06T19:00,142.64,,60.25,31.93,21.51,9.15,2.84,0.46
2016-08-06T20:00,142.64,,60.25,31.92,21.51,9.15,2.82,0.34
2016-08-06T21:00,142.64,,60.25,31.92,21.5,9.13,2.81,0.21
2016-08-06T22:00,142.64,,60.25,31.92,21.5,9.13,2.8,0.06
2016-08-06T23:00,142.66,,60.25,31.92,21.5,9.12,2.78,-0.01
2016-08-07T00:00,142.64,,60.24,31.92,21.5,9.12,2.77,-0.03
2016-08-07T01:00,142.64,,60.25,31.91,21.49,9.12,2.77,0.03
2016-08-07T02:00,142.64,,60.25,31.91,21.5,9.12,2.76,0.19
2016-08-07T03:00,142.64,,60.25,31.91,21.49,9.11,2.75,0.34
2016-08-07T04:00,142.64,,60.25,31.91,21.49,9.12,2.75,0.47
2016-08-07T05:00,142.64,,60.25,31.91,21.49,9.12,2.75,0.56
2016-08-07T06:00,142.64,,60.24,31.9,21.49,9.11,2.74,0.57
2016-08-07T07:00,142.64,,60.24,31.9,21.49,9.11,2.74,0.5
2016-08-07T08:00,142.64,,60.25,31.9,21.49,9.1,2.74,0.33
2016-08-07T09:00,142.64,,60.25,31.9,21.49,9.1,2.74,0.16
2016-08-07T10:00,142.64,,60.24,31.9,21.49,9.11,2.74,-0.02
2016-08-07T11:00,142.63,,60.24,31.9,21.49,9.11,2.74,-0.17
2016-08-07T12:00,142.61,,60.24,31.9,21.49,9.11,2.73,-0.24
2016-08-07T13:00,142.61,,60.24,31.9,21.49,9.11,2.73,-0.2
2016-08-07T14:00,142.61,,60.24,31.9,21.49,9.11,2.73,-0.1
2016-08-07T15:00,142.64,,60.22,31.9,21.48,9.11,2.71,0.08
2016-08-07T16:00,142.63,,60.22,31.89,21.48,9.12,2.71,0.29
2016-08-07T17:00,142.63,,60.22,31.88,21.48,9.11,2.71,0.42
2016-08-07T18:00,142.63,,60.22,31.88,21.47,9.11,2.71,0.49
2016-08-07T19:00,142.63,,60.23,31.87,21.47,9.1,2.71,0.47
2016-08-07T20:00,142.64,,60.22,31.87,21.47,9.09,2.7,0.38
2016-08-07T21:00,142.63,,60.22,31.87,21.47,9.09,2.7,0.27
2016-08-07T22:00,142.65,,60.22,31.87,21.46,9.08,2.69,0.14
2016-08-07T23:00,142.67,,60.22,31.87,21.47,9.08,2.69,0.03
2016-08-08T00:00,142.67,,60.22,31.87,21.46,9.08,2.68,-0.01
2016-08-08T01:00,142.68,,60.23,31.87,21.46,9.08,2.68,0.03
2016-08-08T02:00,142.68,,60.24,31.87,21.46,9.08,2.68,0.14
2016-08-08T03:00,142.69,,60.24,31.87,21.46,9.08,2.68,0.33
2016-08-08T04:00,142.68,,60.25,31.88,21.46,9.08,2.68,0.39
2016-08-08T05:00,142.68,,60.25,31.88,21.47,9.08,2.68,0.59
2016-08-08T06:00,142.69,,60.25,31.89,21.47,9.08,2.67,0.72
2016-08-08T07:00,142.69,,60.25,31.89,21.47,9.08,2.67,0.68
2016-08-08T08:00,142.69,,60.25,31.89,21.48,9.08,2.67,0.55
2016-08-08T09:00,142.67,,60.25,31.89,21.48,9.09,2.68,0.5
2016-08-08T10:00,142.65,,60.25,31.89,21.48,9.09,2.68,0.31
2016-08-08T11:00,142.66,,60.25,31.89,21.47,9.09,2.68,0.14
2016-08-08T12:00,142.65,,60.24,31.89,21.48,9.09,2.67,0.01
2016-08-08T13:00,142.67,,60.23,31.89,21.48,9.09,2.67,0.1
2016-08-08T14:00,142.67,,60.23,31.89,21.47,9.09,2.67,0.11
2016-08-08T15:00,142.67,,60.22,31.88,21.47,9.09,2.68,0.23
2016-08-08T16:00,142.67,,60.24,31.88,21.47,9.09,2.68,0.55
2016-08-08T17:00,142.68,,60.23,31.88,21.46,9.08,2.68,0.47
2016-08-08T18:00,142.68,,60.24,31.88,21.46,9.08,2.67,0.53
2016-08-08T19:00,142.67,,60.23,31.88,21.46,9.07,2.67,0.54
2016-08-08T20:00,142.67,,60.24,31.88,21.46,9.07,2.67,0.61
2016-08-08T21:00,142.68,,60.23,31.88,21.46,9.07,2.67,0.63
2016-08-08T22:00,142.68,,60.23,31.88,21.46,9.07,2.67,0.39
2016-08-08T23:00,142.71,,60.23,31.88,21.46,9.07,2.67,0.27
2016-08-09T00:00,142.69,,60.24,31.88,21.46,9.08,2.67,0.17
2016-08-09T01:00,142.68,,60.23,31.88,21.46,9.08,2.67,0.19
2016-08-09T02:00,142.68,,60.25,31.88,21.46,9.08,2.67,0.31
2016-08-09T03:00,142.68,,60.25,31.88,21.46,9.08,2.67,0.43
2016-08-09T04:00,142.68,,60.24,31.88,21.46,9.09,2.68,0.38
2016-08-09T05:00,142.68,,60.24,31.88,21.47,9.09,2.68,0.77
2016-08-09T06:00,142.68,,60.24,31.88,21.47,9.09,2.69,0.66
2016-08-09T07:00,142.67,,60.24,31.88,21.47,9.09,2.69,0.66
2016-08-09T08:00,142.67,,60.24,31.88,21.47,9.09,2.7,0.65
2016-08-09T09:00,142.67,,60.24,31.88,21.47,9.09,2.71,0.72
2016-08-09T10:00,142.68,,60.23,31.88,21.48,9.1,2.72,0.65
2016-08-09T11:00,142.68,,60.23,31.88,21.48,9.1,2.74,0.37
2016-08-09T12:00,142.67,,60.23,31.89,21.49,9.11,2.76,0.34
2016-08-09T13:00,142.67,,60.23,31.89,21.5,9.12,2.76,0.38
2016-08-09T14:00,142.67,,60.24,31.89,21.5,9.13,2.76,0.39
2016-08-09T15:00,142.68,,60.23,31.89,21.5,9.14,2.78,0.53
2016-08-09T16:00,142.67,,60.23,31.88,21.49,9.14,2.78,0.63
2016-08-09T17:00,142.67,,60.23,31.88,21.49,9.14,2.79,0.86
2016-08-09T18:00,142.67,,60.23,31.88,21.5,9.14,2.79,0.74
2016-08-09T19:00,142.67,,60.23,31.88,21.5,9.14,2.8,1.08
2016-08-09T20:00,142.67,,60.23,31.88,21.51,9.15,2.79,0.67
2016-08-09T21:00,142.67,,60.23,31.88,21.51,9.15,2.79,0.74
2016-08-09T22:00,142.67,,60.22,31.88,21.51,9.16,2.79,0.51
2016-08-09T23:00,142.64,,60.22,31.87,21.51,9.16,2.79,0.69
2016-08-10T00:00,142.6,,60.22,31.87,21.5,9.16,2.79,0.35
2016-08-10T01:00,142.57,,60.22,31.87,21.49,9.15,2.79,0.35
2016-08-10T02:00,142.57,,60.2,31.86,21.48,9.14,2.79,0.32
2016-08-10T03:00,142.57,,60.18,31.86,21.48,9.13,2.79,0.26
2016-08-10T04:00,142.57,,60.16,31.85,21.47,9.12,2.78,0.35
2016-08-10T05:00,142.57,,60.16,31.83,21.46,9.11,2.77,0.51
2016-08-10T06:00,142.57,,60.16,31.81,21.45,9.1,2.76,0.7
2016-08-10T07:00,142.58,,60.16,31.81,21.44,9.09,2.75,0.67
2016-08-10T08:00,142.58,,60.16,31.8,21.43,9.07,2.74,0.58
2016-08-10T09:00,142.58,,60.15,31.8,21.43,9.07,2.71,0.61
2016-08-10T10:00,142.56,,60.15,31.8,21.43,9.06,2.68,0.46
2016-08-10T11:00,142.57,,60.15,31.79,21.42,9.05,2.63,0.35
2016-08-10T12:00,142.56,,60.16,31.79,21.42,9.05,2.59,0.24
2016-08-10T13:00,142.56,,60.14,31.79,21.42,9.05,2.56,0.16
2016-08-10T14:00,142.56,,60.15,31.79,21.42,9.04,2.53,0.18
2016-08-10T15:00,142.56,,60.14,31.78,21.42,9.04,2.52,0.2
2016-08-10T16:00,142.56,,60.14,31.78,21.41,9.04,2.51,0.24
2016-08-10T17:00,142.58,,60.14,31.78,21.41,9.04,2.5,0.4
2016-08-10T18:00,142.58,,60.13,31.77,21.41,9.03,2.5,0.49
2016-08-10T19:00,142.56,,60.14,31.77,21.41,9.03,2.49,0.56
2016-08-10T20:00,142.56,,60.14,31.77,21.4,9.02,2.49,0.61
2016-08-10T21:00,142.57,,60.15,31.76,21.4,9.02,2.49,0.52
2016-08-10T22:00,142.56,,60.13,31.76,21.4,9.02,2.48,0.45
2016-08-10T23:00,142.57,,60.13,31.76,21.4,9.01,2.48,0.35
2016-08-11T00:00,142.56,,60.13,31.76,21.4,9.01,2.5,0.22
2016-08-11T01:00,142.56,,60.13,31.76,21.4,9.01,2.53,0.12
2016-08-11T02:00,142.5,,60.14,31.76,21.39,9.01,2.54,0.02
2016-08-11T03:00,142.49,,60.13,31.76,21.4,9.01,2.56,0.01
2016-08-11T04:00,142.49,,60.13,31.76,21.39,9.0,2.57,0.05
2016-08-11T05:00,142.49,,60.1,31.76,21.39,9.0,2.56,0.12
2016-08-11T06:00,142.48,,60.09,31.76,21.4,9.0,2.55,0.2
2016-08-11T07:00,142.48,,60.09,31.75,21.39,9.0,2.53,0.28
2016-08-11T08:00,142.48,,60.08,31.74,21.38,9.0,2.52,0.32
2016-08-11T09:00,142.48,,60.08,31.73,21.38,8.99,2.51,0.34
2016-08-11T10:00,142.47,,60.08,31.73,21.38,8.99,2.51,0.31
2016-08-11T11:00,142.49,,60.07,31.73,21.37,8.98,2.5,0.27
2016-08-11T12:00,142.5,,60.08,31.73,21.37,8.98,2.49,0.22
2016-08-11T13:00,142.5,,60.07,31.72,21.37,8.97,2.49,0.19
2016-08-11T14:00,142.5,,60.08,31.72,21.36,8.97,2.49,0.14
2016-08-11T15:00,142.47,,60.08,31.72,21.37,8.97,2.48,0.19
2016-08-11T16:00,142.47,,60.08,31.72,21.36,8.97,2.47,0.25
2016-08-11T17:00,142.47,,60.08,31.72,21.36,8.96,2.47,0.29
2016-08-11T18:00,142.47,,60.07,31.72,21.36,8.96,2.47,0.4
2016-08-11T19:00,142.47,,60.06,31.72,21.36,8.96,2.47,0.5
2016-08-11T20:00,142.5,,60.06,31.72,21.36,8.96,2.48,0.55
2016-08-11T21:00,142.5,,60.06,31.71,21.36,8.96,2.5,0.54
2016-08-11T22:00,142.48,,60.06,31.71,21.35,8.96,2.51,0.46
2016-08-11T23:00,142.49,,60.07,31.71,21.35,8.95,2.51,0.36
2016-08-12T00:00,142.48,,60.07,31.71,21.35,8.95,2.51,0.26
2016-08-12T01:00,142.48,,60.06,31.71,21.35,8.95,2.51,0.14
2016-08-12T02:00,142.48,,60.07,31.71,21.35,8.95,2.51,0.04
2016-08-12T03:00,142.48,,60.06,31.71,21.35,8.94,2.5,-0.05
2016-08-12T04:00,142.48,,60.06,31.71,21.35,8.95,2.49,-0.06
2016-08-12T05:00,142.48,,60.06,31.71,21.35,8.95,2.47,-0.04
2016-08-12T06:00,142.48,,60.06,31.71,21.35,8.95,2.46,0.0
2016-08-12T07:00,142.48,,60.06,31.7,21.35,8.94,2.45,0.1
2016-08-12T08:00,142.5,,60.06,31.7,21.35,8.94,2.44,0.15
2016-08-12T09:00,142.5,,60.06,31.7,21.35,8.94,2.43,0.19
2016-08-12T10:00,142.5,,60.06,31.7,21.35,8.94,2.43,0.24
2016-08-12T11:00,142.49,,60.07,31.7,21.35,8.94,2.43,0.24
2016-08-12T12:00,142.48,,60.08,31.7,21.34,8.94,2.42,0.23
2016-08-12T13:00,142.48,,60.07,31.71,21.34,8.94,2.42,0.24
2016-08-12T14:00,142.48,,60.06,31.71,21.35,8.94,2.42,0.22
2016-08-12T15:00,142.48,,60.05,31.71,21.35,8.94,2.42,0.21
2016-08-12T16:00,142.5,,60.05,31.71,21.34,8.94,2.42,0.22
2016-08-12T17:00,142.5,,60.05,31.7,21.34,8.94,2.42,0.28
2016-08-12T18:00,142.5,,60.05,31.7,21.34,8.94,2.42,0.34
2016-08-12T19:00,142.49,,60.07,31.7,21.33,8.93,2.42,0.42
2016-08-12T20:00,142.5,,60.07,31.7,21.33,8.93,2.42,0.49
2016-08-12T21:00,142.49,,60.07,31.7,21.32,8.93,2.42,0.5
2016-08-12T22:00,142.49,,60.07,31.7,21.32,8.92,2.41,0.5
2016-08-12T23:00,142.51,,60.07,31.7,21.33,8.92,2.41,0.44
2016-08-13T00:00,142.49,,60.07,31.7,21.33,8.92,2.4,0.34
2016-08-13T01:00,142.49,,60.07,31.7,21.33,8.91,2.4,0.24
2016-08-13T02:00,142.49,,60.08,31.7,21.33,8.92,2.4,0.11
2016-08-13T03:00,142.49,,60.07,31.7,21.32,8.92,2.4,0.0
2016-08-13T04:00,142.51,,60.07,31.7,21.32,8.91,2.4,-0.09
2016-08-13T05:00,142.51,,60.07,31.7,21.32,8.91,2.4,-0.11
2016-08-13T06:00,142.51,,60.07,31.7,21.32,8.91,2.4,-0.11
2016-08-13T07:00,142.51,,60.08,31.7,21.32,8.91,2.39,-0.09
2016-08-13T08:00,142.51,,60.08,31.7,21.32,8.91,2.39,-0.01
2016-08-13T09:00,142.51,,60.08,31.7,21.32,8.9,2.39,0.06
2016-08-13T10:00,142.51,,60.08,31.71,21.32,8.9,2.39,0.14
2016-08-13T11:00,142.52,,60.08,31.71,21.32,8.9,2.39,0.2
2016-08-13T12:00,142.51,,60.08,31.71,21.32,8.91,2.39,0.28
2016-08-13T13:00,142.51,,60.08,31.71,21.33,8.91,2.39,0.31
2016-08-13T14:00,142.51,,60.09,31.71,21.32,8.91,2.39,0.32
2016-08-13T15:00,142.51,,60.08,31.71,21.32,8.91,2.39,0.32
2016-08-13T16:00,142.5,,60.08,31.71,21.32,8.91,2.39,0.28
2016-08-13T17:00,142.5,,60.08,31.71,21.32,8.91,2.39,0.27
2016-08-13T18:00,142.5,,60.08,31.71,21.32,8.9,2.39,0.32
2016-08-13T19:00,142.5,,60.08,31.71,21.32,8.9,2.4,0.38
2016-08-13T20:00,142.51,,60.08,31.71,21.32,8.91,2.42,0.46
2016-08-13T21:00,142.51,,60.08,31.7,21.31,8.9,2.43,0.48
2016-08-13T22:00,142.51,,60.07,31.7,21.31,8.9,2.44,0.52
2016-08-13T23:00,142.52,,60.07,31.7,21.31,8.9,2.45,0.47
2016-08-14T00:00,142.51,,60.07,31.7,21.31,8.9,2.45,0.43
2016-08-14T01:00,142.5,,60.08,31.7,21.31,8.89,2.45,0.36
2016-08-14T02:00,142.51,,60.08,31.7,21.31,8.89,2.45,0.24
2016-08-14T03:00,142.51,,60.08,31.7,21.31,8.89,2.45,0.11
2016-08-14T04:00,142.5,,60.08,31.7,21.31,8.89,2.45,0.0
2016-08-14T05:00,142.51,,60.08,31.7,21.31,8.89,2.44,-0.1
2016-08-14T06:00,142.51,,60.08,31.7,21.31,8.89,2.44,-0.17
2016-08-14T07:00,142.5,,60.07,31.7,21.3,8.89,2.43,-0.18
2016-08-14T08:00,142.5,,60.07,31.7,21.3,8.89,2.42,-0.15
2016-08-14T09:00,142.5,,60.08,31.7,21.31,8.89,2.4,-0.06
2016-08-14T10:00,142.48,,60.07,31.7,21.3,8.89,2.4,0.07
2016-08-14T11:00,142.49,,60.07,31.7,21.3,8.89,2.41,0.16
2016-08-14T12:00,142.48,,60.07,31.7,21.31,8.89,2.42,0.26
2016-08-14T13:00,142.48,,60.05,31.7,21.31,8.89,2.41,0.32
2016-08-14T14:00,142.5,,60.06,31.7,21.3,8.89,2.4,0.44
2016-08-14T15:00,142.5,,60.05,31.7,21.3,8.89,2.39,0.4
2016-08-14T16:00,142.48,,60.06,31.69,21.3,8.89,2.38,0.38
2016-08-14T17:00,142.48,,60.07,31.69,21.3,8.89,2.37,0.37
2016-08-14T18:00,142.48,,60.07,31.69,21.3,8.88,2.37,0.36
2016-08-14T19:00,142.48,,60.05,31.69,21.29,8.88,2.37,0.38
2016-08-14T20:00,142.48,,60.05,31.69,21.3,8.88,2.38,0.4
2016-08-14T21:00,142.48,,60.05,31.69,21.29,8.88,2.39,0.51
2016-08-14T22:00,142.48,,60.05,31.69,21.29,8.88,2.4,0.57
2016-08-14T23:00,142.49,,60.05,31.69,21.29,8.88,2.41,0.61
2016-08-15T00:00,142.48,,60.05,31.68,21.29,8.88,2.42,0.67
2016-08-15T01:00,142.48,,60.05,31.68,21.29,8.88,2.42,0.61
2016-08-15T02:00,142.48,,60.06,31.68,21.29,8.87,2.42,0.66
2016-08-15T03:00,142.48,,60.05,31.68,21.28,8.87,2.42,0.42
2016-08-15T04:00,142.48,,60.06,31.68,21.29,8.87,2.42,0.25
2016-08-15T05:00,142.48,,60.05,31.68,21.29,8.87,2.41,0.07
2016-08-15T06:00,142.48,,60.05,31.68,21.29,8.87,2.4,0.07
2016-08-15T07:00,142.48,,60.05,31.68,21.29,8.87,2.39,-0.04
2016-08-15T08:00,142.49,,60.05,31.68,21.29,8.87,2.37,0.04
2016-08-15T09:00,142.48,,60.05,31.68,21.29,8.88,2.36,0.16
2016-08-15T10:00,142.48,,60.05,31.68,21.29,8.88,2.36,0.2
2016-08-15T11:00,142.49,,60.05,31.68,21.29,8.87,2.36,0.4
2016-08-15T12:00,142.47,,60.05,31.68,21.29,8.88,2.36,0.41
2016-08-15T13:00,142.47,,60.05,31.68,21.29,8.88,2.35,0.62
2016-08-15T14:00,142.47,,60.05,31.68,21.29,8.88,2.35,0.57
2016-08-15T15:00,142.5,,60.04,31.68,21.29,8.88,2.36,0.56
2016-08-15T16:00,142.73,,60.03,31.68,21.29,8.88,2.36,0.64
2016-08-15T17:00,142.89,,60.04,31.68,21.28,8.87,2.36,0.5
2016-08-15T18:00,142.91,,60.06,31.68,21.28,8.87,2.36,0.49
2016-08-15T19:00,142.89,,60.19,31.67,21.28,8.87,2.36,0.44
2016-08-15T20:00,142.86,,60.29,31.68,21.28,8.87,2.38,0.45
2016-08-15T21:00,142.86,,60.33,31.74,21.28,8.86,2.39,0.48
2016-08-15T22:00,142.85,,60.34,31.83,21.32,8.86,2.4,0.49
2016-08-15T23:00,142.84,,60.31,31.88,21.38,8.88,2.4,0.59
2016-08-16T00:00,142.83,,60.31,31.89,21.41,8.93,2.41,0.6
2016-08-16T01:00,142.83,,60.31,31.89,21.42,8.98,2.41,0.71
2016-08-16T02:00,142.8,,60.3,31.89,21.42,9.01,2.43,0.57
2016-08-16T03:00,142.78,,60.29,31.89,21.42,9.02,2.46,0.51
2016-08-16T04:00,142.77,,60.28,31.88,21.42,9.01,2.5,0.31
2016-08-16T05:00,142.76,,60.27,31.88,21.42,9.01,2.53,0.16
2016-08-16T06:00,142.75,,60.25,31.87,21.41,9.01,2.55,-0.01
2016-08-16T07:00,142.77,,60.25,31.86,21.41,9.0,2.57,-0.18
2016-08-16T08:00,142.75,,60.24,31.85,21.41,9.0,2.57,-0.26
2016-08-16T09:00,142.72,,60.23,31.84,21.4,9.0,2.57,-0.28
2016-08-16T10:00,142.71,,60.23,31.84,21.4,8.99,2.58,-0.19
2016-08-16T11:00,142.69,,60.23,31.83,21.4,8.99,2.59,-0.05
2016-08-16T12:00,142.7,,60.22,31.83,21.4,9.0,2.61,0.14
2016-08-16T13:00,142.69,,60.2,31.83,21.4,9.0,2.63,0.29
2016-08-16T14:00,142.68,,60.19,31.82,21.4,9.0,2.64,0.43
2016-08-16T15:00,142.66,,60.19,31.81,21.4,9.0,2.66,0.5
2016-08-16T16:00,142.66,,60.19,31.81,21.4,9.0,2.66,0.51
2016-08-16T17:00,142.63,,60.18,31.8,21.39,9.0,2.66,0.43
2016-08-16T18:00,142.58,,60.18,31.8,21.38,8.99,2.67,0.37
2016-08-16T19:00,142.58,,60.17,31.79,21.38,8.99,2.67,0.3
2016-08-16T20:00,142.57,,60.15,31.79,21.38,8.98,2.67,0.28
2016-08-16T21:00,142.57,,60.12,31.78,21.38,8.98,2.67,0.31
2016-08-16T22:00,142.57,,60.12,31.77,21.37,8.97,2.67,0.34
2016-08-16T23:00,142.56,,60.11,31.75,21.37,8.97,2.66,0.44
2016-08-17T00:00,142.56,,60.11,31.75,21.36,8.97,2.65,0.56
2016-08-17T01:00,142.56,,60.1,31.74,21.35,8.96,2.64,0.64
2016-08-17T02:00,142.57,,60.1,31.74,21.35,8.95,2.64,0.66
2016-08-17T03:00,142.57,,60.1,31.74,21.35,8.94,2.63,0.57
2016-08-17T04:00,142.57,,60.11,31.73,21.35,8.94,2.62,0.47
2016-08-17T05:00,142.57,,60.11,31.73,21.35,8.94,2.62,0.31
2016-08-17T06:00,142.57,,60.12,31.73,21.35,8.94,2.62,0.09
2016-08-17T07:00,142.56,,60.11,31.73,21.36,8.94,2.65,-0.06
2016-08-17T08:00,142.56,,60.12,31.74,21.36,8.95,2.68,-0.19
2016-08-17T09:00,142.59,,60.15,31.75,21.37,8.95,2.71,-0.21
2016-08-17T10:00,142.61,,60.17,31.79,21.39,8.97,2.76,-0.16
2016-08-17T11:00,142.56,,60.21,31.84,21.43,8.98,2.8,-0.03
2016-08-17T12:00,142.53,,60.31,31.86,21.47,9.03,2.85,0.16
2016-08-17T13:00,142.51,,60.36,31.91,21.5,9.1,2.94,0.37
2016-08-17T14:00,142.55,,60.34,32.0,21.56,9.16,3.06,0.52
2016-08-17T15:00,142.65,,60.36,32.1,21.65,9.24,3.21,0.69
2016-08-17T16:00,142.58,,60.35,32.18,21.74,9.36,3.36,0.86
2016-08-17T17:00,142.62,,60.37,32.24,21.83,9.57,3.52,0.9
2016-08-17T18:00,142.78,,60.48,32.34,21.95,9.67,3.74,1.08
2016-08-17T19:00,142.97,,60.8,32.56,22.1,9.86,4.02,1.08
2016-08-17T20:00,143.19,,61.29,32.84,22.3,10.12,4.49,1.29
2016-08-17T21:00,143.35,,61.51,33.23,22.52,10.52,4.99,1.02
2016-08-17T22:00,143.34,,61.61,33.89,22.79,11.0,5.4,1.08
2016-08-17T23:00,143.31,,61.84,34.38,23.48,11.56,5.84,1.2
2016-08-18T00:00,143.2,,61.92,34.59,23.99,12.18,6.21,1.34
2016-08-18T01:00,143.18,,61.82,34.71,24.24,12.84,6.5,1.51
2016-08-18T02:00,143.18,,61.49,34.74,24.35,13.36,6.76,1.63
2016-08-18T03:00,143.2,,61.29,34.57,24.35,13.71,7.0,1.7
2016-08-18T04:00,143.22,,61.17,34.3,24.21,13.88,7.23,1.7
2016-08-18T05:00,143.21,,61.11,33.99,23.96,13.89,7.45,1.66
2016-08-18T06:00,143.22,,61.06,33.8,23.68,13.73,7.65,1.58
2016-08-18T07:00,143.22,,61.04,33.67,23.45,13.43,7.76,1.5
2016-08-18T08:00,143.23,,61.0,33.57,23.27,13.06,7.87,1.42
2016-08-18T09:00,143.24,,60.98,33.51,23.14,12.68,7.94,1.33
2016-08-18T10:00,143.22,,60.97,33.46,23.03,12.35,7.96,1.28
2016-08-18T11:00,143.22,,60.95,33.41,22.93,12.08,7.94,1.23
2016-08-18T12:00,143.22,,60.94,33.37,22.89,11.86,7.91,1.19
2016-08-18T13:00,143.21,,60.92,33.33,22.85,11.66,7.84,1.22
2016-08-18T14:00,143.21,,60.91,33.31,22.8,11.49,7.74,1.23
2016-08-18T15:00,143.2,,60.9,33.28,22.76,11.38,7.66,1.27
2016-08-18T16:00,143.19,,60.88,33.25,22.75,11.26,7.52,1.29
2016-08-18T17:00,143.2,,60.87,33.23,22.73,11.12,7.38,1.26
2016-08-18T18:00,143.19,,60.86,33.2,22.68,11.0,7.22,1.18
2016-08-18T19:00,143.22,,60.84,33.18,22.65,10.94,7.05,1.08
2016-08-18T20:00,143.22,,60.83,33.16,22.61,10.91,6.88,0.97
2016-08-18T21:00,143.21,,60.82,33.14,22.59,10.89,6.7,0.88
2016-08-18T22:00,143.3,,60.83,33.12,22.57,10.8,6.54,0.82
2016-08-18T23:00,143.33,,60.84,33.11,22.55,10.71,6.38,0.79
2016-08-19T00:00,143.32,,60.83,33.1,22.53,10.7,6.21,0.82
2016-08-19T01:00,143.32,,60.87,33.1,22.53,10.68,6.06,0.9
2016-08-19T02:00,143.31,,60.88,33.09,22.51,10.67,5.95,1.01
2016-08-19T03:00,143.31,,60.87,33.1,22.51,10.66,5.85,1.01
2016-08-19T04:00,143.31,,60.87,33.11,22.51,10.64,5.78,0.98
2016-08-19T05:00,143.31,,60.87,33.11,22.52,10.64,5.71,0.89
2016-08-19T06:00,143.29,,60.86,33.11,22.51,10.62,5.65,0.73
2016-08-19T07:00,143.27,,60.87,33.1,22.49,10.61,5.59,0.53
2016-08-19T08:00,143.27,,60.86,33.09,22.49,10.59,5.54,0.36
2016-08-19T09:00,143.28,,60.87,33.09,22.48,10.57,5.5,0.23
2016-08-19T10:00,143.28,,60.86,33.08,22.48,10.56,5.46,0.16
2016-08-19T11:00,143.3,,60.85,33.07,22.47,10.53,5.43,0.14
2016-08-19T12:00,143.28,,60.85,33.07,22.45,10.51,5.39,0.18
2016-08-19T13:00,143.28,,60.84,33.06,22.44,10.5,5.36,0.3
2016-08-19T14:00,143.29,,60.85,33.05,22.43,10.47,5.32,0.43
2016-08-19T15:00,143.24,,60.84,33.04,22.43,10.45,5.29,0.56
2016-08-19T16:00,143.29,,60.83,33.04,22.43,10.43,5.26,0.72
2016-08-19T17:00,143.26,,60.84,33.03,22.41,10.41,5.23,0.75
2016-08-19T18:00,143.27,,60.83,33.02,22.4,10.39,5.18,0.7
2016-08-19T19:00,143.25,,60.85,33.02,22.41,10.37,5.14,0.6
2016-08-19T20:00,143.27,,60.85,33.02,22.4,10.35,5.09,0.46
2016-08-19T21:00,143.26,,60.84,33.02,22.38,10.33,5.04,0.39
2016-08-19T22:00,143.24,,60.85,33.03,22.38,10.32,5.0,0.35
2016-08-19T23:00,143.26,,60.84,33.03,22.38,10.31,4.95,0.4
2016-08-20T00:00,143.26,,60.82,33.02,22.38,10.3,4.9,0.43
2016-08-20T01:00,143.27,,60.82,33.01,22.39,10.3,4.86,0.58
2016-08-20T02:00,143.25,,60.82,33.0,22.38,10.29,4.82,0.72
2016-08-20T03:00,143.25,,60.82,33.0,22.37,10.28,4.79,0.87
2016-08-20T04:00,143.23,,60.82,32.99,22.37,10.27,4.77,0.83
2016-08-20T05:00,143.23,,60.82,32.98,22.37,10.26,4.74,0.87
2016-08-20T06:00,143.21,,60.81,32.98,22.36,10.24,4.71,0.69
2016-08-20T07:00,143.21,,60.81,32.98,22.35,10.23,4.69,0.53
2016-08-20T08:00,143.23,,60.8,32.97,22.35,10.22,4.66,0.32
2016-08-20T09:00,143.22,,60.8,32.97,22.37,10.21,4.63,0.1
2016-08-20T10:00,143.22,,60.81,32.97,22.36,10.21,4.61,0.0
2016-08-20T11:00,143.22,,60.82,32.96,22.37,10.21,4.59,-0.06
2016-08-20T12:00,143.21,,60.87,32.96,22.36,10.21,4.58,-0.01
2016-08-20T13:00,143.22,,60.88,32.98,22.38,10.21,4.56,0.15
2016-08-20T14:00,143.23,,60.87,33.1,22.4,10.21,4.56,0.34
2016-08-20T15:00,143.23,,60.9,33.19,22.48,10.23,4.55,0.53
2016-08-20T16:00,143.22,,60.9,33.21,22.57,10.31,4.55,0.7
2016-08-20T17:00,143.22,,60.92,33.26,22.6,10.46,4.56,0.76
2016-08-20T18:00,143.25,,60.91,33.29,22.65,10.56,4.62,0.67
2016-08-20T19:00,143.26,,60.92,33.33,22.68,10.61,4.71,0.57
2016-08-20T20:00,143.28,,60.93,33.36,22.71,10.65,4.8,0.49
2016-08-20T21:00,143.28,,60.93,33.37,22.76,10.72,4.9,0.36
2016-08-20T22:00,143.27,,60.94,33.36,22.83,10.81,5.01,0.3
2016-08-20T23:00,143.27,,60.96,33.36,22.84,10.86,5.12,0.28
2016-08-21T00:00,143.25,,60.97,33.39,22.92,10.9,5.24,0.37
2016-08-21T01:00,143.26,,60.97,33.4,22.95,10.97,5.35,0.5
2016-08-21T02:00,143.29,,60.98,33.41,22.99,11.04,5.48,0.7
2016-08-21T03:00,143.3,,60.97,33.41,23.01,11.1,5.61,0.89
2016-08-21T04:00,143.32,,60.99,33.41,23.03,11.14,5.75,0.97
2016-08-21T05:00,143.31,,60.99,33.41,23.03,11.16,5.9,1.03
2016-08-21T06:00,143.31,,61.01,33.4,23.02,11.2,6.04,1.01
2016-08-21T07:00,143.32,,61.03,33.4,23.02,11.21,6.17,0.9
2016-08-21T08:00,143.32,,61.02,33.41,23.01,11.21,6.3,0.79
2016-08-21T09:00,143.32,,61.03,33.41,23.02,11.24,6.44,0.68
2016-08-21T10:00,143.34,,61.06,33.42,23.04,11.28,6.57,0.64
2016-08-21T11:00,143.34,,61.12,33.45,23.05,11.33,6.71,0.62
2016-08-21T12:00,143.35,,61.15,33.51,23.09,11.42,6.81,0.67
2016-08-21T13:00,143.36,,61.17,33.58,23.13,11.5,6.9,0.84
2016-08-21T14:00,143.38,,61.21,33.64,23.18,11.57,6.97,0.93
2016-08-21T15:00,143.4,,61.26,33.69,23.23,11.65,7.04,1.14
2016-08-21T16:00,143.42,,61.3,33.73,23.3,11.75,7.1,1.23
2016-08-21T17:00,143.44,,61.33,33.76,23.35,11.81,7.16,1.31
2016-08-21T18:00,143.44,,61.36,33.79,23.37,11.87,7.21,1.34
2016-08-21T19:00,143.44,,61.35,33.8,23.38,11.94,7.25,1.26
2016-08-21T20:00,143.45,,61.31,33.8,23.39,11.96,7.31,1.31
2016-08-21T21:00,143.46,,61.31,33.81,23.4,11.96,7.36,1.17
2016-08-21T22:00,143.46,,61.33,33.8,23.39,11.95,7.39,1.17
2016-08-21T23:00,143.46,,61.34,33.8,23.38,11.94,7.44,1.1
2016-08-22T00:00,143.47,,61.38,33.82,23.38,11.94,7.47,1.1
2016-08-22T01:00,143.48,,61.41,33.83,23.4,11.94,7.51,1.12
2016-08-22T02:00,143.48,,61.39,33.84,23.41,11.97,7.53,1.17
2016-08-22T03:00,143.46,,61.38,33.84,23.4,11.97,7.56,1.22
2016-08-22T04:00,143.45,,61.36,33.83,23.38,11.98,7.58,1.32
2016-08-22T05:00,143.45,,61.31,33.8,23.36,11.95,7.59,1.37
2016-08-22T06:00,143.44,,61.31,33.77,23.34,11.93,7.59,1.4
2016-08-22T07:00,143.44,,61.28,33.74,23.31,11.89,7.61,1.35
2016-08-22T08:00,143.44,,61.26,33.72,23.27,11.84,7.57,1.25
2016-08-22T09:00,143.43,,61.26,33.7,23.24,11.78,7.54,1.16
2016-08-22T10:00,143.42,,61.23,33.68,23.21,11.72,7.49,1.08
2016-08-22T11:00,143.4,,61.24,33.67,23.19,11.65,7.44,0.98
2016-08-22T12:00,143.4,,61.23,33.65,23.17,11.6,7.37,0.93
2016-08-22T13:00,143.4,,61.19,33.64,23.14,11.54,7.28,0.91
2016-08-22T14:00,143.37,,61.19,33.63,23.12,11.49,7.2,0.93
2016-08-22T15:00,143.38,,61.16,33.62,23.11,11.45,7.1,0.97
2016-08-22T16:00,143.39,,61.16,33.6,23.1,11.4,7.01,1.07
2016-08-22T17:00,143.39,,61.15,33.59,23.09,11.36,6.91,1.15
2016-08-22T18:00,143.4,,61.16,33.58,23.08,11.34,6.81,1.16
2016-08-22T19:00,143.44,,61.19,33.57,23.09,11.32,6.72,1.11
2016-08-22T20:00,143.42,,61.27,33.6,23.08,11.3,6.63,1.03
2016-08-22T21:00,143.41,,61.33,33.72,23.1,11.28,6.56,0.95
2016-08-22T22:00,143.39,,61.46,33.92,23.17,11.29,6.49,0.83
2016-08-22T23:00,143.37,,61.48,34.1,23.33,11.36,6.43,0.74
2016-08-23T00:00,143.36,,61.47,34.17,23.51,11.52,6.4,0.69
2016-08-23T01:00,143.35,,61.41,34.19,23.61,11.73,6.39,0.65
2016-08-23T02:00,143.34,,61.35,34.2,23.65,11.9,6.42,0.69
2016-08-23T03:00,143.33,,61.32,34.17,23.66,12.02,6.48,0.79
2016-08-23T04:00,143.34,,61.29,34.13,23.65,12.07,6.53,0.92
2016-08-23T05:00,143.36,,61.3,34.1,23.63,12.09,6.59,1.07
2016-08-23T06:00,143.4,,61.35,34.1,23.62,12.08,6.65,1.21
2016-08-23T07:00,143.49,,61.48,34.13,23.61,12.08,6.68,1.23
2016-08-23T08:00,143.65,,61.87,34.24,23.62,12.08,6.72,1.16
2016-08-23T09:00,143.71,,62.43,34.49,23.72,12.09,6.76,1.05
2016-08-23T10:00,143.76,,62.83,34.75,23.88,12.16,6.81,0.99
2016-08-23T11:00,143.96,,62.93,35.18,24.07,12.34,6.83,0.92
2016-08-23T12:00,144.08,,62.81,35.45,24.38,12.64,6.87,0.91
2016-08-23T13:00,144.09,,62.63,35.57,24.73,13.09,6.94,0.87
2016-08-23T14:00,144.07,,62.59,35.52,24.94,13.53,7.05,0.88
2016-08-23T15:00,143.98,,62.58,35.4,24.93,13.91,7.18,0.93
2016-08-23T16:00,143.95,,62.53,35.31,24.83,14.15,7.36,1.01
2016-08-23T17:00,143.87,,62.46,35.26,24.74,14.24,7.5,1.09
2016-08-23T18:00,143.89,,62.37,35.2,24.67,14.21,7.68,1.18
2016-08-23T19:00,143.93,,62.33,35.13,24.58,14.12,7.78,1.22
2016-08-23T20:00,143.91,,62.26,35.06,24.5,14.05,7.87,1.24
2016-08-23T21:00,143.92,,62.19,35.01,24.43,13.95,7.94,1.21
2016-08-23T22:00,143.81,,62.13,34.95,24.35,13.84,7.99,1.14
2016-08-23T23:00,143.85,,62.08,34.89,24.28,13.73,8.02,1.05
2016-08-24T00:00,143.77,,62.04,34.84,24.21,13.64,8.02,0.96
2016-08-24T01:00,143.7,,62.0,34.79,24.16,13.51,8.01,0.89
2016-08-24T02:00,143.65,,61.9,34.74,24.09,13.41,7.98,0.86
2016-08-24T03:00,143.63,,61.86,34.69,24.03,13.3,7.93,0.88
2016-08-24T04:00,143.63,,61.87,34.65,23.97,13.2,7.89,0.9
2016-08-24T05:00,143.69,,61.83,34.59,23.92,13.11,7.83,0.99
2016-08-24T06:00,143.71,,61.8,34.56,23.85,12.99,7.75,1.05
2016-08-24T07:00,143.7,,61.76,34.52,23.8,12.9,7.7,1.06
2016-08-24T08:00,143.71,,61.74,34.49,23.75,12.82,7.63,1.04
2016-08-24T09:00,143.69,,61.75,34.45,23.71,12.73,7.53,1.01
2016-08-24T10:00,143.71,,61.69,34.41,23.66,12.65,7.45,0.95
2016-08-24T11:00,143.7,,61.67,34.38,23.62,12.58,7.36,0.89
2016-08-24T12:00,143.76,,61.66,34.33,23.57,12.51,7.28,0.83
2016-08-24T13:00,143.91,,61.63,34.29,23.53,12.44,7.21,0.81
2016-08-24T14:00,143.88,,61.61,34.26,23.49,12.38,7.12,0.79
2016-08-24T15:00,143.81,,61.59,34.22,23.47,12.33,7.04,0.83
2016-08-24T16:00,143.92,,61.59,34.2,23.43,12.26,6.97,0.9
2016-08-24T17:00,143.92,,61.54,34.17,23.41,12.21,6.9,0.97
2016-08-24T18:00,143.78,,61.53,34.14,23.38,12.15,6.83,1.03
2016-08-24T19:00,143.69,,61.53,34.1,23.35,12.1,6.75,1.05
2016-08-24T20:00,143.68,,61.41,34.08,23.31,12.05,6.68,1.04
2016-08-24T21:00,143.69,,61.27,34.04,23.28,12.0,6.62,0.98
2016-08-24T22:00,143.7,,61.18,33.97,23.22,11.96,6.55,0.89
2016-08-24T23:00,143.71,,61.16,33.87,23.13,11.9,6.49,0.81
2016-08-25T00:00,143.71,,61.14,33.79,23.03,11.81,6.42,0.74
2016-08-25T01:00,143.69,,61.12,33.76,22.97,11.69,6.35,0.67
2016-08-25T02:00,143.69,,61.1,33.74,22.93,11.56,6.27,0.64
2016-08-25T03:00,143.64,,61.1,33.71,22.91,11.5,6.16,0.61
2016-08-25T04:00,143.63,,61.08,33.7,22.89,11.45,6.06,0.6
2016-08-25T05:00,143.66,,61.08,33.68,22.87,11.41,5.97,0.63
2016-08-25T06:00,143.65,,61.07,33.66,22.85,11.37,5.89,0.69
2016-08-25T07:00,143.64,,61.05,33.65,22.82,11.32,5.81,0.73
2016-08-25T08:00,143.63,,61.04,33.64,22.79,11.28,5.73,0.75
2016-08-25T09:00,143.62,,61.03,33.62,22.77,11.24,5.66,0.76
2016-08-25T10:00,143.62,,61.02,33.61,22.76,11.2,5.59,0.72
2016-08-25T11:00,143.62,,61.01,33.59,22.75,11.16,5.53,0.67
2016-08-25T12:00,143.63,,61.0,33.58,22.73,11.14,5.48,0.64
2016-08-25T13:00,143.65,,61.0,33.57,22.72,11.12,5.43,0.62
2016-08-25T14:00,143.65,,60.99,33.55,22.7,11.1,5.38,0.61
2016-08-25T15:00,143.65,,60.98,33.54,22.69,11.03,5.34,0.62
2016-08-25T16:00,143.65,,60.99,33.53,22.67,10.99,5.3,0.68
2016-08-25T17:00,143.64,,60.98,33.52,22.66,10.97,5.25,0.74
2016-08-25T18:00,143.66,,60.98,33.51,22.65,10.98,5.21,0.81
2016-08-25T19:00,143.66,,60.95,33.5,22.64,10.99,5.17,0.85
2016-08-25T20:00,143.63,,60.94,33.49,22.63,10.96,5.14,0.83
2016-08-25T21:00,143.61,,60.93,33.48,22.62,10.94,5.11,0.8
2016-08-25T22:00,143.61,,60.93,33.47,22.61,10.92,5.09,0.69
2016-08-25T23:00,143.6,,60.94,33.46,22.6,10.91,5.06,0.61
2016-08-26T00:00,143.58,,60.93,33.45,22.58,10.89,5.03,0.51
2016-08-26T01:00,143.54,,60.91,33.44,22.57,10.87,5.01,0.41
2016-08-26T02:00,143.47,,60.91,33.43,22.56,10.84,4.99,0.39
2016-08-26T03:00,143.44,,60.91,33.42,22.55,10.83,4.96,0.36
2016-08-26T04:00,143.43,,60.88,33.41,22.54,10.81,4.93,0.35
2016-08-26T05:00,143.4,,60.85,33.4,22.54,10.79,4.91,0.4
2016-08-26T06:00,143.4,,60.85,33.38,22.52,10.78,4.88,0.46
2016-08-26T07:00,143.41,,60.86,33.36,22.52,10.75,4.85,0.52
2016-08-26T08:00,143.41,,60.86,33.35,22.52,10.73,4.82,0.55
2016-08-26T09:00,143.4,,60.93,33.36,22.53,10.7,4.8,0.58
2016-08-26T10:00,143.41,,60.92,33.38,22.53,10.69,4.77,0.56
2016-08-26T11:00,143.41,,60.94,33.4,22.56,10.7,4.75,0.57
2016-08-26T12:00,143.41,,60.93,33.41,22.57,10.72,4.73,0.51
2016-08-26T13:00,143.4,,60.94,33.42,22.58,10.74,4.73,0.46
2016-08-26T14:00,143.41,,60.92,33.42,22.59,10.75,4.73,0.5
2016-08-26T15:00,143.42,,60.89,33.41,22.59,10.77,4.74,0.49
2016-08-26T16:00,143.42,,60.88,33.4,22.6,10.77,4.75,0.56
2016-08-26T17:00,143.44,,60.89,33.38,22.6,10.78,4.77,0.63
2016-08-26T18:00,143.44,,60.92,33.37,22.58,10.78,4.8,0.65
2016-08-26T19:00,143.44,,60.94,33.37,22.57,10.76,4.82,0.73
2016-08-26T20:00,143.45,,60.95,33.39,22.58,10.74,4.83,0.8
2016-08-26T21:00,143.44,,60.97,33.41,22.59,10.74,4.84,0.79
2016-08-26T22:00,143.42,,60.95,33.44,22.62,10.76,4.85,0.73
2016-08-26T23:00,143.42,,60.97,33.47,22.65,10.79,4.86,0.63
2016-08-27T00:00,143.41,,60.94,33.48,22.7,10.84,4.89,0.55
2016-08-27T01:00,143.4,,60.93,33.48,22.74,10.9,4.92,0.45
2016-08-27T02:00,143.39,,60.91,33.48,22.79,10.98,4.97,0.38
2016-08-27T03:00,143.35,,60.91,33.47,22.8,11.03,5.03,0.31
2016-08-27T04:00,143.35,,60.9,33.46,22.81,11.06,5.11,0.28
2016-08-27T05:00,143.35,,60.9,33.45,22.81,11.06,5.18,0.31
2016-08-27T06:00,143.34,,60.88,33.44,22.81,11.06,5.25,0.33
2016-08-27T07:00,143.35,,60.87,33.42,22.79,11.05,5.29,0.39
2016-08-27T08:00,143.36,,60.85,33.4,22.78,11.02,5.32,0.48
2016-08-27T09:00,143.35,,60.85,33.39,22.77,10.99,5.33,0.54
2016-08-27T10:00,143.35,,60.83,33.38,22.76,10.96,5.32,0.6
2016-08-27T11:00,143.33,,60.83,33.37,22.75,10.93,5.31,0.66
2016-08-27T12:00,143.33,,60.83,33.36,22.74,10.9,5.28,0.67
2016-08-27T13:00,143.36,,60.82,33.35,22.73,10.87,5.25,0.65
2016-08-27T14:00,143.35,,60.78,33.34,22.72,10.85,5.22,0.7
2016-08-27T15:00,143.35,,60.78,33.32,22.71,10.84,5.17,0.67
2016-08-27T16:00,143.36,,60.79,33.3,22.69,10.82,5.12,0.71
2016-08-27T17:00,143.34,,60.78,33.29,22.68,10.8,5.07,0.71
2016-08-27T18:00,143.35,,60.78,33.28,22.67,10.76,5.04,0.72
2016-08-27T19:00,143.35,,60.78,33.27,22.66,10.74,4.99,0.78
2016-08-27T20:00,143.34,,60.77,33.26,22.64,10.71,4.95,0.83
2016-08-27T21:00,143.36,,60.75,33.25,22.64,10.69,4.91,0.85
2016-08-27T22:00,143.37,,60.76,33.25,22.63,10.68,4.88,0.82
2016-08-27T23:00,143.36,,60.77,33.24,22.62,10.67,4.84,0.77
2016-08-28T00:00,143.35,,60.76,33.24,22.62,10.65,4.81,0.71
2016-08-28T01:00,143.35,,60.77,33.23,22.61,10.64,4.78,0.62
2016-08-28T02:00,143.34,,60.76,33.23,22.61,10.63,4.76,0.49
2016-08-28T03:00,143.34,,60.77,33.22,22.6,10.62,4.74,0.38
2016-08-28T04:00,143.34,,60.76,33.22,22.6,10.61,4.72,0.28
2016-08-28T05:00,143.34,,60.75,33.22,22.59,10.6,4.69,0.24
2016-08-28T06:00,143.27,,60.75,33.22,22.59,10.59,4.67,0.22
2016-08-28T07:00,143.29,,60.75,33.21,22.59,10.59,4.66,0.22
2016-08-28T08:00,143.3,,60.7,33.21,22.58,10.58,4.64,0.25
2016-08-28T09:00,143.3,,60.66,33.2,22.58,10.57,4.62,0.31
2016-08-28T10:00,143.32,,60.67,33.17,22.57,10.56,4.61,0.4
2016-08-28T11:00,143.31,,60.66,33.14,22.56,10.54,4.59,0.51
2016-08-28T12:00,143.31,,60.66,33.14,22.54,10.48,4.58,0.51
2016-08-28T13:00,143.32,,60.65,33.13,22.53,10.48,4.56,0.59
2016-08-28T14:00,143.32,,60.64,33.12,22.51,10.5,4.52,0.59
2016-08-28T15:00,143.32,,60.64,33.11,22.5,10.46,4.5,0.62
2016-08-28T16:00,143.32,,60.63,33.1,22.49,10.43,4.48,0.58
2016-08-28T17:00,143.33,,60.65,33.09,22.47,10.4,4.45,0.54
2016-08-28T18:00,143.33,,60.63,33.09,22.45,10.38,4.43,0.57
2016-08-28T19:00,143.33,,60.64,33.09,22.45,10.36,4.41,0.55
2016-08-28T20:00,143.33,,60.63,33.09,22.45,10.34,4.39,0.6
2016-08-28T21:00,143.34,,60.64,33.09,22.45,10.34,4.37,0.66
2016-08-28T22:00,143.33,,60.64,33.09,22.44,10.34,4.34,0.7
2016-08-28T23:00,143.33,,60.64,33.09,22.44,10.34,4.33,0.69
2016-08-29T00:00,143.34,,60.64,33.08,22.44,10.33,4.3,0.67
2016-08-29T01:00,143.31,,60.65,33.08,22.44,10.33,4.29,0.62
2016-08-29T02:00,143.3,,60.66,33.08,22.44,10.33,4.28,0.54
2016-08-29T03:00,143.3,,60.66,33.08,22.43,10.33,4.28,0.41
2016-08-29T04:00,143.3,,60.63,33.08,22.43,10.34,4.28,0.31
2016-08-29T05:00,143.31,,60.63,33.07,22.41,10.32,4.28,0.2
2016-08-29T06:00,143.31,,60.64,33.06,22.4,10.31,4.28,0.1
2016-08-29T07:00,143.31,,60.65,33.06,22.39,10.29,4.28,0.07
2016-08-29T08:00,143.31,,60.65,33.06,22.38,10.27,4.27,0.08
2016-08-29T09:00,143.31,,60.66,33.06,22.38,10.25,4.26,0.14
2016-08-29T10:00,143.31,,60.65,33.06,22.38,10.25,4.25,0.29
2016-08-29T11:00,143.3,,60.67,33.07,22.38,10.25,4.24,0.43
2016-08-29T12:00,143.3,,60.66,33.07,22.38,10.26,4.22,0.53
2016-08-29T13:00,143.29,,60.67,33.08,22.39,10.27,4.22,0.74
2016-08-29T14:00,143.29,,60.69,33.08,22.39,10.28,4.24,0.7
2016-08-29T15:00,143.29,,60.7,33.09,22.4,10.3,4.25,0.74
2016-08-29T16:00,143.29,,60.72,33.1,22.4,10.32,4.26,0.73
2016-08-29T17:00,143.29,,60.75,33.12,22.41,10.34,4.29,0.62
2016-08-29T18:00,143.29,,60.82,33.15,22.43,10.36,4.31,0.61
2016-08-29T19:00,143.29,,60.92,33.2,22.45,10.4,4.35,0.61
2016-08-29T20:00,143.33,,61.08,33.29,22.5,10.47,4.41,0.65
2016-08-29T21:00,143.46,,61.22,33.45,22.58,10.55,4.5,0.63
2016-08-29T22:00,143.49,,61.34,33.61,22.71,10.7,4.59,0.74
2016-08-29T23:00,143.49,,61.52,33.76,22.91,10.93,4.68,0.85
2016-08-30T00:00,143.46,,61.6,33.89,23.1,11.23,4.81,0.9
2016-08-30T01:00,143.45,,61.82,34.06,23.25,11.56,5.0,0.91
2016-08-30T02:00,143.45,,61.86,34.18,23.42,11.79,5.21,0.91
2016-08-30T03:00,143.45,,61.92,34.28,23.55,12.01,5.42,0.79
2016-08-30T04:00,143.44,,61.91,34.34,23.63,12.25,5.63,0.74
2016-08-30T05:00,143.46,,61.91,34.41,23.71,12.45,5.82,0.59
2016-08-30T06:00,143.44,,61.88,34.44,23.78,12.58,6.0,0.55
2016-08-30T07:00,143.44,,61.89,34.48,23.85,12.72,6.15,0.49
2016-08-30T08:00,143.43,,61.9,34.51,23.92,12.83,6.29,0.53
2016-08-30T09:00,143.43,,61.93,34.53,23.98,12.95,6.38,0.6
2016-08-30T10:00,143.44,,61.93,34.57,24.05,13.08,6.48,0.68
2016-08-30T11:00,143.45,,61.97,34.61,24.12,13.19,6.58,0.81
2016-08-30T12:00,143.45,,61.98,34.65,24.2,13.32,6.65,0.94
2016-08-30T13:00,143.43,,62.03,34.71,24.27,13.46,6.76,1.09
2016-08-30T14:00,143.44,,62.12,34.79,24.34,13.63,6.86,1.21
2016-08-30T15:00,143.45,,62.22,34.88,24.41,13.78,6.96,1.24
2016-08-30T16:00,143.47,,62.38,34.99,24.53,13.96,7.08,1.25
2016-08-30T17:00,143.48,,62.53,35.15,24.66,14.16,7.2,1.27
2016-08-30T18:00,143.39,,62.68,35.33,24.84,14.39,7.3,1.26
2016-08-30T19:00,143.37,,62.66,35.52,25.05,14.69,7.43,1.26
2016-08-30T20:00,143.39,,62.68,35.66,25.24,14.99,7.57,1.24
2016-08-30T21:00,143.41,,62.7,35.78,25.39,15.4,7.72,1.27
2016-08-30T22:00,143.47,,62.87,35.9,25.55,15.77,7.87,1.36
2016-08-30T23:00,143.53,,63.11,36.06,25.78,16.09,8.08,1.5
2016-08-31T00:00,143.59,,63.4,36.26,25.97,16.41,8.29,1.64
2016-08-31T01:00,143.69,,63.95,36.54,26.16,16.79,8.55,1.72
2016-08-31T02:00,143.73,,64.79,36.89,26.38,17.13,8.87,1.8
2016-08-31T03:00,143.8,,64.64,37.71,26.94,17.49,9.2,1.67
2016-08-31T04:00,143.87,,64.42,38.07,27.79,18.15,9.59,1.52
2016-08-31T05:00,143.84,,63.95,37.9,28.0,18.74,10.11,1.38
2016-08-31T06:00,143.79,,63.33,37.7,27.83,18.7,10.78,1.36
2016-08-31T07:00,143.76,,63.04,37.47,27.53,18.6,11.49,1.43
2016-08-31T08:00,143.71,,62.84,37.25,27.23,18.48,12.06,1.5
2016-08-31T09:00,143.73,,62.67,37.02,26.93,18.25,12.44,1.65
2016-08-31T10:00,143.71,,62.55,36.86,26.69,18.32,12.63,1.77
2016-08-31T11:00,143.69,,62.47,36.59,26.48,18.2,12.68,1.84
2016-08-31T12:00,143.67,,62.35,36.43,26.24,17.88,12.6,1.77
2016-08-31T13:00,143.63,,62.25,36.23,26.05,17.58,12.47,1.77
2016-08-31T14:00,143.6,,62.14,36.0,25.83,17.27,12.32,1.76
2016-08-31T15:00,143.58,,62.01,35.79,25.59,16.99,12.12,1.76
2016-08-31T16:00,143.56,,61.76,35.62,25.38,16.72,11.9,1.75
2016-08-31T17:00,143.53,,61.7,35.45,25.18,16.43,11.67,1.66
2016-08-31T18:00,143.49,,61.63,35.3,24.99,16.15,11.43,1.58
2016-08-31T19:00,143.48,,61.58,35.18,24.79,15.86,11.19,1.47
2016-08-31T20:00,143.45,,61.51,35.08,24.63,15.56,10.95,1.38
2016-08-31T21:00,143.42,,61.45,34.97,24.51,15.36,10.7,1.3
2016-08-31T22:00,143.4,,61.38,34.88,24.37,15.07,10.46,1.27
2016-08-31T23:00,143.38,,61.36,34.8,24.28,14.81,10.24,1.28
2016-09-01T00:00,143.39,,61.31,34.72,24.2,14.61,10.0,1.31
