bracket,kind,section,anchor,stage_m_msl,above_attainable_max,p_f_trans_baseline,n_failures_trans_baseline,span_trans,moves_both_branches,cancellation_arm,max_resolved_departure_factor
k_aq_prior_mean,epistemic,KP57.4,lowest_reachable,39.5,False,0.00014,14,unbounded,True,k_aq_field_geomean,66.9741
k_aq_prior_mean,epistemic,KP57.4,rising_limb,39.75,False,0.00295,295,unbounded,True,k_aq_field_geomean,66.9741
k_aq_prior_mean,epistemic,KP57.4,design_hwl,39.25,False,0.0,0,not_defined,True,k_aq_field_geomean,66.9741
k_aq_prior_mean,epistemic,KP57.4,transition_midpoint,41.25,False,0.4773,47730,unbounded,True,k_aq_field_geomean,66.9741
k_aq_prior_mean,epistemic,KP57.4,grid_top,43.25,False,0.94361,94361,1.75e+03,True,k_aq_field_geomean,66.9741
k_aq_prior_mean,epistemic,KP58.8,lowest_reachable,39.75,False,0.00011,11,unbounded,True,k_aq_field_geomean,56.4746
k_aq_prior_mean,epistemic,KP58.8,rising_limb,40.0,False,0.00241,241,unbounded,True,k_aq_field_geomean,56.4746
k_aq_prior_mean,epistemic,KP58.8,design_hwl,41.0,False,0.19736,19736,unbounded,True,k_aq_field_geomean,56.4746
k_aq_prior_mean,epistemic,KP58.8,transition_midpoint,41.75,False,0.51725,51725,unbounded,True,k_aq_field_geomean,56.4746
k_aq_prior_mean,epistemic,KP58.8,grid_top,45.0,False,0.98278,98278,66.80,True,k_aq_field_geomean,56.4746
k_aq_prior_mean,epistemic,KP60.0,lowest_reachable,41.5,False,1e-05,1,unbounded,True,k_aq_field_geomean,71.7687
k_aq_prior_mean,epistemic,KP60.0,rising_limb,42.0,False,0.00195,195,unbounded,True,k_aq_field_geomean,71.7687
k_aq_prior_mean,epistemic,KP60.0,design_hwl,42.75,False,0.05579,5579,unbounded,True,k_aq_field_geomean,71.7687
k_aq_prior_mean,epistemic,KP60.0,transition_midpoint,44.25,False,0.50062,50062,2e+04,True,k_aq_field_geomean,71.7687
k_aq_prior_mean,epistemic,KP60.0,grid_top,46.75,False,0.93074,93074,94.88,True,k_aq_field_geomean,71.7687
k_aq_prior_mean,epistemic,KP62.0,lowest_reachable,46.25,False,1e-05,1,unbounded,True,k_aq_field_geomean,45.7121
k_aq_prior_mean,epistemic,KP62.0,rising_limb,46.75,False,0.00101,101,unbounded,True,k_aq_field_geomean,45.7121
k_aq_prior_mean,epistemic,KP62.0,design_hwl,46.5,False,0.00013,13,unbounded,True,k_aq_field_geomean,45.7121
k_aq_prior_mean,epistemic,KP62.0,transition_midpoint,49.75,False,0.50765,50765,3.7e+03,True,k_aq_field_geomean,45.7121
k_aq_prior_mean,epistemic,KP62.0,grid_top,56.5,True,0.9888,98880,6.57,True,k_aq_field_geomean,45.7121
z_toe,epistemic,KP57.4,lowest_reachable,39.5,False,0.00014,14,unbounded,True,z_toe_minus0.30m,4.6764
z_toe,epistemic,KP57.4,rising_limb,39.75,False,0.00295,295,413,True,z_toe_minus0.30m,4.6764
z_toe,epistemic,KP57.4,design_hwl,39.25,False,0.0,0,not_defined,True,z_toe_minus0.30m,4.6764
z_toe,epistemic,KP57.4,transition_midpoint,41.25,False,0.4773,47730,1.87,True,z_toe_minus0.30m,4.6764
z_toe,epistemic,KP57.4,grid_top,43.25,False,0.94361,94361,1.05,True,z_toe_minus0.30m,4.6764
z_toe,epistemic,KP58.8,lowest_reachable,39.75,False,0.00011,11,unbounded,True,z_toe_minus0.30m,5.2828
z_toe,epistemic,KP58.8,rising_limb,40.0,False,0.00241,241,399,True,z_toe_minus0.30m,5.2828
z_toe,epistemic,KP58.8,design_hwl,41.0,False,0.19736,19736,3.60,True,z_toe_minus0.30m,5.2828
z_toe,epistemic,KP58.8,transition_midpoint,41.75,False,0.51725,51725,1.66,True,z_toe_minus0.30m,5.2828
z_toe,epistemic,KP58.8,grid_top,45.0,False,0.98278,98278,1.01,True,z_toe_minus0.30m,5.2828
z_toe,epistemic,KP60.0,lowest_reachable,41.5,False,1e-05,1,unbounded,True,z_toe_plus0.30m,2.6535
z_toe,epistemic,KP60.0,rising_limb,42.0,False,0.00195,195,79.29,True,z_toe_plus0.30m,2.6535
z_toe,epistemic,KP60.0,design_hwl,42.75,False,0.05579,5579,6.16,True,z_toe_plus0.30m,2.6535
z_toe,epistemic,KP60.0,transition_midpoint,44.25,False,0.50062,50062,1.54,True,z_toe_plus0.30m,2.6535
z_toe,epistemic,KP60.0,grid_top,46.75,False,0.93074,93074,1.05,True,z_toe_plus0.30m,2.6535
z_toe,epistemic,KP62.0,lowest_reachable,46.25,False,1e-05,1,unbounded,True,z_toe_minus0.30m,1.7907
z_toe,epistemic,KP62.0,rising_limb,46.75,False,0.00101,101,74.86,True,z_toe_minus0.30m,1.7907
z_toe,epistemic,KP62.0,design_hwl,46.5,False,0.00013,13,unbounded,True,z_toe_minus0.30m,1.7907
z_toe,epistemic,KP62.0,transition_midpoint,49.75,False,0.50765,50765,1.37,True,z_toe_minus0.30m,1.7907
z_toe,epistemic,KP62.0,grid_top,56.5,True,0.9888,98880,1.00,True,z_toe_minus0.30m,1.7907
cov_L,epistemic,KP57.4,lowest_reachable,39.5,False,0.00014,14,unbounded,True,,
cov_L,epistemic,KP57.4,rising_limb,39.75,False,0.00295,295,106,True,,
cov_L,epistemic,KP57.4,design_hwl,39.25,False,0.0,0,not_defined,True,,
cov_L,epistemic,KP57.4,transition_midpoint,41.25,False,0.4773,47730,1.18,True,,
cov_L,epistemic,KP57.4,grid_top,43.25,False,0.94361,94361,1.09,True,,
cov_L,epistemic,KP58.8,lowest_reachable,39.75,False,0.00011,11,unbounded,True,,
cov_L,epistemic,KP58.8,rising_limb,40.0,False,0.00241,241,144,True,,
cov_L,epistemic,KP58.8,design_hwl,41.0,False,0.19736,19736,2.33,True,,
cov_L,epistemic,KP58.8,transition_midpoint,41.75,False,0.51725,51725,1.12,True,,
cov_L,epistemic,KP58.8,grid_top,45.0,False,0.98278,98278,1.05,True,,
cov_L,epistemic,KP60.0,lowest_reachable,41.5,False,1e-05,1,unbounded,True,,
cov_L,epistemic,KP60.0,rising_limb,42.0,False,0.00195,195,62.08,True,,
cov_L,epistemic,KP60.0,design_hwl,42.75,False,0.05579,5579,5.36,True,,
cov_L,epistemic,KP60.0,transition_midpoint,44.25,False,0.50062,50062,1.12,True,,
cov_L,epistemic,KP60.0,grid_top,46.75,False,0.93074,93074,1.10,True,,
cov_L,epistemic,KP62.0,lowest_reachable,46.25,False,1e-05,1,unbounded,True,,
cov_L,epistemic,KP62.0,rising_limb,46.75,False,0.00101,101,708,True,,
cov_L,epistemic,KP62.0,design_hwl,46.5,False,0.00013,13,unbounded,True,,
cov_L,epistemic,KP62.0,transition_midpoint,49.75,False,0.50765,50765,1.12,True,,
cov_L,epistemic,KP62.0,grid_top,56.5,True,0.9888,98880,1.03,True,,
alpha_exponent,epistemic,KP57.4,lowest_reachable,39.5,False,0.00014,14,151,False,,
alpha_exponent,epistemic,KP57.4,rising_limb,39.75,False,0.00295,295,32.71,False,,
alpha_exponent,epistemic,KP57.4,design_hwl,39.25,False,0.0,0,not_defined,False,,
alpha_exponent,epistemic,KP57.4,transition_midpoint,41.25,False,0.4773,47730,1.66,False,,
alpha_exponent,epistemic,KP57.4,grid_top,43.25,False,0.94361,94361,1.04,False,,
alpha_exponent,epistemic,KP58.8,lowest_reachable,39.75,False,0.00011,11,not_measured,False,,
alpha_exponent,epistemic,KP58.8,rising_limb,40.0,False,0.00241,241,not_measured,False,,
alpha_exponent,epistemic,KP58.8,design_hwl,41.0,False,0.19736,19736,not_measured,False,,
alpha_exponent,epistemic,KP58.8,transition_midpoint,41.75,False,0.51725,51725,not_measured,False,,
alpha_exponent,epistemic,KP58.8,grid_top,45.0,False,0.98278,98278,not_measured,False,,
alpha_exponent,epistemic,KP60.0,lowest_reachable,41.5,False,1e-05,1,not_measured,False,,
alpha_exponent,epistemic,KP60.0,rising_limb,42.0,False,0.00195,195,not_measured,False,,
alpha_exponent,epistemic,KP60.0,design_hwl,42.75,False,0.05579,5579,not_measured,False,,
alpha_exponent,epistemic,KP60.0,transition_midpoint,44.25,False,0.50062,50062,not_measured,False,,
alpha_exponent,epistemic,KP60.0,grid_top,46.75,False,0.93074,93074,not_measured,False,,
alpha_exponent,epistemic,KP62.0,lowest_reachable,46.25,False,1e-05,1,538,False,,
alpha_exponent,epistemic,KP62.0,rising_limb,46.75,False,0.00101,101,43.22,False,,
alpha_exponent,epistemic,KP62.0,design_hwl,46.5,False,0.00013,13,141,False,,
alpha_exponent,epistemic,KP62.0,transition_midpoint,49.75,False,0.50765,50765,1.46,False,,
alpha_exponent,epistemic,KP62.0,grid_top,56.5,True,0.9888,98880,1.01,False,,
L_measurement,epistemic,KP57.4,lowest_reachable,39.5,False,0.00014,14,unbounded,True,L_dem_clean_median,1.3274
L_measurement,epistemic,KP57.4,rising_limb,39.75,False,0.00295,295,unbounded,True,L_dem_clean_median,1.3274
L_measurement,epistemic,KP57.4,design_hwl,39.25,False,0.0,0,not_defined,True,L_dem_clean_median,1.3274
L_measurement,epistemic,KP57.4,transition_midpoint,41.25,False,0.4773,47730,58.21,True,L_dem_clean_median,1.3274
L_measurement,epistemic,KP57.4,grid_top,43.25,False,0.94361,94361,3.78,True,L_dem_clean_median,1.3274
L_measurement,epistemic,KP58.8,lowest_reachable,39.75,False,0.00011,11,11.00,True,L_dem_clean_median,1.7801
L_measurement,epistemic,KP58.8,rising_limb,40.0,False,0.00241,241,7.09,True,L_dem_clean_median,1.7801
L_measurement,epistemic,KP58.8,design_hwl,41.0,False,0.19736,19736,2.68,True,L_dem_clean_median,1.7801
L_measurement,epistemic,KP58.8,transition_midpoint,41.75,False,0.51725,51725,1.78,True,L_dem_clean_median,1.7801
L_measurement,epistemic,KP58.8,grid_top,45.0,False,0.98278,98278,1.05,True,L_dem_clean_median,1.7801
L_measurement,epistemic,KP60.0,lowest_reachable,41.5,False,1e-05,1,unbounded,True,L_dem_clean_median,2.2906
L_measurement,epistemic,KP60.0,rising_limb,42.0,False,0.00195,195,16.25,True,L_dem_clean_median,2.2906
L_measurement,epistemic,KP60.0,design_hwl,42.75,False,0.05579,5579,6.38,True,L_dem_clean_median,2.2906
L_measurement,epistemic,KP60.0,transition_midpoint,44.25,False,0.50062,50062,2.22,True,L_dem_clean_median,2.2906
L_measurement,epistemic,KP60.0,grid_top,46.75,False,0.93074,93074,1.19,True,L_dem_clean_median,2.2906
L_measurement,epistemic,KP62.0,lowest_reachable,46.25,False,1e-05,1,unbounded,True,L_withdrawn_1998,1.8718
L_measurement,epistemic,KP62.0,rising_limb,46.75,False,0.00101,101,8.42,True,L_withdrawn_1998,1.8718
L_measurement,epistemic,KP62.0,design_hwl,46.5,False,0.00013,13,13.00,True,L_withdrawn_1998,1.8718
L_measurement,epistemic,KP62.0,transition_midpoint,49.75,False,0.50765,50765,1.63,True,L_withdrawn_1998,1.8718
L_measurement,epistemic,KP62.0,grid_top,56.5,True,0.9888,98880,1.02,True,L_withdrawn_1998,1.8718
m_p,epistemic,KP57.4,lowest_reachable,39.5,False,0.00014,14,3.29,True,m_p,1.7676
m_p,epistemic,KP57.4,rising_limb,39.75,False,0.00295,295,1.68,True,m_p,1.7676
m_p,epistemic,KP57.4,design_hwl,39.25,False,0.0,0,not_defined,True,m_p,1.7676
m_p,epistemic,KP57.4,transition_midpoint,41.25,False,0.4773,47730,1.01,True,m_p,1.7676
m_p,epistemic,KP57.4,grid_top,43.25,False,0.94361,94361,1.00,True,m_p,1.7676
m_p,epistemic,KP58.8,lowest_reachable,39.75,False,0.00011,11,3.27,True,m_p,1.8174
m_p,epistemic,KP58.8,rising_limb,40.0,False,0.00241,241,1.61,True,m_p,1.8174
m_p,epistemic,KP58.8,design_hwl,41.0,False,0.19736,19736,1.07,True,m_p,1.8174
m_p,epistemic,KP58.8,transition_midpoint,41.75,False,0.51725,51725,1.00,True,m_p,1.8174
m_p,epistemic,KP58.8,grid_top,45.0,False,0.98278,98278,1.00,True,m_p,1.8174
m_p,epistemic,KP60.0,lowest_reachable,41.5,False,1e-05,1,5.00,True,m_p,1.2544
m_p,epistemic,KP60.0,rising_limb,42.0,False,0.00195,195,1.93,True,m_p,1.2544
m_p,epistemic,KP60.0,design_hwl,42.75,False,0.05579,5579,1.22,True,m_p,1.2544
m_p,epistemic,KP60.0,transition_midpoint,44.25,False,0.50062,50062,1.00,True,m_p,1.2544
m_p,epistemic,KP60.0,grid_top,46.75,False,0.93074,93074,1.00,True,m_p,1.2544
m_p,epistemic,KP62.0,lowest_reachable,46.25,False,1e-05,1,2.00,True,m_p,1.0855
m_p,epistemic,KP62.0,rising_limb,46.75,False,0.00101,101,1.76,True,m_p,1.0855
m_p,epistemic,KP62.0,design_hwl,46.5,False,0.00013,13,2.46,True,m_p,1.0855
m_p,epistemic,KP62.0,transition_midpoint,49.75,False,0.50765,50765,1.00,True,m_p,1.0855
m_p,epistemic,KP62.0,grid_top,56.5,True,0.9888,98880,1.00,True,m_p,1.0855
gamma_bl_sub_prior_mean,epistemic,KP57.4,lowest_reachable,39.5,False,0.00014,14,1.36,False,gamma_bl_sub_lower,1.3571
gamma_bl_sub_prior_mean,epistemic,KP57.4,rising_limb,39.75,False,0.00295,295,1.07,False,gamma_bl_sub_lower,1.3571
gamma_bl_sub_prior_mean,epistemic,KP57.4,design_hwl,39.25,False,0.0,0,not_defined,False,gamma_bl_sub_lower,1.3571
gamma_bl_sub_prior_mean,epistemic,KP57.4,transition_midpoint,41.25,False,0.4773,47730,1.00,False,gamma_bl_sub_lower,1.3571
gamma_bl_sub_prior_mean,epistemic,KP57.4,grid_top,43.25,False,0.94361,94361,1.00,False,gamma_bl_sub_lower,1.3571
gamma_bl_sub_prior_mean,epistemic,KP58.8,lowest_reachable,39.75,False,0.00011,11,1.18,False,gamma_bl_sub_lower,1.0913
gamma_bl_sub_prior_mean,epistemic,KP58.8,rising_limb,40.0,False,0.00241,241,1.09,False,gamma_bl_sub_lower,1.0913
gamma_bl_sub_prior_mean,epistemic,KP58.8,design_hwl,41.0,False,0.19736,19736,1.00,False,gamma_bl_sub_lower,1.0913
gamma_bl_sub_prior_mean,epistemic,KP58.8,transition_midpoint,41.75,False,0.51725,51725,1.00,False,gamma_bl_sub_lower,1.0913
gamma_bl_sub_prior_mean,epistemic,KP58.8,grid_top,45.0,False,0.98278,98278,1.00,False,gamma_bl_sub_lower,1.0913
gamma_bl_sub_prior_mean,epistemic,KP60.0,lowest_reachable,41.5,False,1e-05,1,1.00,False,gamma_bl_sub_lower,1.0256
gamma_bl_sub_prior_mean,epistemic,KP60.0,rising_limb,42.0,False,0.00195,195,1.03,False,gamma_bl_sub_lower,1.0256
gamma_bl_sub_prior_mean,epistemic,KP60.0,design_hwl,42.75,False,0.05579,5579,1.00,False,gamma_bl_sub_lower,1.0256
gamma_bl_sub_prior_mean,epistemic,KP60.0,transition_midpoint,44.25,False,0.50062,50062,1.00,False,gamma_bl_sub_lower,1.0256
gamma_bl_sub_prior_mean,epistemic,KP60.0,grid_top,46.75,False,0.93074,93074,1.00,False,gamma_bl_sub_lower,1.0256
gamma_bl_sub_prior_mean,epistemic,KP62.0,lowest_reachable,46.25,False,1e-05,1,1.00,False,gamma_bl_sub_lower,1.0003
gamma_bl_sub_prior_mean,epistemic,KP62.0,rising_limb,46.75,False,0.00101,101,1.00,False,gamma_bl_sub_lower,1.0003
gamma_bl_sub_prior_mean,epistemic,KP62.0,design_hwl,46.5,False,0.00013,13,1.00,False,gamma_bl_sub_lower,1.0003
gamma_bl_sub_prior_mean,epistemic,KP62.0,transition_midpoint,49.75,False,0.50765,50765,1.00,False,gamma_bl_sub_lower,1.0003
gamma_bl_sub_prior_mean,epistemic,KP62.0,grid_top,56.5,True,0.9888,98880,1.00,False,gamma_bl_sub_lower,1.0003
clopper_pearson,statistical,KP57.4,lowest_reachable,39.5,False,0.00014,14,3.07,True,,
clopper_pearson,statistical,KP57.4,rising_limb,39.75,False,0.00295,295,1.26,True,,
clopper_pearson,statistical,KP57.4,design_hwl,39.25,False,0.0,0,not_defined,True,,
clopper_pearson,statistical,KP57.4,transition_midpoint,41.25,False,0.4773,47730,1.01,True,,
clopper_pearson,statistical,KP57.4,grid_top,43.25,False,0.94361,94361,1.00,True,,
clopper_pearson,statistical,KP58.8,lowest_reachable,39.75,False,0.00011,11,3.58,True,,
clopper_pearson,statistical,KP58.8,rising_limb,40.0,False,0.00241,241,1.29,True,,
clopper_pearson,statistical,KP58.8,design_hwl,41.0,False,0.19736,19736,1.03,True,,
clopper_pearson,statistical,KP58.8,transition_midpoint,41.75,False,0.51725,51725,1.01,True,,
clopper_pearson,statistical,KP58.8,grid_top,45.0,False,0.98278,98278,1.00,True,,
clopper_pearson,statistical,KP60.0,lowest_reachable,41.5,False,1e-05,1,220,True,,
clopper_pearson,statistical,KP60.0,rising_limb,42.0,False,0.00195,195,1.33,True,,
clopper_pearson,statistical,KP60.0,design_hwl,42.75,False,0.05579,5579,1.05,True,,
clopper_pearson,statistical,KP60.0,transition_midpoint,44.25,False,0.50062,50062,1.01,True,,
clopper_pearson,statistical,KP60.0,grid_top,46.75,False,0.93074,93074,1.00,True,,
clopper_pearson,statistical,KP62.0,lowest_reachable,46.25,False,1e-05,1,220,True,,
clopper_pearson,statistical,KP62.0,rising_limb,46.75,False,0.00101,101,1.49,True,,
clopper_pearson,statistical,KP62.0,design_hwl,46.5,False,0.00013,13,3.21,True,,
clopper_pearson,statistical,KP62.0,transition_midpoint,49.75,False,0.50765,50765,1.01,True,,
clopper_pearson,statistical,KP62.0,grid_top,56.5,True,0.9888,98880,1.00,True,,
mc_cov,statistical,KP57.4,lowest_reachable,39.5,False,0.00014,14,3.20,True,,
mc_cov,statistical,KP57.4,rising_limb,39.75,False,0.00295,295,1.26,True,,
mc_cov,statistical,KP57.4,design_hwl,39.25,False,0.0,0,not_defined,True,,
mc_cov,statistical,KP57.4,transition_midpoint,41.25,False,0.4773,47730,1.01,True,,
mc_cov,statistical,KP57.4,grid_top,43.25,False,0.94361,94361,1.00,True,,
mc_cov,statistical,KP58.8,lowest_reachable,39.75,False,0.00011,11,3.89,True,,
mc_cov,statistical,KP58.8,rising_limb,40.0,False,0.00241,241,1.29,True,,
mc_cov,statistical,KP58.8,design_hwl,41.0,False,0.19736,19736,1.03,True,,
mc_cov,statistical,KP58.8,transition_midpoint,41.75,False,0.51725,51725,1.01,True,,
mc_cov,statistical,KP58.8,grid_top,45.0,False,0.98278,98278,1.00,True,,
mc_cov,statistical,KP60.0,lowest_reachable,41.5,False,1e-05,1,unbounded,True,,
mc_cov,statistical,KP60.0,rising_limb,42.0,False,0.00195,195,1.33,True,,
mc_cov,statistical,KP60.0,design_hwl,42.75,False,0.05579,5579,1.05,True,,
mc_cov,statistical,KP60.0,transition_midpoint,44.25,False,0.50062,50062,1.01,True,,
mc_cov,statistical,KP60.0,grid_top,46.75,False,0.93074,93074,1.00,True,,
mc_cov,statistical,KP62.0,lowest_reachable,46.25,False,1e-05,1,unbounded,True,,
mc_cov,statistical,KP62.0,rising_limb,46.75,False,0.00101,101,1.48,True,,
mc_cov,statistical,KP62.0,design_hwl,46.5,False,0.00013,13,3.38,True,,
mc_cov,statistical,KP62.0,transition_midpoint,49.75,False,0.50765,50765,1.01,True,,
mc_cov,statistical,KP62.0,grid_top,56.5,True,0.9888,98880,1.00,True,,
