knob,arm,section,branch,stage_m_msl,above_attainable_max,p_f_baseline,p_f_arm,ratio_arm_to_baseline,anchor,p_f_trans_baseline_at_stage
m_p,m_p,KP57.4,static,34.75,False,0.0,0.0,,,0.0
m_p,m_p,KP57.4,static,36.5,False,0.0,0.0,,,0.0
m_p,m_p,KP57.4,static,38.0,False,0.0,0.0,,,0.0
m_p,m_p,KP57.4,static,38.5,False,0.0,0.0,,,0.0
m_p,m_p,KP57.4,static,38.75,False,0.0,0.0,,,0.0
m_p,m_p,KP57.4,static,39.0,False,0.0,2e-05,,,0.0
m_p,m_p,KP57.4,static,39.25,False,0.00051,0.0015,2.941176,design_hwl,0.0
m_p,m_p,KP57.4,static,39.5,False,0.0085,0.0158,1.858824,lowest_reachable,0.00014
m_p,m_p,KP57.4,static,39.75,False,0.04729,0.06741,1.42546,rising_limb,0.00295
m_p,m_p,KP57.4,static,40.0,False,0.14186,0.16992,1.197801,,0.01809
m_p,m_p,KP57.4,static,40.25,False,0.28936,0.31499,1.088575,,0.06005
m_p,m_p,KP57.4,static,40.5,False,0.45986,0.47452,1.031879,,0.13377
m_p,m_p,KP57.4,static,40.75,False,0.61922,0.61833,0.998563,,0.2382
m_p,m_p,KP57.4,static,41.0,False,0.74928,0.73702,0.983638,,0.35726
m_p,m_p,KP57.4,static,41.25,False,0.84239,0.82652,0.981161,transition_midpoint,0.4773
m_p,m_p,KP57.4,static,41.5,False,0.90562,0.88976,0.982487,,0.58726
m_p,m_p,KP57.4,static,41.75,False,0.9457,0.93105,0.984509,,0.6799
m_p,m_p,KP57.4,static,42.0,False,0.96905,0.95825,0.988855,,0.75624
m_p,m_p,KP57.4,static,42.25,False,0.98277,0.97481,0.9919,,0.81677
m_p,m_p,KP57.4,static,42.5,False,0.99066,0.98497,0.994256,,0.86255
m_p,m_p,KP57.4,static,42.75,False,0.99507,0.99102,0.99593,,0.89857
m_p,m_p,KP57.4,static,43.0,False,0.99735,0.99473,0.997373,,0.92403
m_p,m_p,KP57.4,static,43.25,False,0.9985,0.99698,0.998478,grid_top,0.94361
m_p,m_p,KP58.8,static,36.5,False,0.0,0.0,,,0.0
m_p,m_p,KP58.8,static,37.5,False,0.0,0.0,,,0.0
m_p,m_p,KP58.8,static,38.25,False,0.0,0.0,,,0.0
m_p,m_p,KP58.8,static,38.75,False,0.0,0.0,,,0.0
m_p,m_p,KP58.8,static,39.0,False,0.0,0.0,,,0.0
m_p,m_p,KP58.8,static,39.25,False,1e-05,4e-05,4.0,,0.0
m_p,m_p,KP58.8,static,39.5,False,0.00074,0.00188,2.540541,,0.0
m_p,m_p,KP58.8,static,39.75,False,0.00979,0.01763,1.800817,lowest_reachable,0.00011
m_p,m_p,KP58.8,static,40.0,False,0.04979,0.0704,1.413939,rising_limb,0.00241
m_p,m_p,KP58.8,static,40.25,False,0.14277,0.17111,1.198501,,0.01453
m_p,m_p,KP58.8,static,40.5,False,0.28634,0.31226,1.090522,,0.04827
m_p,m_p,KP58.8,static,40.75,False,0.45217,0.46747,1.033837,,0.10943
m_p,m_p,KP58.8,static,41.0,False,0.60913,0.60853,0.999015,design_hwl,0.19736
m_p,m_p,KP58.8,static,41.25,False,0.73872,0.72656,0.983539,,0.30279
m_p,m_p,KP58.8,static,41.5,False,0.83275,0.81754,0.981735,,0.4124
m_p,m_p,KP58.8,static,41.75,False,0.8981,0.88166,0.981695,transition_midpoint,0.51725
m_p,m_p,KP58.8,static,42.0,False,0.94018,0.9249,0.983748,,0.61331
m_p,m_p,KP58.8,static,42.25,False,0.96513,0.95395,0.988416,,0.69305
m_p,m_p,KP58.8,static,42.5,False,0.98041,0.97154,0.990953,,0.75949
m_p,m_p,KP58.8,static,42.75,False,0.989,0.98279,0.993721,,0.81357
m_p,m_p,KP58.8,static,43.0,False,0.99401,0.9896,0.995563,,0.85625
m_p,m_p,KP58.8,static,43.25,False,0.99687,0.99373,0.99685,,0.89029
m_p,m_p,KP58.8,static,43.5,False,0.99807,0.99635,0.998277,,0.91528
m_p,m_p,KP58.8,static,43.75,False,0.99894,0.9979,0.998959,,0.9351
m_p,m_p,KP58.8,static,44.0,False,0.99934,0.99881,0.99947,,0.95003
m_p,m_p,KP58.8,static,44.25,False,0.99962,0.99919,0.99957,,0.9624
m_p,m_p,KP58.8,static,44.5,False,0.99983,0.99951,0.99968,,0.97085
m_p,m_p,KP58.8,static,44.75,False,0.99992,0.99971,0.99979,,0.97755
m_p,m_p,KP58.8,static,45.0,False,0.99994,0.99981,0.99987,grid_top,0.98278
m_p,m_p,KP60.0,static,38.25,False,0.0,0.0,,,0.0
m_p,m_p,KP60.0,static,39.25,False,0.0,0.0,,,0.0
m_p,m_p,KP60.0,static,39.75,False,0.0,0.0,,,0.0
m_p,m_p,KP60.0,static,40.25,False,0.0,0.0,,,0.0
m_p,m_p,KP60.0,static,40.5,False,0.0,0.0,,,0.0
m_p,m_p,KP60.0,static,40.75,False,0.0,0.0,,,0.0
m_p,m_p,KP60.0,static,41.0,False,0.0,0.0,,,0.0
m_p,m_p,KP60.0,static,41.25,False,6e-05,0.0006,10.0,,0.0
m_p,m_p,KP60.0,static,41.5,False,0.00188,0.00472,2.510638,lowest_reachable,1e-05
m_p,m_p,KP60.0,static,41.75,False,0.01147,0.0227,1.979076,,0.00026
m_p,m_p,KP60.0,static,42.0,False,0.04299,0.06608,1.537102,rising_limb,0.00195
m_p,m_p,KP60.0,static,42.25,False,0.11095,0.14328,1.291393,,0.00823
m_p,m_p,KP60.0,static,42.5,False,0.21866,0.25158,1.150553,,0.02461
m_p,m_p,KP60.0,static,42.75,False,0.35345,0.37831,1.070335,design_hwl,0.05579
m_p,m_p,KP60.0,static,43.0,False,0.49512,0.50702,1.024035,,0.10399
m_p,m_p,KP60.0,static,43.25,False,0.62617,0.62345,0.995656,,0.16841
m_p,m_p,KP60.0,static,43.5,False,0.73742,0.72225,0.979428,,0.24694
m_p,m_p,KP60.0,static,43.75,False,0.82276,0.80296,0.975935,,0.33185
m_p,m_p,KP60.0,static,44.0,False,0.88454,0.86379,0.976541,,0.41704
m_p,m_p,KP60.0,static,44.25,False,0.92732,0.90852,0.979727,transition_midpoint,0.50062
m_p,m_p,KP60.0,static,44.5,False,0.95581,0.93907,0.982486,,0.57888
m_p,m_p,KP60.0,static,44.75,False,0.97311,0.96023,0.986764,,0.64824
m_p,m_p,KP60.0,static,45.0,False,0.98389,0.97397,0.989918,,0.70676
m_p,m_p,KP60.0,static,45.25,False,0.99081,0.98327,0.99239,,0.76034
m_p,m_p,KP60.0,static,45.5,False,0.9947,0.98939,0.994662,,0.80425
m_p,m_p,KP60.0,static,45.75,False,0.99697,0.99343,0.996449,,0.84168
m_p,m_p,KP60.0,static,46.0,False,0.99801,0.99583,0.997816,,0.87096
m_p,m_p,KP60.0,static,46.25,False,0.9989,0.99753,0.998628,,0.89537
m_p,m_p,KP60.0,static,46.5,False,0.99939,0.99842,0.999029,,0.91487
m_p,m_p,KP60.0,static,46.75,False,0.99963,0.99902,0.99939,grid_top,0.93074
m_p,m_p,KP62.0,static,41.75,False,0.0,0.0,,,0.0
m_p,m_p,KP62.0,static,43.25,False,0.0,0.0,,,0.0
m_p,m_p,KP62.0,static,44.5,False,0.0,0.0,,,0.0
m_p,m_p,KP62.0,static,45.0,False,0.0,0.0,,,0.0
m_p,m_p,KP62.0,static,45.25,False,0.0,0.0,,,0.0
m_p,m_p,KP62.0,static,45.5,False,0.0,0.0,,,0.0
m_p,m_p,KP62.0,static,45.75,False,0.0,0.0,,,0.0
m_p,m_p,KP62.0,static,46.0,False,1e-05,5e-05,5.0,,0.0
m_p,m_p,KP62.0,static,46.25,False,0.00029,0.00111,3.827586,lowest_reachable,1e-05
m_p,m_p,KP62.0,static,46.5,False,0.00283,0.00631,2.229682,design_hwl,0.00013
m_p,m_p,KP62.0,static,46.75,False,0.01349,0.02377,1.762046,rising_limb,0.00101
m_p,m_p,KP62.0,static,47.0,False,0.0414,0.06071,1.466425,,0.00411
m_p,m_p,KP62.0,static,47.25,False,0.09591,0.12171,1.269002,,0.01198
m_p,m_p,KP62.0,static,47.5,False,0.17728,0.20581,1.160932,,0.0276
m_p,m_p,KP62.0,static,47.75,False,0.282,0.30806,1.092411,,0.0539
m_p,m_p,KP62.0,static,48.0,False,0.39843,0.41787,1.048792,,0.08951
m_p,m_p,KP62.0,static,48.25,False,0.51501,0.52264,1.014815,,0.13527
m_p,m_p,KP62.0,static,48.5,False,0.61954,0.61864,0.998547,,0.191
m_p,m_p,KP62.0,static,48.75,False,0.71255,0.70277,0.986275,,0.2532
m_p,m_p,KP62.0,static,49.0,False,0.78691,0.77314,0.982501,,0.31654
m_p,m_p,KP62.0,static,49.25,False,0.84636,0.82995,0.980611,,0.3823
m_p,m_p,KP62.0,static,49.5,False,0.89132,0.87507,0.981769,,0.4464
m_p,m_p,KP62.0,static,49.75,False,0.92541,0.90862,0.981857,transition_midpoint,0.50765
m_p,m_p,KP62.0,static,50.0,False,0.94835,0.93444,0.985332,,0.56586
m_p,m_p,KP62.0,static,50.25,False,0.96479,0.95359,0.988391,,0.61911
m_p,m_p,KP62.0,static,50.5,False,0.97657,0.96667,0.989862,,0.66622
m_p,m_p,KP62.0,static,51.0,True,0.98955,0.98347,0.993856,,0.74869
m_p,m_p,KP62.0,static,51.5,True,0.9957,0.99171,0.995993,,0.81146
m_p,m_p,KP62.0,static,52.0,True,0.99798,0.99613,0.998146,,0.85969
m_p,m_p,KP62.0,static,52.5,True,0.99904,0.99823,0.999189,,0.89624
m_p,m_p,KP62.0,static,53.0,True,0.99961,0.99912,0.99951,,0.92229
m_p,m_p,KP62.0,static,53.5,True,0.99984,0.99953,0.99969,,0.94163
m_p,m_p,KP62.0,static,54.0,True,0.99993,0.99978,0.99985,,0.95577
m_p,m_p,KP62.0,static,54.5,True,0.99999,0.99989,0.9999,,0.96719
m_p,m_p,KP62.0,static,55.0,True,1.0,0.99993,0.99993,,0.9751
m_p,m_p,KP62.0,static,55.5,True,1.0,0.99997,0.99997,,0.98104
m_p,m_p,KP62.0,static,56.0,True,1.0,0.99997,0.99997,,0.98544
m_p,m_p,KP62.0,static,56.5,True,1.0,0.99999,0.99999,grid_top,0.9888
m_p,m_p,KP57.4,transient,34.75,False,0.0,0.0,,,0.0
m_p,m_p,KP57.4,transient,36.5,False,0.0,0.0,,,0.0
m_p,m_p,KP57.4,transient,38.0,False,0.0,0.0,,,0.0
m_p,m_p,KP57.4,transient,38.5,False,0.0,0.0,,,0.0
m_p,m_p,KP57.4,transient,38.75,False,0.0,0.0,,,0.0
m_p,m_p,KP57.4,transient,39.0,False,0.0,0.0,,,0.0
m_p,m_p,KP57.4,transient,39.25,False,0.0,0.0,,design_hwl,0.0
m_p,m_p,KP57.4,transient,39.5,False,0.00014,0.00046,3.285714,lowest_reachable,0.00014
m_p,m_p,KP57.4,transient,39.75,False,0.00295,0.00495,1.677966,rising_limb,0.00295
m_p,m_p,KP57.4,transient,40.0,False,0.01809,0.02484,1.373134,,0.01809
m_p,m_p,KP57.4,transient,40.25,False,0.06005,0.07187,1.196836,,0.06005
m_p,m_p,KP57.4,transient,40.5,False,0.13377,0.14894,1.113404,,0.13377
m_p,m_p,KP57.4,transient,40.75,False,0.2382,0.25179,1.057053,,0.2382
m_p,m_p,KP57.4,transient,41.0,False,0.35726,0.36748,1.028607,,0.35726
m_p,m_p,KP57.4,transient,41.25,False,0.4773,0.48066,1.00704,transition_midpoint,0.4773
m_p,m_p,KP57.4,transient,41.5,False,0.58726,0.58565,0.997258,,0.58726
m_p,m_p,KP57.4,transient,41.75,False,0.6799,0.67506,0.992881,,0.6799
m_p,m_p,KP57.4,transient,42.0,False,0.75624,0.74998,0.991722,,0.75624
m_p,m_p,KP57.4,transient,42.25,False,0.81677,0.80878,0.990218,,0.81677
m_p,m_p,KP57.4,transient,42.5,False,0.86255,0.85572,0.992082,,0.86255
m_p,m_p,KP57.4,transient,42.75,False,0.89857,0.89147,0.992099,,0.89857
m_p,m_p,KP57.4,transient,43.0,False,0.92403,0.91816,0.993647,,0.92403
m_p,m_p,KP57.4,transient,43.25,False,0.94361,0.9394,0.995538,grid_top,0.94361
m_p,m_p,KP58.8,transient,36.5,False,0.0,0.0,,,0.0
m_p,m_p,KP58.8,transient,37.5,False,0.0,0.0,,,0.0
m_p,m_p,KP58.8,transient,38.25,False,0.0,0.0,,,0.0
m_p,m_p,KP58.8,transient,38.75,False,0.0,0.0,,,0.0
m_p,m_p,KP58.8,transient,39.0,False,0.0,0.0,,,0.0
m_p,m_p,KP58.8,transient,39.25,False,0.0,0.0,,,0.0
m_p,m_p,KP58.8,transient,39.5,False,0.0,0.0,,,0.0
m_p,m_p,KP58.8,transient,39.75,False,0.00011,0.00036,3.272727,lowest_reachable,0.00011
m_p,m_p,KP58.8,transient,40.0,False,0.00241,0.00387,1.605809,rising_limb,0.00241
m_p,m_p,KP58.8,transient,40.25,False,0.01453,0.01951,1.342739,,0.01453
m_p,m_p,KP58.8,transient,40.5,False,0.04827,0.05804,1.202403,,0.04827
m_p,m_p,KP58.8,transient,40.75,False,0.10943,0.12246,1.119072,,0.10943
m_p,m_p,KP58.8,transient,41.0,False,0.19736,0.21134,1.070835,design_hwl,0.19736
m_p,m_p,KP58.8,transient,41.25,False,0.30279,0.31317,1.034281,,0.30279
m_p,m_p,KP58.8,transient,41.5,False,0.4124,0.41895,1.015883,,0.4124
m_p,m_p,KP58.8,transient,41.75,False,0.51725,0.51888,1.003151,transition_midpoint,0.51725
m_p,m_p,KP58.8,transient,42.0,False,0.61331,0.6106,0.995581,,0.61331
m_p,m_p,KP58.8,transient,42.25,False,0.69305,0.68845,0.993363,,0.69305
m_p,m_p,KP58.8,transient,42.5,False,0.75949,0.75451,0.993443,,0.75949
m_p,m_p,KP58.8,transient,42.75,False,0.81357,0.80699,0.991912,,0.81357
m_p,m_p,KP58.8,transient,43.0,False,0.85625,0.85036,0.993121,,0.85625
m_p,m_p,KP58.8,transient,43.25,False,0.89029,0.88417,0.993126,,0.89029
m_p,m_p,KP58.8,transient,43.5,False,0.91528,0.90962,0.993816,,0.91528
m_p,m_p,KP58.8,transient,43.75,False,0.9351,0.93084,0.995444,,0.9351
m_p,m_p,KP58.8,transient,44.0,False,0.95003,0.94668,0.996474,,0.95003
m_p,m_p,KP58.8,transient,44.25,False,0.9624,0.95894,0.996405,,0.9624
m_p,m_p,KP58.8,transient,44.5,False,0.97085,0.96827,0.997343,,0.97085
m_p,m_p,KP58.8,transient,44.75,False,0.97755,0.97514,0.997535,,0.97755
m_p,m_p,KP58.8,transient,45.0,False,0.98278,0.98036,0.997538,grid_top,0.98278
m_p,m_p,KP60.0,transient,38.25,False,0.0,0.0,,,0.0
m_p,m_p,KP60.0,transient,39.25,False,0.0,0.0,,,0.0
m_p,m_p,KP60.0,transient,39.75,False,0.0,0.0,,,0.0
m_p,m_p,KP60.0,transient,40.25,False,0.0,0.0,,,0.0
m_p,m_p,KP60.0,transient,40.5,False,0.0,0.0,,,0.0
m_p,m_p,KP60.0,transient,40.75,False,0.0,0.0,,,0.0
m_p,m_p,KP60.0,transient,41.0,False,0.0,0.0,,,0.0
m_p,m_p,KP60.0,transient,41.25,False,0.0,0.0,,,0.0
m_p,m_p,KP60.0,transient,41.5,False,1e-05,5e-05,5.0,lowest_reachable,1e-05
m_p,m_p,KP60.0,transient,41.75,False,0.00026,0.0006,2.307692,,0.00026
m_p,m_p,KP60.0,transient,42.0,False,0.00195,0.00376,1.928205,rising_limb,0.00195
m_p,m_p,KP60.0,transient,42.25,False,0.00823,0.01298,1.577157,,0.00823
m_p,m_p,KP60.0,transient,42.5,False,0.02461,0.03337,1.355953,,0.02461
m_p,m_p,KP60.0,transient,42.75,False,0.05579,0.06786,1.216347,design_hwl,0.05579
m_p,m_p,KP60.0,transient,43.0,False,0.10399,0.11859,1.140398,,0.10399
m_p,m_p,KP60.0,transient,43.25,False,0.16841,0.18298,1.086515,,0.16841
m_p,m_p,KP60.0,transient,43.5,False,0.24694,0.26004,1.053049,,0.24694
m_p,m_p,KP60.0,transient,43.75,False,0.33185,0.34112,1.027934,,0.33185
m_p,m_p,KP60.0,transient,44.0,False,0.41704,0.42322,1.014819,,0.41704
m_p,m_p,KP60.0,transient,44.25,False,0.50062,0.50308,1.004914,transition_midpoint,0.50062
m_p,m_p,KP60.0,transient,44.5,False,0.57888,0.57743,0.997495,,0.57888
m_p,m_p,KP60.0,transient,44.75,False,0.64824,0.64421,0.993783,,0.64824
m_p,m_p,KP60.0,transient,45.0,False,0.70676,0.70256,0.994057,,0.70676
m_p,m_p,KP60.0,transient,45.25,False,0.76034,0.75394,0.991583,,0.76034
m_p,m_p,KP60.0,transient,45.5,False,0.80425,0.7972,0.991234,,0.80425
m_p,m_p,KP60.0,transient,45.75,False,0.84168,0.83386,0.990709,,0.84168
m_p,m_p,KP60.0,transient,46.0,False,0.87096,0.86387,0.99186,,0.87096
m_p,m_p,KP60.0,transient,46.25,False,0.89537,0.88864,0.992484,,0.89537
m_p,m_p,KP60.0,transient,46.5,False,0.91487,0.90957,0.994207,,0.91487
m_p,m_p,KP60.0,transient,46.75,False,0.93074,0.9262,0.995122,grid_top,0.93074
m_p,m_p,KP62.0,transient,41.75,False,0.0,0.0,,,0.0
m_p,m_p,KP62.0,transient,43.25,False,0.0,0.0,,,0.0
m_p,m_p,KP62.0,transient,44.5,False,0.0,0.0,,,0.0
m_p,m_p,KP62.0,transient,45.0,False,0.0,0.0,,,0.0
m_p,m_p,KP62.0,transient,45.25,False,0.0,0.0,,,0.0
m_p,m_p,KP62.0,transient,45.5,False,0.0,0.0,,,0.0
m_p,m_p,KP62.0,transient,45.75,False,0.0,0.0,,,0.0
m_p,m_p,KP62.0,transient,46.0,False,0.0,0.0,,,0.0
m_p,m_p,KP62.0,transient,46.25,False,1e-05,2e-05,2.0,lowest_reachable,1e-05
m_p,m_p,KP62.0,transient,46.5,False,0.00013,0.00032,2.461538,design_hwl,0.00013
m_p,m_p,KP62.0,transient,46.75,False,0.00101,0.00178,1.762376,rising_limb,0.00101
m_p,m_p,KP62.0,transient,47.0,False,0.00411,0.00623,1.515815,,0.00411
m_p,m_p,KP62.0,transient,47.25,False,0.01198,0.01579,1.31803,,0.01198
m_p,m_p,KP62.0,transient,47.5,False,0.0276,0.03478,1.260145,,0.0276
m_p,m_p,KP62.0,transient,47.75,False,0.0539,0.0622,1.153989,,0.0539
m_p,m_p,KP62.0,transient,48.0,False,0.08951,0.09945,1.111049,,0.08951
m_p,m_p,KP62.0,transient,48.25,False,0.13527,0.14636,1.081984,,0.13527
m_p,m_p,KP62.0,transient,48.5,False,0.191,0.20136,1.054241,,0.191
m_p,m_p,KP62.0,transient,48.75,False,0.2532,0.2623,1.03594,,0.2532
m_p,m_p,KP62.0,transient,49.0,False,0.31654,0.32471,1.02581,,0.31654
m_p,m_p,KP62.0,transient,49.25,False,0.3823,0.38738,1.013288,,0.3823
m_p,m_p,KP62.0,transient,49.5,False,0.4464,0.44928,1.006452,,0.4464
m_p,m_p,KP62.0,transient,49.75,False,0.50765,0.5088,1.002265,transition_midpoint,0.50765
m_p,m_p,KP62.0,transient,50.0,False,0.56586,0.56514,0.998728,,0.56586
m_p,m_p,KP62.0,transient,50.25,False,0.61911,0.61695,0.996511,,0.61911
m_p,m_p,KP62.0,transient,50.5,False,0.66622,0.66435,0.997193,,0.66622
m_p,m_p,KP62.0,transient,51.0,True,0.74869,0.74406,0.993816,,0.74869
m_p,m_p,KP62.0,transient,51.5,True,0.81146,0.80671,0.994146,,0.81146
m_p,m_p,KP62.0,transient,52.0,True,0.85969,0.85535,0.994952,,0.85969
m_p,m_p,KP62.0,transient,52.5,True,0.89624,0.89154,0.994756,,0.89624
m_p,m_p,KP62.0,transient,53.0,True,0.92229,0.91864,0.996042,,0.92229
m_p,m_p,KP62.0,transient,53.5,True,0.94163,0.93892,0.997122,,0.94163
m_p,m_p,KP62.0,transient,54.0,True,0.95577,0.95418,0.998336,,0.95577
m_p,m_p,KP62.0,transient,54.5,True,0.96719,0.9652,0.997942,,0.96719
m_p,m_p,KP62.0,transient,55.0,True,0.9751,0.97356,0.998421,,0.9751
m_p,m_p,KP62.0,transient,55.5,True,0.98104,0.97968,0.998614,,0.98104
m_p,m_p,KP62.0,transient,56.0,True,0.98544,0.98461,0.999158,,0.98544
m_p,m_p,KP62.0,transient,56.5,True,0.9888,0.98793,0.99912,grid_top,0.9888
z_toe,ztoe_minus0.30m,KP57.4,static,34.75,False,0.0,0.0,,,0.0
z_toe,ztoe_minus0.30m,KP57.4,static,36.5,False,0.0,0.0,,,0.0
z_toe,ztoe_minus0.30m,KP57.4,static,38.0,False,0.0,0.0,,,0.0
z_toe,ztoe_minus0.30m,KP57.4,static,38.5,False,0.0,0.0,,,0.0
z_toe,ztoe_minus0.30m,KP57.4,static,38.75,False,0.0,1e-05,,,0.0
z_toe,ztoe_minus0.30m,KP57.4,static,39.0,False,0.0,0.0011,,,0.0
z_toe,ztoe_minus0.30m,KP57.4,static,39.25,False,0.00051,0.01289,25.27451,design_hwl,0.0
z_toe,ztoe_minus0.30m,KP57.4,static,39.5,False,0.0085,0.0618,7.270588,lowest_reachable,0.00014
z_toe,ztoe_minus0.30m,KP57.4,static,39.75,False,0.04729,0.16766,3.545358,rising_limb,0.00295
z_toe,ztoe_minus0.30m,KP57.4,static,40.0,False,0.14186,0.32336,2.27943,,0.01809
z_toe,ztoe_minus0.30m,KP57.4,static,40.25,False,0.28936,0.49416,1.707769,,0.06005
z_toe,ztoe_minus0.30m,KP57.4,static,40.5,False,0.45986,0.64781,1.408711,,0.13377
z_toe,ztoe_minus0.30m,KP57.4,static,40.75,False,0.61922,0.77016,1.243758,,0.2382
z_toe,ztoe_minus0.30m,KP57.4,static,41.0,False,0.74928,0.85764,1.144619,,0.35726
z_toe,ztoe_minus0.30m,KP57.4,static,41.25,False,0.84239,0.91596,1.087335,transition_midpoint,0.4773
z_toe,ztoe_minus0.30m,KP57.4,static,41.5,False,0.90562,0.95122,1.050352,,0.58726
z_toe,ztoe_minus0.30m,KP57.4,static,41.75,False,0.9457,0.97238,1.028212,,0.6799
z_toe,ztoe_minus0.30m,KP57.4,static,42.0,False,0.96905,0.98468,1.016129,,0.75624
z_toe,ztoe_minus0.30m,KP57.4,static,42.25,False,0.98277,0.99178,1.009168,,0.81677
z_toe,ztoe_minus0.30m,KP57.4,static,42.5,False,0.99066,0.99578,1.005168,,0.86255
z_toe,ztoe_minus0.30m,KP57.4,static,42.75,False,0.99507,0.99765,1.002593,,0.89857
z_toe,ztoe_minus0.30m,KP57.4,static,43.0,False,0.99735,0.99865,1.001303,,0.92403
z_toe,ztoe_minus0.30m,KP57.4,static,43.25,False,0.9985,0.99921,1.000711,grid_top,0.94361
z_toe,ztoe_plus0.30m,KP57.4,static,34.75,False,0.0,0.0,,,0.0
z_toe,ztoe_plus0.30m,KP57.4,static,36.5,False,0.0,0.0,,,0.0
z_toe,ztoe_plus0.30m,KP57.4,static,38.0,False,0.0,0.0,,,0.0
z_toe,ztoe_plus0.30m,KP57.4,static,38.5,False,0.0,0.0,,,0.0
z_toe,ztoe_plus0.30m,KP57.4,static,38.75,False,0.0,0.0,,,0.0
z_toe,ztoe_plus0.30m,KP57.4,static,39.0,False,0.0,0.0,,,0.0
z_toe,ztoe_plus0.30m,KP57.4,static,39.25,False,0.00051,0.0,,design_hwl,0.0
z_toe,ztoe_plus0.30m,KP57.4,static,39.5,False,0.0085,0.0002,0.023529,lowest_reachable,0.00014
z_toe,ztoe_plus0.30m,KP57.4,static,39.75,False,0.04729,0.00557,0.117784,rising_limb,0.00295
z_toe,ztoe_plus0.30m,KP57.4,static,40.0,False,0.14186,0.03553,0.250458,,0.01809
z_toe,ztoe_plus0.30m,KP57.4,static,40.25,False,0.28936,0.11845,0.409352,,0.06005
z_toe,ztoe_plus0.30m,KP57.4,static,40.5,False,0.45986,0.25629,0.557322,,0.13377
z_toe,ztoe_plus0.30m,KP57.4,static,40.75,False,0.61922,0.42544,0.687058,,0.2382
z_toe,ztoe_plus0.30m,KP57.4,static,41.0,False,0.74928,0.59002,0.787449,,0.35726
z_toe,ztoe_plus0.30m,KP57.4,static,41.25,False,0.84239,0.72644,0.862356,transition_midpoint,0.4773
z_toe,ztoe_plus0.30m,KP57.4,static,41.5,False,0.90562,0.82632,0.912436,,0.58726
z_toe,ztoe_plus0.30m,KP57.4,static,41.75,False,0.9457,0.89528,0.946685,,0.6799
z_toe,ztoe_plus0.30m,KP57.4,static,42.0,False,0.96905,0.93929,0.96929,,0.75624
z_toe,ztoe_plus0.30m,KP57.4,static,42.25,False,0.98277,0.96526,0.982183,,0.81677
z_toe,ztoe_plus0.30m,KP57.4,static,42.5,False,0.99066,0.98069,0.989936,,0.86255
z_toe,ztoe_plus0.30m,KP57.4,static,42.75,False,0.99507,0.98943,0.994332,,0.89857
z_toe,ztoe_plus0.30m,KP57.4,static,43.0,False,0.99735,0.9944,0.997042,,0.92403
z_toe,ztoe_plus0.30m,KP57.4,static,43.25,False,0.9985,0.99711,0.998608,grid_top,0.94361
z_toe,ztoe_minus0.30m,KP58.8,static,36.5,False,0.0,0.0,,,0.0
z_toe,ztoe_minus0.30m,KP58.8,static,37.5,False,0.0,0.0,,,0.0
z_toe,ztoe_minus0.30m,KP58.8,static,38.25,False,0.0,0.0,,,0.0
z_toe,ztoe_minus0.30m,KP58.8,static,38.75,False,0.0,0.0,,,0.0
z_toe,ztoe_minus0.30m,KP58.8,static,39.0,False,0.0,3e-05,,,0.0
z_toe,ztoe_minus0.30m,KP58.8,static,39.25,False,1e-05,0.00141,141.0,,0.0
z_toe,ztoe_minus0.30m,KP58.8,static,39.5,False,0.00074,0.01428,19.297297,,0.0
z_toe,ztoe_minus0.30m,KP58.8,static,39.75,False,0.00979,0.06385,6.521961,lowest_reachable,0.00011
z_toe,ztoe_minus0.30m,KP58.8,static,40.0,False,0.04979,0.16802,3.374573,rising_limb,0.00241
z_toe,ztoe_minus0.30m,KP58.8,static,40.25,False,0.14277,0.31953,2.238075,,0.01453
z_toe,ztoe_minus0.30m,KP58.8,static,40.5,False,0.28634,0.48553,1.695642,,0.04827
z_toe,ztoe_minus0.30m,KP58.8,static,40.75,False,0.45217,0.63705,1.408873,,0.10943
z_toe,ztoe_minus0.30m,KP58.8,static,41.0,False,0.60913,0.75953,1.24691,design_hwl,0.19736
z_toe,ztoe_minus0.30m,KP58.8,static,41.25,False,0.73872,0.84797,1.147891,,0.30279
z_toe,ztoe_minus0.30m,KP58.8,static,41.5,False,0.83275,0.90806,1.090435,,0.4124
z_toe,ztoe_minus0.30m,KP58.8,static,41.75,False,0.8981,0.94618,1.053535,transition_midpoint,0.51725
z_toe,ztoe_minus0.30m,KP58.8,static,42.0,False,0.94018,0.96886,1.030505,,0.61331
z_toe,ztoe_minus0.30m,KP58.8,static,42.25,False,0.96513,0.98242,1.017915,,0.69305
z_toe,ztoe_minus0.30m,KP58.8,static,42.5,False,0.98041,0.99024,1.010026,,0.75949
z_toe,ztoe_minus0.30m,KP58.8,static,42.75,False,0.989,0.99473,1.005794,,0.81357
z_toe,ztoe_minus0.30m,KP58.8,static,43.0,False,0.99401,0.99718,1.003189,,0.85625
z_toe,ztoe_minus0.30m,KP58.8,static,43.25,False,0.99687,0.99831,1.001445,,0.89029
z_toe,ztoe_minus0.30m,KP58.8,static,43.5,False,0.99807,0.99901,1.000942,,0.91528
z_toe,ztoe_minus0.30m,KP58.8,static,43.75,False,0.99894,0.99942,1.000481,,0.9351
z_toe,ztoe_minus0.30m,KP58.8,static,44.0,False,0.99934,0.99966,1.00032,,0.95003
z_toe,ztoe_minus0.30m,KP58.8,static,44.25,False,0.99962,0.99985,1.00023,,0.9624
z_toe,ztoe_minus0.30m,KP58.8,static,44.5,False,0.99983,0.99992,1.00009,,0.97085
z_toe,ztoe_minus0.30m,KP58.8,static,44.75,False,0.99992,0.99995,1.00003,,0.97755
z_toe,ztoe_minus0.30m,KP58.8,static,45.0,False,0.99994,0.99999,1.00005,grid_top,0.98278
z_toe,ztoe_plus0.30m,KP58.8,static,36.5,False,0.0,0.0,,,0.0
z_toe,ztoe_plus0.30m,KP58.8,static,37.5,False,0.0,0.0,,,0.0
z_toe,ztoe_plus0.30m,KP58.8,static,38.25,False,0.0,0.0,,,0.0
z_toe,ztoe_plus0.30m,KP58.8,static,38.75,False,0.0,0.0,,,0.0
z_toe,ztoe_plus0.30m,KP58.8,static,39.0,False,0.0,0.0,,,0.0
z_toe,ztoe_plus0.30m,KP58.8,static,39.25,False,1e-05,0.0,,,0.0
z_toe,ztoe_plus0.30m,KP58.8,static,39.5,False,0.00074,0.0,,,0.0
z_toe,ztoe_plus0.30m,KP58.8,static,39.75,False,0.00979,0.00035,0.035751,lowest_reachable,0.00011
z_toe,ztoe_plus0.30m,KP58.8,static,40.0,False,0.04979,0.00633,0.127134,rising_limb,0.00241
z_toe,ztoe_plus0.30m,KP58.8,static,40.25,False,0.14277,0.03774,0.264341,,0.01453
z_toe,ztoe_plus0.30m,KP58.8,static,40.5,False,0.28634,0.12007,0.419327,,0.04827
z_toe,ztoe_plus0.30m,KP58.8,static,40.75,False,0.45217,0.25429,0.562377,,0.10943
z_toe,ztoe_plus0.30m,KP58.8,static,41.0,False,0.60913,0.41882,0.687571,design_hwl,0.19736
z_toe,ztoe_plus0.30m,KP58.8,static,41.25,False,0.73872,0.58045,0.785751,,0.30279
z_toe,ztoe_plus0.30m,KP58.8,static,41.5,False,0.83275,0.71557,0.859285,,0.4124
z_toe,ztoe_plus0.30m,KP58.8,static,41.75,False,0.8981,0.81678,0.909453,transition_midpoint,0.51725
z_toe,ztoe_plus0.30m,KP58.8,static,42.0,False,0.94018,0.88693,0.943362,,0.61331
z_toe,ztoe_plus0.30m,KP58.8,static,42.25,False,0.96513,0.93336,0.967082,,0.69305
z_toe,ztoe_plus0.30m,KP58.8,static,42.5,False,0.98041,0.96092,0.980121,,0.75949
z_toe,ztoe_plus0.30m,KP58.8,static,42.75,False,0.989,0.97818,0.98906,,0.81357
z_toe,ztoe_plus0.30m,KP58.8,static,43.0,False,0.99401,0.98767,0.993622,,0.85625
z_toe,ztoe_plus0.30m,KP58.8,static,43.25,False,0.99687,0.99313,0.996248,,0.89029
z_toe,ztoe_plus0.30m,KP58.8,static,43.5,False,0.99807,0.99649,0.998417,,0.91528
z_toe,ztoe_plus0.30m,KP58.8,static,43.75,False,0.99894,0.99788,0.998939,,0.9351
z_toe,ztoe_plus0.30m,KP58.8,static,44.0,False,0.99934,0.99876,0.99942,,0.95003
z_toe,ztoe_plus0.30m,KP58.8,static,44.25,False,0.99962,0.99927,0.99965,,0.9624
z_toe,ztoe_plus0.30m,KP58.8,static,44.5,False,0.99983,0.99962,0.99979,,0.97085
z_toe,ztoe_plus0.30m,KP58.8,static,44.75,False,0.99992,0.99978,0.99986,,0.97755
z_toe,ztoe_plus0.30m,KP58.8,static,45.0,False,0.99994,0.99991,0.99997,grid_top,0.98278
z_toe,ztoe_minus0.30m,KP60.0,static,38.25,False,0.0,0.0,,,0.0
z_toe,ztoe_minus0.30m,KP60.0,static,39.25,False,0.0,0.0,,,0.0
z_toe,ztoe_minus0.30m,KP60.0,static,39.75,False,0.0,0.0,,,0.0
z_toe,ztoe_minus0.30m,KP60.0,static,40.25,False,0.0,0.0,,,0.0
z_toe,ztoe_minus0.30m,KP60.0,static,40.5,False,0.0,0.0,,,0.0
z_toe,ztoe_minus0.30m,KP60.0,static,40.75,False,0.0,0.0,,,0.0
z_toe,ztoe_minus0.30m,KP60.0,static,41.0,False,0.0,0.00016,,,0.0
z_toe,ztoe_minus0.30m,KP60.0,static,41.25,False,6e-05,0.00283,47.166667,,0.0
z_toe,ztoe_minus0.30m,KP60.0,static,41.5,False,0.00188,0.01535,8.164894,lowest_reachable,1e-05
z_toe,ztoe_minus0.30m,KP60.0,static,41.75,False,0.01147,0.05364,4.676548,,0.00026
z_toe,ztoe_minus0.30m,KP60.0,static,42.0,False,0.04299,0.12992,3.022098,rising_limb,0.00195
z_toe,ztoe_minus0.30m,KP60.0,static,42.25,False,0.11095,0.2439,2.198288,,0.00823
z_toe,ztoe_minus0.30m,KP60.0,static,42.5,False,0.21866,0.38159,1.745129,,0.02461
z_toe,ztoe_minus0.30m,KP60.0,static,42.75,False,0.35345,0.52373,1.481765,design_hwl,0.05579
z_toe,ztoe_minus0.30m,KP60.0,static,43.0,False,0.49512,0.6505,1.313823,,0.10399
z_toe,ztoe_minus0.30m,KP60.0,static,43.25,False,0.62617,0.75648,1.208106,,0.16841
z_toe,ztoe_minus0.30m,KP60.0,static,43.5,False,0.73742,0.83726,1.135391,,0.24694
z_toe,ztoe_minus0.30m,KP60.0,static,43.75,False,0.82276,0.89449,1.087182,,0.33185
z_toe,ztoe_minus0.30m,KP60.0,static,44.0,False,0.88454,0.93425,1.056199,,0.41704
z_toe,ztoe_minus0.30m,KP60.0,static,44.25,False,0.92732,0.95985,1.03508,transition_midpoint,0.50062
z_toe,ztoe_minus0.30m,KP60.0,static,44.5,False,0.95581,0.9761,1.021228,,0.57888
z_toe,ztoe_minus0.30m,KP60.0,static,44.75,False,0.97311,0.98561,1.012845,,0.64824
z_toe,ztoe_minus0.30m,KP60.0,static,45.0,False,0.98389,0.99179,1.008029,,0.70676
z_toe,ztoe_minus0.30m,KP60.0,static,45.25,False,0.99081,0.99525,1.004481,,0.76034
z_toe,ztoe_minus0.30m,KP60.0,static,45.5,False,0.9947,0.99722,1.002533,,0.80425
z_toe,ztoe_minus0.30m,KP60.0,static,45.75,False,0.99697,0.99828,1.001314,,0.84168
z_toe,ztoe_minus0.30m,KP60.0,static,46.0,False,0.99801,0.99903,1.001022,,0.87096
z_toe,ztoe_minus0.30m,KP60.0,static,46.25,False,0.9989,0.99943,1.000531,,0.89537
z_toe,ztoe_minus0.30m,KP60.0,static,46.5,False,0.99939,0.99967,1.00028,,0.91487
z_toe,ztoe_minus0.30m,KP60.0,static,46.75,False,0.99963,0.99988,1.00025,grid_top,0.93074
z_toe,ztoe_plus0.30m,KP60.0,static,38.25,False,0.0,0.0,,,0.0
z_toe,ztoe_plus0.30m,KP60.0,static,39.25,False,0.0,0.0,,,0.0
z_toe,ztoe_plus0.30m,KP60.0,static,39.75,False,0.0,0.0,,,0.0
z_toe,ztoe_plus0.30m,KP60.0,static,40.25,False,0.0,0.0,,,0.0
z_toe,ztoe_plus0.30m,KP60.0,static,40.5,False,0.0,0.0,,,0.0
z_toe,ztoe_plus0.30m,KP60.0,static,40.75,False,0.0,0.0,,,0.0
z_toe,ztoe_plus0.30m,KP60.0,static,41.0,False,0.0,0.0,,,0.0
z_toe,ztoe_plus0.30m,KP60.0,static,41.25,False,6e-05,0.0,,,0.0
z_toe,ztoe_plus0.30m,KP60.0,static,41.5,False,0.00188,3e-05,0.015957,lowest_reachable,1e-05
z_toe,ztoe_plus0.30m,KP60.0,static,41.75,False,0.01147,0.00111,0.096774,,0.00026
z_toe,ztoe_plus0.30m,KP60.0,static,42.0,False,0.04299,0.00819,0.190509,rising_limb,0.00195
z_toe,ztoe_plus0.30m,KP60.0,static,42.25,False,0.11095,0.03399,0.306354,,0.00823
z_toe,ztoe_plus0.30m,KP60.0,static,42.5,False,0.21866,0.09417,0.430669,,0.02461
z_toe,ztoe_plus0.30m,KP60.0,static,42.75,False,0.35345,0.19418,0.549385,design_hwl,0.05579
z_toe,ztoe_plus0.30m,KP60.0,static,43.0,False,0.49512,0.32524,0.656891,,0.10399
z_toe,ztoe_plus0.30m,KP60.0,static,43.25,False,0.62617,0.46704,0.745868,,0.16841
z_toe,ztoe_plus0.30m,KP60.0,static,43.5,False,0.73742,0.6018,0.816089,,0.24694
z_toe,ztoe_plus0.30m,KP60.0,static,43.75,False,0.82276,0.71706,0.87153,,0.33185
z_toe,ztoe_plus0.30m,KP60.0,static,44.0,False,0.88454,0.80715,0.912508,,0.41704
z_toe,ztoe_plus0.30m,KP60.0,static,44.25,False,0.92732,0.87367,0.942145,transition_midpoint,0.50062
z_toe,ztoe_plus0.30m,KP60.0,static,44.5,False,0.95581,0.91975,0.962273,,0.57888
z_toe,ztoe_plus0.30m,KP60.0,static,44.75,False,0.97311,0.95104,0.97732,,0.64824
z_toe,ztoe_plus0.30m,KP60.0,static,45.0,False,0.98389,0.97002,0.985903,,0.70676
z_toe,ztoe_plus0.30m,KP60.0,static,45.25,False,0.99081,0.98224,0.991351,,0.76034
z_toe,ztoe_plus0.30m,KP60.0,static,45.5,False,0.9947,0.98952,0.994792,,0.80425
z_toe,ztoe_plus0.30m,KP60.0,static,45.75,False,0.99697,0.99423,0.997252,,0.84168
z_toe,ztoe_plus0.30m,KP60.0,static,46.0,False,0.99801,0.99657,0.998557,,0.87096
z_toe,ztoe_plus0.30m,KP60.0,static,46.25,False,0.9989,0.99788,0.998979,,0.89537
z_toe,ztoe_plus0.30m,KP60.0,static,46.5,False,0.99939,0.99883,0.99944,,0.91487
z_toe,ztoe_plus0.30m,KP60.0,static,46.75,False,0.99963,0.99933,0.9997,grid_top,0.93074
z_toe,ztoe_minus0.30m,KP62.0,static,41.75,False,0.0,0.0,,,0.0
z_toe,ztoe_minus0.30m,KP62.0,static,43.25,False,0.0,0.0,,,0.0
z_toe,ztoe_minus0.30m,KP62.0,static,44.5,False,0.0,0.0,,,0.0
z_toe,ztoe_minus0.30m,KP62.0,static,45.0,False,0.0,0.0,,,0.0
z_toe,ztoe_minus0.30m,KP62.0,static,45.25,False,0.0,0.0,,,0.0
z_toe,ztoe_minus0.30m,KP62.0,static,45.5,False,0.0,0.0,,,0.0
z_toe,ztoe_minus0.30m,KP62.0,static,45.75,False,0.0,3e-05,,,0.0
z_toe,ztoe_minus0.30m,KP62.0,static,46.0,False,1e-05,0.00051,51.0,,0.0
z_toe,ztoe_minus0.30m,KP62.0,static,46.25,False,0.00029,0.00413,14.241379,lowest_reachable,1e-05
z_toe,ztoe_minus0.30m,KP62.0,static,46.5,False,0.00283,0.01702,6.014134,design_hwl,0.00013
z_toe,ztoe_minus0.30m,KP62.0,static,46.75,False,0.01349,0.05049,3.742772,rising_limb,0.00101
z_toe,ztoe_minus0.30m,KP62.0,static,47.0,False,0.0414,0.1101,2.65942,,0.00411
z_toe,ztoe_minus0.30m,KP62.0,static,47.25,False,0.09591,0.19623,2.045981,,0.01198
z_toe,ztoe_minus0.30m,KP62.0,static,47.5,False,0.17728,0.30474,1.718976,,0.0276
z_toe,ztoe_minus0.30m,KP62.0,static,47.75,False,0.282,0.42085,1.492376,,0.0539
z_toe,ztoe_minus0.30m,KP62.0,static,48.0,False,0.39843,0.53761,1.349321,,0.08951
z_toe,ztoe_minus0.30m,KP62.0,static,48.25,False,0.51501,0.63904,1.24083,,0.13527
z_toe,ztoe_minus0.30m,KP62.0,static,48.5,False,0.61954,0.72888,1.176486,,0.191
z_toe,ztoe_minus0.30m,KP62.0,static,48.75,False,0.71255,0.80007,1.122826,,0.2532
z_toe,ztoe_minus0.30m,KP62.0,static,49.0,False,0.78691,0.85671,1.088701,,0.31654
z_toe,ztoe_minus0.30m,KP62.0,static,49.25,False,0.84636,0.89893,1.062113,,0.3823
z_toe,ztoe_minus0.30m,KP62.0,static,49.5,False,0.89132,0.93055,1.044013,,0.4464
z_toe,ztoe_minus0.30m,KP62.0,static,49.75,False,0.92541,0.95209,1.02883,transition_midpoint,0.50765
z_toe,ztoe_minus0.30m,KP62.0,static,50.0,False,0.94835,0.96743,1.020119,,0.56586
z_toe,ztoe_minus0.30m,KP62.0,static,50.25,False,0.96479,0.97843,1.014138,,0.61911
z_toe,ztoe_minus0.30m,KP62.0,static,50.5,False,0.97657,0.98549,1.009134,,0.66622
z_toe,ztoe_minus0.30m,KP62.0,static,51.0,True,0.98955,0.99373,1.004224,,0.74869
z_toe,ztoe_minus0.30m,KP62.0,static,51.5,True,0.9957,0.99734,1.001647,,0.81146
z_toe,ztoe_minus0.30m,KP62.0,static,52.0,True,0.99798,0.99874,1.000762,,0.85969
z_toe,ztoe_minus0.30m,KP62.0,static,52.5,True,0.99904,0.99938,1.00034,,0.89624
z_toe,ztoe_minus0.30m,KP62.0,static,53.0,True,0.99961,0.99976,1.00015,,0.92229
z_toe,ztoe_minus0.30m,KP62.0,static,53.5,True,0.99984,0.99991,1.00007,,0.94163
z_toe,ztoe_minus0.30m,KP62.0,static,54.0,True,0.99993,0.99995,1.00002,,0.95577
z_toe,ztoe_minus0.30m,KP62.0,static,54.5,True,0.99999,0.99999,1.0,,0.96719
z_toe,ztoe_minus0.30m,KP62.0,static,55.0,True,1.0,1.0,1.0,,0.9751
z_toe,ztoe_minus0.30m,KP62.0,static,55.5,True,1.0,1.0,1.0,,0.98104
z_toe,ztoe_minus0.30m,KP62.0,static,56.0,True,1.0,1.0,1.0,,0.98544
z_toe,ztoe_minus0.30m,KP62.0,static,56.5,True,1.0,1.0,1.0,grid_top,0.9888
z_toe,ztoe_plus0.30m,KP62.0,static,41.75,False,0.0,0.0,,,0.0
z_toe,ztoe_plus0.30m,KP62.0,static,43.25,False,0.0,0.0,,,0.0
z_toe,ztoe_plus0.30m,KP62.0,static,44.5,False,0.0,0.0,,,0.0
z_toe,ztoe_plus0.30m,KP62.0,static,45.0,False,0.0,0.0,,,0.0
z_toe,ztoe_plus0.30m,KP62.0,static,45.25,False,0.0,0.0,,,0.0
z_toe,ztoe_plus0.30m,KP62.0,static,45.5,False,0.0,0.0,,,0.0
z_toe,ztoe_plus0.30m,KP62.0,static,45.75,False,0.0,0.0,,,0.0
z_toe,ztoe_plus0.30m,KP62.0,static,46.0,False,1e-05,0.0,,,0.0
z_toe,ztoe_plus0.30m,KP62.0,static,46.25,False,0.00029,1e-05,0.034483,lowest_reachable,1e-05
z_toe,ztoe_plus0.30m,KP62.0,static,46.5,False,0.00283,0.00015,0.053004,design_hwl,0.00013
z_toe,ztoe_plus0.30m,KP62.0,static,46.75,False,0.01349,0.00207,0.153447,rising_limb,0.00101
z_toe,ztoe_plus0.30m,KP62.0,static,47.0,False,0.0414,0.01036,0.250242,,0.00411
z_toe,ztoe_plus0.30m,KP62.0,static,47.25,False,0.09591,0.03393,0.353769,,0.01198
z_toe,ztoe_plus0.30m,KP62.0,static,47.5,False,0.17728,0.0829,0.467622,,0.0276
z_toe,ztoe_plus0.30m,KP62.0,static,47.75,False,0.282,0.15931,0.564929,,0.0539
z_toe,ztoe_plus0.30m,KP62.0,static,48.0,False,0.39843,0.25973,0.651884,,0.08951
z_toe,ztoe_plus0.30m,KP62.0,static,48.25,False,0.51501,0.37537,0.72886,,0.13527
z_toe,ztoe_plus0.30m,KP62.0,static,48.5,False,0.61954,0.49124,0.792911,,0.191
z_toe,ztoe_plus0.30m,KP62.0,static,48.75,False,0.71255,0.59963,0.841527,,0.2532
z_toe,ztoe_plus0.30m,KP62.0,static,49.0,False,0.78691,0.69597,0.884434,,0.31654
z_toe,ztoe_plus0.30m,KP62.0,static,49.25,False,0.84636,0.7733,0.913677,,0.3823
z_toe,ztoe_plus0.30m,KP62.0,static,49.5,False,0.89132,0.83544,0.937306,,0.4464
z_toe,ztoe_plus0.30m,KP62.0,static,49.75,False,0.92541,0.88316,0.954345,transition_midpoint,0.50765
z_toe,ztoe_plus0.30m,KP62.0,static,50.0,False,0.94835,0.91937,0.969442,,0.56586
z_toe,ztoe_plus0.30m,KP62.0,static,50.25,False,0.96479,0.94441,0.978876,,0.61911
z_toe,ztoe_plus0.30m,KP62.0,static,50.5,False,0.97657,0.96186,0.984937,,0.66622
z_toe,ztoe_plus0.30m,KP62.0,static,51.0,True,0.98955,0.98278,0.993159,,0.74869
z_toe,ztoe_plus0.30m,KP62.0,static,51.5,True,0.9957,0.99248,0.996766,,0.81146
z_toe,ztoe_plus0.30m,KP62.0,static,52.0,True,0.99798,0.99698,0.998998,,0.85969
z_toe,ztoe_plus0.30m,KP62.0,static,52.5,True,0.99904,0.99858,0.99954,,0.89624
z_toe,ztoe_plus0.30m,KP62.0,static,53.0,True,0.99961,0.99929,0.99968,,0.92229
z_toe,ztoe_plus0.30m,KP62.0,static,53.5,True,0.99984,0.99968,0.99984,,0.94163
z_toe,ztoe_plus0.30m,KP62.0,static,54.0,True,0.99993,0.9999,0.99997,,0.95577
z_toe,ztoe_plus0.30m,KP62.0,static,54.5,True,0.99999,0.99994,0.99995,,0.96719
z_toe,ztoe_plus0.30m,KP62.0,static,55.0,True,1.0,0.99999,0.99999,,0.9751
z_toe,ztoe_plus0.30m,KP62.0,static,55.5,True,1.0,1.0,1.0,,0.98104
z_toe,ztoe_plus0.30m,KP62.0,static,56.0,True,1.0,1.0,1.0,,0.98544
z_toe,ztoe_plus0.30m,KP62.0,static,56.5,True,1.0,1.0,1.0,grid_top,0.9888
z_toe,ztoe_minus0.30m,KP57.4,transient,34.75,False,0.0,0.0,,,0.0
z_toe,ztoe_minus0.30m,KP57.4,transient,36.5,False,0.0,0.0,,,0.0
z_toe,ztoe_minus0.30m,KP57.4,transient,38.0,False,0.0,0.0,,,0.0
z_toe,ztoe_minus0.30m,KP57.4,transient,38.5,False,0.0,0.0,,,0.0
z_toe,ztoe_minus0.30m,KP57.4,transient,38.75,False,0.0,0.0,,,0.0
z_toe,ztoe_minus0.30m,KP57.4,transient,39.0,False,0.0,0.0,,,0.0
z_toe,ztoe_minus0.30m,KP57.4,transient,39.25,False,0.0,0.0004,,design_hwl,0.0
z_toe,ztoe_minus0.30m,KP57.4,transient,39.5,False,0.00014,0.00476,34.0,lowest_reachable,0.00014
z_toe,ztoe_minus0.30m,KP57.4,transient,39.75,False,0.00295,0.02477,8.39661,rising_limb,0.00295
z_toe,ztoe_minus0.30m,KP57.4,transient,40.0,False,0.01809,0.07397,4.088999,,0.01809
z_toe,ztoe_minus0.30m,KP57.4,transient,40.25,False,0.06005,0.1555,2.589509,,0.06005
z_toe,ztoe_minus0.30m,KP57.4,transient,40.5,False,0.13377,0.26548,1.9846,,0.13377
z_toe,ztoe_minus0.30m,KP57.4,transient,40.75,False,0.2382,0.38657,1.62288,,0.2382
z_toe,ztoe_minus0.30m,KP57.4,transient,41.0,False,0.35726,0.50528,1.41432,,0.35726
z_toe,ztoe_minus0.30m,KP57.4,transient,41.25,False,0.4773,0.61252,1.283302,transition_midpoint,0.4773
z_toe,ztoe_minus0.30m,KP57.4,transient,41.5,False,0.58726,0.70168,1.194837,,0.58726
z_toe,ztoe_minus0.30m,KP57.4,transient,41.75,False,0.6799,0.77404,1.138462,,0.6799
z_toe,ztoe_minus0.30m,KP57.4,transient,42.0,False,0.75624,0.83032,1.097958,,0.75624
z_toe,ztoe_minus0.30m,KP57.4,transient,42.25,False,0.81677,0.87423,1.07035,,0.81677
z_toe,ztoe_minus0.30m,KP57.4,transient,42.5,False,0.86255,0.9066,1.05107,,0.86255
z_toe,ztoe_minus0.30m,KP57.4,transient,42.75,False,0.89857,0.93055,1.03559,,0.89857
z_toe,ztoe_minus0.30m,KP57.4,transient,43.0,False,0.92403,0.94882,1.026828,,0.92403
z_toe,ztoe_minus0.30m,KP57.4,transient,43.25,False,0.94361,0.96263,1.020157,grid_top,0.94361
z_toe,ztoe_plus0.30m,KP57.4,transient,34.75,False,0.0,0.0,,,0.0
z_toe,ztoe_plus0.30m,KP57.4,transient,36.5,False,0.0,0.0,,,0.0
z_toe,ztoe_plus0.30m,KP57.4,transient,38.0,False,0.0,0.0,,,0.0
z_toe,ztoe_plus0.30m,KP57.4,transient,38.5,False,0.0,0.0,,,0.0
z_toe,ztoe_plus0.30m,KP57.4,transient,38.75,False,0.0,0.0,,,0.0
z_toe,ztoe_plus0.30m,KP57.4,transient,39.0,False,0.0,0.0,,,0.0
z_toe,ztoe_plus0.30m,KP57.4,transient,39.25,False,0.0,0.0,,design_hwl,0.0
z_toe,ztoe_plus0.30m,KP57.4,transient,39.5,False,0.00014,0.0,,lowest_reachable,0.00014
z_toe,ztoe_plus0.30m,KP57.4,transient,39.75,False,0.00295,6e-05,0.020339,rising_limb,0.00295
z_toe,ztoe_plus0.30m,KP57.4,transient,40.0,False,0.01809,0.00189,0.104478,,0.01809
z_toe,ztoe_plus0.30m,KP57.4,transient,40.25,False,0.06005,0.01305,0.217319,,0.06005
z_toe,ztoe_plus0.30m,KP57.4,transient,40.5,False,0.13377,0.04816,0.360021,,0.13377
z_toe,ztoe_plus0.30m,KP57.4,transient,40.75,False,0.2382,0.11422,0.479513,,0.2382
z_toe,ztoe_plus0.30m,KP57.4,transient,41.0,False,0.35726,0.2123,0.594245,,0.35726
z_toe,ztoe_plus0.30m,KP57.4,transient,41.25,False,0.4773,0.32798,0.687157,transition_midpoint,0.4773
z_toe,ztoe_plus0.30m,KP57.4,transient,41.5,False,0.58726,0.44853,0.763767,,0.58726
z_toe,ztoe_plus0.30m,KP57.4,transient,41.75,False,0.6799,0.5615,0.825857,,0.6799
z_toe,ztoe_plus0.30m,KP57.4,transient,42.0,False,0.75624,0.65775,0.869764,,0.75624
z_toe,ztoe_plus0.30m,KP57.4,transient,42.25,False,0.81677,0.73744,0.902874,,0.81677
z_toe,ztoe_plus0.30m,KP57.4,transient,42.5,False,0.86255,0.80169,0.929442,,0.86255
z_toe,ztoe_plus0.30m,KP57.4,transient,42.75,False,0.89857,0.8507,0.946726,,0.89857
z_toe,ztoe_plus0.30m,KP57.4,transient,43.0,False,0.92403,0.88923,0.962339,,0.92403
z_toe,ztoe_plus0.30m,KP57.4,transient,43.25,False,0.94361,0.91663,0.971408,grid_top,0.94361
z_toe,ztoe_minus0.30m,KP58.8,transient,36.5,False,0.0,0.0,,,0.0
z_toe,ztoe_minus0.30m,KP58.8,transient,37.5,False,0.0,0.0,,,0.0
z_toe,ztoe_minus0.30m,KP58.8,transient,38.25,False,0.0,0.0,,,0.0
z_toe,ztoe_minus0.30m,KP58.8,transient,38.75,False,0.0,0.0,,,0.0
z_toe,ztoe_minus0.30m,KP58.8,transient,39.0,False,0.0,0.0,,,0.0
z_toe,ztoe_minus0.30m,KP58.8,transient,39.25,False,0.0,0.0,,,0.0
z_toe,ztoe_minus0.30m,KP58.8,transient,39.5,False,0.0,0.0003,,,0.0
z_toe,ztoe_minus0.30m,KP58.8,transient,39.75,False,0.00011,0.00379,34.454545,lowest_reachable,0.00011
z_toe,ztoe_minus0.30m,KP58.8,transient,40.0,False,0.00241,0.01996,8.282158,rising_limb,0.00241
z_toe,ztoe_minus0.30m,KP58.8,transient,40.25,False,0.01453,0.0605,4.163799,,0.01453
z_toe,ztoe_minus0.30m,KP58.8,transient,40.5,False,0.04827,0.12819,2.655687,,0.04827
z_toe,ztoe_minus0.30m,KP58.8,transient,40.75,False,0.10943,0.22399,2.046879,,0.10943
z_toe,ztoe_minus0.30m,KP58.8,transient,41.0,False,0.19736,0.33141,1.679216,design_hwl,0.19736
z_toe,ztoe_minus0.30m,KP58.8,transient,41.25,False,0.30279,0.44245,1.461244,,0.30279
z_toe,ztoe_minus0.30m,KP58.8,transient,41.5,False,0.4124,0.54654,1.325267,,0.4124
z_toe,ztoe_minus0.30m,KP58.8,transient,41.75,False,0.51725,0.6386,1.234606,transition_midpoint,0.51725
z_toe,ztoe_minus0.30m,KP58.8,transient,42.0,False,0.61331,0.71519,1.166115,,0.61331
z_toe,ztoe_minus0.30m,KP58.8,transient,42.25,False,0.69305,0.77907,1.124118,,0.69305
z_toe,ztoe_minus0.30m,KP58.8,transient,42.5,False,0.75949,0.82903,1.091561,,0.75949
z_toe,ztoe_minus0.30m,KP58.8,transient,42.75,False,0.81357,0.86949,1.068734,,0.81357
z_toe,ztoe_minus0.30m,KP58.8,transient,43.0,False,0.85625,0.90108,1.052356,,0.85625
z_toe,ztoe_minus0.30m,KP58.8,transient,43.25,False,0.89029,0.92374,1.037572,,0.89029
z_toe,ztoe_minus0.30m,KP58.8,transient,43.5,False,0.91528,0.94188,1.029062,,0.91528
z_toe,ztoe_minus0.30m,KP58.8,transient,43.75,False,0.9351,0.95558,1.021901,,0.9351
z_toe,ztoe_minus0.30m,KP58.8,transient,44.0,False,0.95003,0.96621,1.017031,,0.95003
z_toe,ztoe_minus0.30m,KP58.8,transient,44.25,False,0.9624,0.97418,1.01224,,0.9624
z_toe,ztoe_minus0.30m,KP58.8,transient,44.5,False,0.97085,0.98013,1.009559,,0.97085
z_toe,ztoe_minus0.30m,KP58.8,transient,44.75,False,0.97755,0.9848,1.007417,,0.97755
z_toe,ztoe_minus0.30m,KP58.8,transient,45.0,False,0.98278,0.98813,1.005444,grid_top,0.98278
z_toe,ztoe_plus0.30m,KP58.8,transient,36.5,False,0.0,0.0,,,0.0
z_toe,ztoe_plus0.30m,KP58.8,transient,37.5,False,0.0,0.0,,,0.0
z_toe,ztoe_plus0.30m,KP58.8,transient,38.25,False,0.0,0.0,,,0.0
z_toe,ztoe_plus0.30m,KP58.8,transient,38.75,False,0.0,0.0,,,0.0
z_toe,ztoe_plus0.30m,KP58.8,transient,39.0,False,0.0,0.0,,,0.0
z_toe,ztoe_plus0.30m,KP58.8,transient,39.25,False,0.0,0.0,,,0.0
z_toe,ztoe_plus0.30m,KP58.8,transient,39.5,False,0.0,0.0,,,0.0
z_toe,ztoe_plus0.30m,KP58.8,transient,39.75,False,0.00011,0.0,,lowest_reachable,0.00011
z_toe,ztoe_plus0.30m,KP58.8,transient,40.0,False,0.00241,5e-05,0.020747,rising_limb,0.00241
z_toe,ztoe_plus0.30m,KP58.8,transient,40.25,False,0.01453,0.00145,0.099794,,0.01453
z_toe,ztoe_plus0.30m,KP58.8,transient,40.5,False,0.04827,0.01009,0.209033,,0.04827
z_toe,ztoe_plus0.30m,KP58.8,transient,40.75,False,0.10943,0.03788,0.346157,,0.10943
z_toe,ztoe_plus0.30m,KP58.8,transient,41.0,False,0.19736,0.09206,0.466457,design_hwl,0.19736
z_toe,ztoe_plus0.30m,KP58.8,transient,41.25,False,0.30279,0.17386,0.574193,,0.30279
z_toe,ztoe_plus0.30m,KP58.8,transient,41.5,False,0.4124,0.27559,0.668259,,0.4124
z_toe,ztoe_plus0.30m,KP58.8,transient,41.75,False,0.51725,0.38366,0.74173,transition_midpoint,0.51725
z_toe,ztoe_plus0.30m,KP58.8,transient,42.0,False,0.61331,0.48965,0.798373,,0.61331
z_toe,ztoe_plus0.30m,KP58.8,transient,42.25,False,0.69305,0.5876,0.847846,,0.69305
z_toe,ztoe_plus0.30m,KP58.8,transient,42.5,False,0.75949,0.67063,0.883,,0.75949
z_toe,ztoe_plus0.30m,KP58.8,transient,42.75,False,0.81357,0.74016,0.909768,,0.81357
z_toe,ztoe_plus0.30m,KP58.8,transient,43.0,False,0.85625,0.7974,0.93127,,0.85625
z_toe,ztoe_plus0.30m,KP58.8,transient,43.25,False,0.89029,0.84297,0.946849,,0.89029
z_toe,ztoe_plus0.30m,KP58.8,transient,43.5,False,0.91528,0.87944,0.960843,,0.91528
z_toe,ztoe_plus0.30m,KP58.8,transient,43.75,False,0.9351,0.90688,0.969821,,0.9351
z_toe,ztoe_plus0.30m,KP58.8,transient,44.0,False,0.95003,0.92806,0.976874,,0.95003
z_toe,ztoe_plus0.30m,KP58.8,transient,44.25,False,0.9624,0.94476,0.981671,,0.9624
z_toe,ztoe_plus0.30m,KP58.8,transient,44.5,False,0.97085,0.95746,0.986208,,0.97085
z_toe,ztoe_plus0.30m,KP58.8,transient,44.75,False,0.97755,0.96723,0.989443,,0.97755
z_toe,ztoe_plus0.30m,KP58.8,transient,45.0,False,0.98278,0.97484,0.991921,grid_top,0.98278
z_toe,ztoe_minus0.30m,KP60.0,transient,38.25,False,0.0,0.0,,,0.0
z_toe,ztoe_minus0.30m,KP60.0,transient,39.25,False,0.0,0.0,,,0.0
z_toe,ztoe_minus0.30m,KP60.0,transient,39.75,False,0.0,0.0,,,0.0
z_toe,ztoe_minus0.30m,KP60.0,transient,40.25,False,0.0,0.0,,,0.0
z_toe,ztoe_minus0.30m,KP60.0,transient,40.5,False,0.0,0.0,,,0.0
z_toe,ztoe_minus0.30m,KP60.0,transient,40.75,False,0.0,0.0,,,0.0
z_toe,ztoe_minus0.30m,KP60.0,transient,41.0,False,0.0,0.0,,,0.0
z_toe,ztoe_minus0.30m,KP60.0,transient,41.25,False,0.0,2e-05,,,0.0
z_toe,ztoe_minus0.30m,KP60.0,transient,41.5,False,1e-05,0.00047,47.0,lowest_reachable,1e-05
z_toe,ztoe_minus0.30m,KP60.0,transient,41.75,False,0.00026,0.00299,11.5,,0.00026
z_toe,ztoe_minus0.30m,KP60.0,transient,42.0,False,0.00195,0.0111,5.692308,rising_limb,0.00195
z_toe,ztoe_minus0.30m,KP60.0,transient,42.25,False,0.00823,0.03098,3.764277,,0.00823
z_toe,ztoe_minus0.30m,KP60.0,transient,42.5,False,0.02461,0.06683,2.715563,,0.02461
z_toe,ztoe_minus0.30m,KP60.0,transient,42.75,False,0.05579,0.11979,2.147159,design_hwl,0.05579
z_toe,ztoe_minus0.30m,KP60.0,transient,43.0,False,0.10399,0.18901,1.817579,,0.10399
z_toe,ztoe_minus0.30m,KP60.0,transient,43.25,False,0.16841,0.27118,1.610237,,0.16841
z_toe,ztoe_minus0.30m,KP60.0,transient,43.5,False,0.24694,0.358,1.449745,,0.24694
z_toe,ztoe_minus0.30m,KP60.0,transient,43.75,False,0.33185,0.44438,1.339099,,0.33185
z_toe,ztoe_minus0.30m,KP60.0,transient,44.0,False,0.41704,0.52793,1.265898,,0.41704
z_toe,ztoe_minus0.30m,KP60.0,transient,44.25,False,0.50062,0.60393,1.206364,transition_midpoint,0.50062
z_toe,ztoe_minus0.30m,KP60.0,transient,44.5,False,0.57888,0.67051,1.158288,,0.57888
z_toe,ztoe_minus0.30m,KP60.0,transient,44.75,False,0.64824,0.72834,1.123565,,0.64824
z_toe,ztoe_minus0.30m,KP60.0,transient,45.0,False,0.70676,0.778,1.100798,,0.70676
z_toe,ztoe_minus0.30m,KP60.0,transient,45.25,False,0.76034,0.8206,1.079254,,0.76034
z_toe,ztoe_minus0.30m,KP60.0,transient,45.5,False,0.80425,0.85414,1.062033,,0.80425
z_toe,ztoe_minus0.30m,KP60.0,transient,45.75,False,0.84168,0.88272,1.04876,,0.84168
z_toe,ztoe_minus0.30m,KP60.0,transient,46.0,False,0.87096,0.90477,1.038819,,0.87096
z_toe,ztoe_minus0.30m,KP60.0,transient,46.25,False,0.89537,0.92281,1.030647,,0.89537
z_toe,ztoe_minus0.30m,KP60.0,transient,46.5,False,0.91487,0.93733,1.02455,,0.91487
z_toe,ztoe_minus0.30m,KP60.0,transient,46.75,False,0.93074,0.9495,1.020156,grid_top,0.93074
z_toe,ztoe_plus0.30m,KP60.0,transient,38.25,False,0.0,0.0,,,0.0
z_toe,ztoe_plus0.30m,KP60.0,transient,39.25,False,0.0,0.0,,,0.0
z_toe,ztoe_plus0.30m,KP60.0,transient,39.75,False,0.0,0.0,,,0.0
z_toe,ztoe_plus0.30m,KP60.0,transient,40.25,False,0.0,0.0,,,0.0
z_toe,ztoe_plus0.30m,KP60.0,transient,40.5,False,0.0,0.0,,,0.0
z_toe,ztoe_plus0.30m,KP60.0,transient,40.75,False,0.0,0.0,,,0.0
z_toe,ztoe_plus0.30m,KP60.0,transient,41.0,False,0.0,0.0,,,0.0
z_toe,ztoe_plus0.30m,KP60.0,transient,41.25,False,0.0,0.0,,,0.0
z_toe,ztoe_plus0.30m,KP60.0,transient,41.5,False,1e-05,0.0,,lowest_reachable,1e-05
z_toe,ztoe_plus0.30m,KP60.0,transient,41.75,False,0.00026,1e-05,0.038462,,0.00026
z_toe,ztoe_plus0.30m,KP60.0,transient,42.0,False,0.00195,0.00014,0.071795,rising_limb,0.00195
z_toe,ztoe_plus0.30m,KP60.0,transient,42.25,False,0.00823,0.00132,0.160389,,0.00823
z_toe,ztoe_plus0.30m,KP60.0,transient,42.5,False,0.02461,0.00609,0.24746,,0.02461
z_toe,ztoe_plus0.30m,KP60.0,transient,42.75,False,0.05579,0.01945,0.348629,design_hwl,0.05579
z_toe,ztoe_plus0.30m,KP60.0,transient,43.0,False,0.10399,0.04611,0.443408,,0.10399
z_toe,ztoe_plus0.30m,KP60.0,transient,43.25,False,0.16841,0.08975,0.532926,,0.16841
z_toe,ztoe_plus0.30m,KP60.0,transient,43.5,False,0.24694,0.1502,0.608245,,0.24694
z_toe,ztoe_plus0.30m,KP60.0,transient,43.75,False,0.33185,0.22455,0.676661,,0.33185
z_toe,ztoe_plus0.30m,KP60.0,transient,44.0,False,0.41704,0.3061,0.733982,,0.41704
z_toe,ztoe_plus0.30m,KP60.0,transient,44.25,False,0.50062,0.39215,0.783329,transition_midpoint,0.50062
z_toe,ztoe_plus0.30m,KP60.0,transient,44.5,False,0.57888,0.47458,0.819824,,0.57888
z_toe,ztoe_plus0.30m,KP60.0,transient,44.75,False,0.64824,0.55424,0.854992,,0.64824
z_toe,ztoe_plus0.30m,KP60.0,transient,45.0,False,0.70676,0.62519,0.884586,,0.70676
z_toe,ztoe_plus0.30m,KP60.0,transient,45.25,False,0.76034,0.68679,0.903267,,0.76034
z_toe,ztoe_plus0.30m,KP60.0,transient,45.5,False,0.80425,0.74201,0.922611,,0.80425
z_toe,ztoe_plus0.30m,KP60.0,transient,45.75,False,0.84168,0.78759,0.935736,,0.84168
z_toe,ztoe_plus0.30m,KP60.0,transient,46.0,False,0.87096,0.82795,0.950618,,0.87096
z_toe,ztoe_plus0.30m,KP60.0,transient,46.25,False,0.89537,0.85884,0.959201,,0.89537
z_toe,ztoe_plus0.30m,KP60.0,transient,46.5,False,0.91487,0.88606,0.968509,,0.91487
z_toe,ztoe_plus0.30m,KP60.0,transient,46.75,False,0.93074,0.90684,0.974322,grid_top,0.93074
z_toe,ztoe_minus0.30m,KP62.0,transient,41.75,False,0.0,0.0,,,0.0
z_toe,ztoe_minus0.30m,KP62.0,transient,43.25,False,0.0,0.0,,,0.0
z_toe,ztoe_minus0.30m,KP62.0,transient,44.5,False,0.0,0.0,,,0.0
z_toe,ztoe_minus0.30m,KP62.0,transient,45.0,False,0.0,0.0,,,0.0
z_toe,ztoe_minus0.30m,KP62.0,transient,45.25,False,0.0,0.0,,,0.0
z_toe,ztoe_minus0.30m,KP62.0,transient,45.5,False,0.0,0.0,,,0.0
z_toe,ztoe_minus0.30m,KP62.0,transient,45.75,False,0.0,0.0,,,0.0
z_toe,ztoe_minus0.30m,KP62.0,transient,46.0,False,0.0,1e-05,,,0.0
z_toe,ztoe_minus0.30m,KP62.0,transient,46.25,False,1e-05,0.00019,19.0,lowest_reachable,1e-05
z_toe,ztoe_minus0.30m,KP62.0,transient,46.5,False,0.00013,0.0014,10.769231,design_hwl,0.00013
z_toe,ztoe_minus0.30m,KP62.0,transient,46.75,False,0.00101,0.00524,5.188119,rising_limb,0.00101
z_toe,ztoe_minus0.30m,KP62.0,transient,47.0,False,0.00411,0.01498,3.644769,,0.00411
z_toe,ztoe_minus0.30m,KP62.0,transient,47.25,False,0.01198,0.03284,2.741235,,0.01198
z_toe,ztoe_minus0.30m,KP62.0,transient,47.5,False,0.0276,0.06188,2.242029,,0.0276
z_toe,ztoe_minus0.30m,KP62.0,transient,47.75,False,0.0539,0.09997,1.854731,,0.0539
z_toe,ztoe_minus0.30m,KP62.0,transient,48.0,False,0.08951,0.14964,1.671769,,0.08951
z_toe,ztoe_minus0.30m,KP62.0,transient,48.25,False,0.13527,0.20792,1.537074,,0.13527
z_toe,ztoe_minus0.30m,KP62.0,transient,48.5,False,0.191,0.27175,1.422775,,0.191
z_toe,ztoe_minus0.30m,KP62.0,transient,48.75,False,0.2532,0.33576,1.326066,,0.2532
z_toe,ztoe_minus0.30m,KP62.0,transient,49.0,False,0.31654,0.40257,1.271782,,0.31654
z_toe,ztoe_minus0.30m,KP62.0,transient,49.25,False,0.3823,0.46584,1.218519,,0.3823
z_toe,ztoe_minus0.30m,KP62.0,transient,49.5,False,0.4464,0.52724,1.181093,,0.4464
z_toe,ztoe_minus0.30m,KP62.0,transient,49.75,False,0.50765,0.5843,1.15099,transition_midpoint,0.50765
z_toe,ztoe_minus0.30m,KP62.0,transient,50.0,False,0.56586,0.63589,1.123759,,0.56586
z_toe,ztoe_minus0.30m,KP62.0,transient,50.25,False,0.61911,0.68272,1.102744,,0.61911
z_toe,ztoe_minus0.30m,KP62.0,transient,50.5,False,0.66622,0.72479,1.087914,,0.66622
z_toe,ztoe_minus0.30m,KP62.0,transient,51.0,True,0.74869,0.79443,1.061093,,0.74869
z_toe,ztoe_minus0.30m,KP62.0,transient,51.5,True,0.81146,0.8473,1.044167,,0.81146
z_toe,ztoe_minus0.30m,KP62.0,transient,52.0,True,0.85969,0.88763,1.0325,,0.85969
z_toe,ztoe_minus0.30m,KP62.0,transient,52.5,True,0.89624,0.91601,1.022059,,0.89624
z_toe,ztoe_minus0.30m,KP62.0,transient,53.0,True,0.92229,0.93732,1.016296,,0.92229
z_toe,ztoe_minus0.30m,KP62.0,transient,53.5,True,0.94163,0.95279,1.011852,,0.94163
z_toe,ztoe_minus0.30m,KP62.0,transient,54.0,True,0.95577,0.96496,1.009615,,0.95577
z_toe,ztoe_minus0.30m,KP62.0,transient,54.5,True,0.96719,0.9736,1.006627,,0.96719
z_toe,ztoe_minus0.30m,KP62.0,transient,55.0,True,0.9751,0.98011,1.005138,,0.9751
z_toe,ztoe_minus0.30m,KP62.0,transient,55.5,True,0.98104,0.98476,1.003792,,0.98104
z_toe,ztoe_minus0.30m,KP62.0,transient,56.0,True,0.98544,0.98836,1.002963,,0.98544
z_toe,ztoe_minus0.30m,KP62.0,transient,56.5,True,0.9888,0.99101,1.002235,grid_top,0.9888
z_toe,ztoe_plus0.30m,KP62.0,transient,41.75,False,0.0,0.0,,,0.0
z_toe,ztoe_plus0.30m,KP62.0,transient,43.25,False,0.0,0.0,,,0.0
z_toe,ztoe_plus0.30m,KP62.0,transient,44.5,False,0.0,0.0,,,0.0
z_toe,ztoe_plus0.30m,KP62.0,transient,45.0,False,0.0,0.0,,,0.0
z_toe,ztoe_plus0.30m,KP62.0,transient,45.25,False,0.0,0.0,,,0.0
z_toe,ztoe_plus0.30m,KP62.0,transient,45.5,False,0.0,0.0,,,0.0
z_toe,ztoe_plus0.30m,KP62.0,transient,45.75,False,0.0,0.0,,,0.0
z_toe,ztoe_plus0.30m,KP62.0,transient,46.0,False,0.0,0.0,,,0.0
z_toe,ztoe_plus0.30m,KP62.0,transient,46.25,False,1e-05,0.0,,lowest_reachable,1e-05
z_toe,ztoe_plus0.30m,KP62.0,transient,46.5,False,0.00013,0.0,,design_hwl,0.00013
z_toe,ztoe_plus0.30m,KP62.0,transient,46.75,False,0.00101,7e-05,0.069307,rising_limb,0.00101
z_toe,ztoe_plus0.30m,KP62.0,transient,47.0,False,0.00411,0.00072,0.175182,,0.00411
z_toe,ztoe_plus0.30m,KP62.0,transient,47.25,False,0.01198,0.00312,0.260434,,0.01198
z_toe,ztoe_plus0.30m,KP62.0,transient,47.5,False,0.0276,0.00951,0.344565,,0.0276
z_toe,ztoe_plus0.30m,KP62.0,transient,47.75,False,0.0539,0.0231,0.428571,,0.0539
z_toe,ztoe_plus0.30m,KP62.0,transient,48.0,False,0.08951,0.04595,0.51335,,0.08951
z_toe,ztoe_plus0.30m,KP62.0,transient,48.25,False,0.13527,0.0792,0.585496,,0.13527
z_toe,ztoe_plus0.30m,KP62.0,transient,48.5,False,0.191,0.12226,0.640105,,0.191
z_toe,ztoe_plus0.30m,KP62.0,transient,48.75,False,0.2532,0.17537,0.692615,,0.2532
z_toe,ztoe_plus0.30m,KP62.0,transient,49.0,False,0.31654,0.23531,0.743382,,0.31654
z_toe,ztoe_plus0.30m,KP62.0,transient,49.25,False,0.3823,0.29854,0.780905,,0.3823
z_toe,ztoe_plus0.30m,KP62.0,transient,49.5,False,0.4464,0.36315,0.813508,,0.4464
z_toe,ztoe_plus0.30m,KP62.0,transient,49.75,False,0.50765,0.4275,0.842116,transition_midpoint,0.50765
z_toe,ztoe_plus0.30m,KP62.0,transient,50.0,False,0.56586,0.48844,0.863182,,0.56586
z_toe,ztoe_plus0.30m,KP62.0,transient,50.25,False,0.61911,0.54771,0.884673,,0.61911
z_toe,ztoe_plus0.30m,KP62.0,transient,50.5,False,0.66622,0.60154,0.902915,,0.66622
z_toe,ztoe_plus0.30m,KP62.0,transient,51.0,True,0.74869,0.69427,0.927313,,0.74869
z_toe,ztoe_plus0.30m,KP62.0,transient,51.5,True,0.81146,0.76928,0.94802,,0.81146
z_toe,ztoe_plus0.30m,KP62.0,transient,52.0,True,0.85969,0.82729,0.962312,,0.85969
z_toe,ztoe_plus0.30m,KP62.0,transient,52.5,True,0.89624,0.87136,0.97224,,0.89624
z_toe,ztoe_plus0.30m,KP62.0,transient,53.0,True,0.92229,0.90408,0.980256,,0.92229
z_toe,ztoe_plus0.30m,KP62.0,transient,53.5,True,0.94163,0.92778,0.985291,,0.94163
z_toe,ztoe_plus0.30m,KP62.0,transient,54.0,True,0.95577,0.94528,0.989025,,0.95577
z_toe,ztoe_plus0.30m,KP62.0,transient,54.5,True,0.96719,0.95898,0.991511,,0.96719
z_toe,ztoe_plus0.30m,KP62.0,transient,55.0,True,0.9751,0.9694,0.994154,,0.9751
z_toe,ztoe_plus0.30m,KP62.0,transient,55.5,True,0.98104,0.97658,0.995454,,0.98104
z_toe,ztoe_plus0.30m,KP62.0,transient,56.0,True,0.98544,0.98211,0.996621,,0.98544
z_toe,ztoe_plus0.30m,KP62.0,transient,56.5,True,0.9888,0.98616,0.99733,grid_top,0.9888
