table,section,d70_interpretation,n_samples,level_m_msl,role,k_static,k_transient,p_static,p_transient,beta_static,beta_static_ci_lo,beta_static_ci_hi,beta_transient,beta_transient_ci_lo,beta_transient_ci_hi,delta_beta,delta_beta_ci_lo,delta_beta_ci_hi,delta_beta_lower_bound,B,resolved,delta_beta_ci_width,resolved_index_space,attainable,artifact
production,KP 57.4,matrix,100000,34.75,,0,0,0,0,inf,3.96377,inf,inf,3.96377,inf,nan,,,,inf,false,nan,false,true,results/tokachi_kp57.4_historical_matrix.h5
production,KP 57.4,matrix,100000,36.5,,0,0,0,0,inf,3.96377,inf,inf,3.96377,inf,nan,,,,inf,false,nan,false,true,results/tokachi_kp57.4_historical_matrix.h5
production,KP 57.4,matrix,100000,38,,0,0,0,0,inf,3.96377,inf,inf,3.96377,inf,nan,,,,inf,false,nan,false,true,results/tokachi_kp57.4_historical_matrix.h5
production,KP 57.4,matrix,100000,38.5,,0,0,0,0,inf,3.96377,inf,inf,3.96377,inf,nan,,,,inf,false,nan,false,true,results/tokachi_kp57.4_historical_matrix.h5
production,KP 57.4,matrix,100000,38.75,,0,0,0,0,inf,3.96377,inf,inf,3.96377,inf,nan,,,,inf,false,nan,false,true,results/tokachi_kp57.4_historical_matrix.h5
production,KP 57.4,matrix,100000,39,,0,0,0,0,inf,3.96377,inf,inf,3.96377,inf,nan,,,,inf,false,nan,false,true,results/tokachi_kp57.4_historical_matrix.h5
production,KP 57.4,matrix,100000,39.25,,51,0,0.00051,0,3.28495,3.20706,3.36715,inf,3.96377,inf,inf,,,0.59662,inf,false,nan,false,true,results/tokachi_kp57.4_historical_matrix.h5
production,KP 57.4,matrix,100000,39.5,,850,14,0.0085,0.00014,2.38671,2.36199,2.41165,3.63313,3.49743,3.78601,1.24643,,,1.08578,60.7143,false,nan,false,true,results/tokachi_kp57.4_historical_matrix.h5
production,KP 57.4,matrix,100000,39.75,,4729,295,0.04729,0.00295,1.67172,1.65835,1.68512,2.75329,2.71578,2.79148,1.08157,1.04636,1.1202,1.03066,16.0305,true,0.0738462,true,true,results/tokachi_kp57.4_historical_matrix.h5
production,KP 57.4,matrix,100000,40,,14186,1809,0.14186,0.01809,1.072,1.06235,1.08166,2.0949,2.07626,2.11364,1.0229,1.00606,1.04148,0.9946,7.8419,true,0.0354253,true,true,results/tokachi_kp57.4_historical_matrix.h5
production,KP 57.4,matrix,100000,40.25,,28936,6005,0.28936,0.06005,0.555255,0.547023,0.56349,1.55435,1.54197,1.56676,0.999099,0.988125,1.0117,0.978481,4.81865,true,0.0235741,true,true,results/tokachi_kp57.4_historical_matrix.h5
production,KP 57.4,matrix,100000,40.5,,45986,13377,0.45986,0.13377,0.100786,0.0929916,0.108581,1.10875,1.09895,1.11855,1.00796,0.999242,1.01727,0.990366,3.43769,true,0.0180313,true,true,results/tokachi_kp57.4_historical_matrix.h5
production,KP 57.4,matrix,100000,40.75,,61922,23820,0.61922,0.2382,-0.303433,-0.311346,-0.295521,0.712105,0.703562,0.72065,1.01554,1.00648,1.02417,0.999083,2.59958,true,0.0176874,true,true,results/tokachi_kp57.4_historical_matrix.h5
production,KP 57.4,matrix,100000,41,,74928,35726,0.74928,0.35726,-0.672226,-0.680683,-0.663771,0.365792,0.35782,0.373766,1.03802,1.02945,1.04655,1.02159,2.0973,true,0.0171023,true,true,results/tokachi_kp57.4_historical_matrix.h5
production,KP 57.4,matrix,100000,41.25,,84239,47730,0.84239,0.4773,-1.00433,-1.01373,-0.994938,0.0569312,0.0491462,0.0647164,1.06126,1.05252,1.07035,1.04408,1.76491,true,0.0178343,true,true,results/tokachi_kp57.4_historical_matrix.h5
production,KP 57.4,matrix,100000,41.5,,90562,58726,0.90562,0.58726,-1.31426,-1.32507,-1.30346,-0.220502,-0.228352,-0.212653,1.09375,1.08396,1.10477,1.07511,1.54211,true,0.020813,true,true,results/tokachi_kp57.4_historical_matrix.h5
production,KP 57.4,matrix,100000,41.75,,94570,67990,0.9457,0.6799,-1.60452,-1.61733,-1.59173,-0.467419,-0.475518,-0.459322,1.1371,1.12435,1.14919,1.11621,1.39094,true,0.0248384,true,true,results/tokachi_kp57.4_historical_matrix.h5
production,KP 57.4,matrix,100000,42,,96905,75624,0.96905,0.75624,-1.86701,-1.88248,-1.85159,-0.694259,-0.702764,-0.685756,1.17275,1.15851,1.18898,1.14883,1.28141,true,0.0304656,true,true,results/tokachi_kp57.4_historical_matrix.h5
production,KP 57.4,matrix,100000,42.25,,98277,81677,0.98277,0.81677,-2.11465,-2.13373,-2.09567,-0.903124,-0.912182,-0.894071,1.21152,1.19252,1.23129,1.18349,1.20324,true,0.0387697,true,true,results/tokachi_kp57.4_historical_matrix.h5
production,KP 57.4,matrix,100000,42.5,,99066,86255,0.99066,0.86255,-2.35186,-2.3759,-2.32802,-1.09185,-1.10158,-1.08212,1.26001,1.23878,1.28356,1.22643,1.14852,true,0.0447869,true,true,results/tokachi_kp57.4_historical_matrix.h5
production,KP 57.4,matrix,100000,42.75,,99507,89857,0.99507,0.89857,-2.5807,-2.61165,-2.55015,-1.27345,-1.28403,-1.26287,1.30726,1.27701,1.33886,1.26612,1.10739,true,0.0618543,true,true,results/tokachi_kp57.4_historical_matrix.h5
production,KP 57.4,matrix,100000,43,,99735,92403,0.99735,0.92403,-2.78821,-2.82815,-2.74904,-1.43271,-1.44424,-1.4212,1.3555,1.31824,1.39642,1.30479,1.07935,true,0.0781866,true,true,results/tokachi_kp57.4_historical_matrix.h5
production,KP 57.4,matrix,100000,43.25,,99850,94361,0.9985,0.94361,-2.96774,-3.01861,-2.91826,-1.58582,-1.59848,-1.57319,1.38192,1.33005,1.43094,1.31978,1.05817,true,0.100892,true,true,results/tokachi_kp57.4_historical_matrix.h5
production,KP 58.8,matrix,100000,36.5,,0,0,0,0,inf,3.96377,inf,inf,3.96377,inf,nan,,,,inf,false,nan,false,true,results/tokachi_kp58.8_historical_matrix.h5
production,KP 58.8,matrix,100000,37.5,,0,0,0,0,inf,3.96377,inf,inf,3.96377,inf,nan,,,,inf,false,nan,false,true,results/tokachi_kp58.8_historical_matrix.h5
production,KP 58.8,matrix,100000,38.25,,0,0,0,0,inf,3.96377,inf,inf,3.96377,inf,nan,,,,inf,false,nan,false,true,results/tokachi_kp58.8_historical_matrix.h5
production,KP 58.8,matrix,100000,38.75,,0,0,0,0,inf,3.96377,inf,inf,3.96377,inf,nan,,,,inf,false,nan,false,true,results/tokachi_kp58.8_historical_matrix.h5
production,KP 58.8,matrix,100000,39,,0,0,0,0,inf,3.96377,inf,inf,3.96377,inf,nan,,,,inf,false,nan,false,true,results/tokachi_kp58.8_historical_matrix.h5
production,KP 58.8,matrix,100000,39.25,,1,0,1e-05,0,4.26489,3.86425,5.02389,inf,3.96377,inf,inf,,,-1.06012,inf,false,nan,false,true,results/tokachi_kp58.8_historical_matrix.h5
production,KP 58.8,matrix,100000,39.5,,74,0,0.00074,0,3.17858,3.11207,3.248,inf,3.96377,inf,inf,,,0.71577,inf,false,nan,false,true,results/tokachi_kp58.8_historical_matrix.h5
production,KP 58.8,matrix,100000,39.75,,979,11,0.00979,0.00011,2.3343,2.31088,2.35791,3.69487,3.54432,3.86779,1.36057,,,1.18641,89,false,nan,false,true,results/tokachi_kp58.8_historical_matrix.h5
production,KP 58.8,matrix,100000,40,,4979,241,0.04979,0.00241,1.64689,1.63374,1.66007,2.81882,2.77811,2.86039,1.17193,1.13418,1.21454,1.11804,20.6598,true,0.0803585,true,true,results/tokachi_kp58.8_historical_matrix.h5
production,KP 58.8,matrix,100000,40.25,,14277,1453,0.14277,0.01453,1.06796,1.05833,1.0776,2.18267,2.16247,2.203,1.11471,1.09571,1.13502,1.08488,9.82588,true,0.0393165,true,true,results/tokachi_kp58.8_historical_matrix.h5
production,KP 58.8,matrix,100000,40.5,,28634,4827,0.28634,0.04827,0.564109,0.555861,0.572359,1.66186,1.64858,1.67518,1.09776,1.08567,1.10981,1.07622,5.93205,true,0.0241436,true,true,results/tokachi_kp58.8_historical_matrix.h5
production,KP 58.8,matrix,100000,40.75,,45217,10943,0.45217,0.10943,0.120181,0.11238,0.127982,1.22957,1.21922,1.23993,1.10938,1.09942,1.12014,1.09123,4.13205,true,0.0207238,true,true,results/tokachi_kp58.8_historical_matrix.h5
production,KP 58.8,matrix,100000,41,,60913,19736,0.60913,0.19736,-0.277052,-0.284943,-0.269162,0.851089,0.842191,0.859991,1.12814,1.11969,1.13754,1.11135,3.08639,true,0.0178564,true,true,results/tokachi_kp58.8_historical_matrix.h5
production,KP 58.8,matrix,100000,41.25,,73872,30279,0.73872,0.30279,-0.639404,-0.647794,-0.631017,0.516393,0.508223,0.524564,1.1558,1.14623,1.16474,1.13924,2.43971,true,0.0185084,true,true,results/tokachi_kp58.8_historical_matrix.h5
production,KP 58.8,matrix,100000,41.5,,83275,41240,0.83275,0.4124,-0.965089,-0.974349,-0.955835,0.221376,0.213526,0.229226,1.18647,1.17701,1.19613,1.16936,2.01928,true,0.019129,true,true,results/tokachi_kp58.8_historical_matrix.h5
production,KP 58.8,matrix,100000,41.75,,89810,51725,0.8981,0.51725,-1.2708,-1.28137,-1.26024,-0.0432528,-0.051036,-0.0354697,1.22755,1.21598,1.23873,1.2092,1.7363,true,0.0227503,true,true,results/tokachi_kp58.8_historical_matrix.h5
production,KP 58.8,matrix,100000,42,,94018,61331,0.94018,0.61331,-1.55629,-1.56871,-1.54389,-0.287957,-0.295856,-0.280058,1.26833,1.2564,1.28058,1.24803,1.53296,true,0.0241805,true,true,results/tokachi_kp58.8_historical_matrix.h5
production,KP 58.8,matrix,100000,42.25,,96513,69305,0.96513,0.69305,-1.8136,-1.82844,-1.79879,-0.504514,-0.512668,-0.496363,1.30908,1.29439,1.32403,1.28613,1.39258,true,0.0296387,true,true,results/tokachi_kp58.8_historical_matrix.h5
production,KP 58.8,matrix,100000,42.5,,98041,75949,0.98041,0.75949,-2.06229,-2.0805,-2.04418,-0.704663,-0.713192,-0.696137,1.35763,1.3401,1.37562,1.33099,1.29088,true,0.0355212,true,true,results/tokachi_kp58.8_historical_matrix.h5
production,KP 58.8,matrix,100000,42.75,,98900,81357,0.989,0.81357,-2.29037,-2.31295,-2.26796,-0.891129,-0.90015,-0.882113,1.39924,1.37874,1.41938,1.36781,1.21563,true,0.0406405,true,true,results/tokachi_kp58.8_historical_matrix.h5
production,KP 58.8,matrix,100000,43,,99401,85625,0.99401,0.85625,-2.51273,-2.54136,-2.48443,-1.06362,-1.07324,-1.05401,1.44911,1.42311,1.48036,1.41119,1.16089,true,0.0572465,true,false,results/tokachi_kp58.8_historical_matrix.h5
production,KP 58.8,matrix,100000,43.25,,99687,89029,0.99687,0.89029,-2.73384,-2.77111,-2.69722,-1.22807,-1.23842,-1.21773,1.50577,1.47168,1.54519,1.4588,1.11971,true,0.0735137,true,false,results/tokachi_kp58.8_historical_matrix.h5
production,KP 58.8,matrix,100000,43.5,,99807,91528,0.99807,0.91528,-2.88938,-2.93504,-2.84479,-1.37401,-1.38516,-1.36286,1.51538,1.47314,1.56194,1.45963,1.09045,true,0.0887992,true,false,results/tokachi_kp58.8_historical_matrix.h5
production,KP 58.8,matrix,100000,43.75,,99894,93510,0.99894,0.9351,-3.07289,-3.13206,-3.01571,-1.51489,-1.527,-1.50281,1.55799,1.505,1.61943,1.48871,1.06827,true,0.114427,true,false,results/tokachi_kp58.8_historical_matrix.h5
production,KP 58.8,matrix,100000,44,,99934,95003,0.99934,0.95003,-3.2116,-3.28469,-3.14179,-1.64514,-1.65831,-1.63201,1.56645,1.50684,1.64281,1.48348,1.0519,true,0.13597,true,false,results/tokachi_kp58.8_historical_matrix.h5
production,KP 58.8,matrix,100000,44.25,,99962,96240,0.99962,0.9624,-3.36697,-3.46116,-3.27864,-1.77924,-1.79371,-1.76481,1.58772,1.51056,1.68071,1.48493,1.03867,true,0.170155,true,false,results/tokachi_kp58.8_historical_matrix.h5
production,KP 58.8,matrix,100000,44.5,,99983,97085,0.99983,0.97085,-3.58275,-3.72147,-3.45793,-1.89344,-1.90923,-1.8777,1.68931,,,1.5487,1.02985,true,nan,false,false,results/tokachi_kp58.8_historical_matrix.h5
production,KP 58.8,matrix,100000,44.75,,99992,97755,0.99992,0.97755,-3.77501,-3.97944,-3.60243,-2.00559,-2.02292,-1.98834,1.76942,,,1.57951,1.02288,true,nan,false,false,results/tokachi_kp58.8_historical_matrix.h5
production,KP 58.8,matrix,100000,45,,99994,98278,0.99994,0.98278,-3.84613,-4.0852,-3.65104,-2.11488,-2.13397,-2.0959,1.73124,,,1.51707,1.01746,true,nan,false,false,results/tokachi_kp58.8_historical_matrix.h5
production,KP 60.0,matrix,100000,38.25,,0,0,0,0,inf,3.96377,inf,inf,3.96377,inf,nan,,,,inf,false,nan,false,true,results/tokachi_kp60.0_historical_matrix.h5
production,KP 60.0,matrix,100000,39.25,,0,0,0,0,inf,3.96377,inf,inf,3.96377,inf,nan,,,,inf,false,nan,false,true,results/tokachi_kp60.0_historical_matrix.h5
production,KP 60.0,matrix,100000,39.75,,0,0,0,0,inf,3.96377,inf,inf,3.96377,inf,nan,,,,inf,false,nan,false,true,results/tokachi_kp60.0_historical_matrix.h5
production,KP 60.0,matrix,100000,40.25,,0,0,0,0,inf,3.96377,inf,inf,3.96377,inf,nan,,,,inf,false,nan,false,true,results/tokachi_kp60.0_historical_matrix.h5
production,KP 60.0,matrix,100000,40.5,,0,0,0,0,inf,3.96377,inf,inf,3.96377,inf,nan,,,,inf,false,nan,false,true,results/tokachi_kp60.0_historical_matrix.h5
production,KP 60.0,matrix,100000,40.75,,0,0,0,0,inf,3.96377,inf,inf,3.96377,inf,nan,,,,inf,false,nan,false,true,results/tokachi_kp60.0_historical_matrix.h5
production,KP 60.0,matrix,100000,41,,0,0,0,0,inf,3.96377,inf,inf,3.96377,inf,nan,,,,inf,false,nan,false,true,results/tokachi_kp60.0_historical_matrix.h5
production,KP 60.0,matrix,100000,41.25,,6,0,6e-05,0,3.84613,3.65104,4.0852,inf,3.96377,inf,inf,,,-0.121435,inf,false,nan,false,true,results/tokachi_kp60.0_historical_matrix.h5
production,KP 60.0,matrix,100000,41.5,,188,1,0.00188,1e-05,2.89762,2.85255,2.9438,4.26489,3.86425,5.02389,1.36727,,,0.920454,188,false,nan,false,true,results/tokachi_kp60.0_historical_matrix.h5
production,KP 60.0,matrix,100000,41.75,,1147,26,0.01147,0.00026,2.27443,2.25237,2.29666,3.47024,3.36629,3.58298,1.1958,,,1.06963,44.1154,false,nan,false,true,results/tokachi_kp60.0_historical_matrix.h5
production,KP 60.0,matrix,100000,42,,4299,195,0.04299,0.00195,1.717,1.7032,1.73083,2.88614,2.84174,2.9316,1.16914,1.12707,1.21664,1.11091,22.0462,true,0.0895704,true,true,results/tokachi_kp60.0_historical_matrix.h5
production,KP 60.0,matrix,100000,42.25,,11095,823,0.11095,0.00823,1.22149,1.21118,1.23181,2.39855,2.37353,2.42381,1.17706,1.15368,1.20277,1.14172,13.4812,true,0.0490859,true,true,results/tokachi_kp60.0_historical_matrix.h5
production,KP 60.0,matrix,100000,42.5,,21866,2461,0.21866,0.02461,0.776727,0.768029,0.785428,1.96668,1.94998,1.98345,1.18995,1.17419,1.20686,1.16455,8.88501,true,0.0326658,true,true,results/tokachi_kp60.0_historical_matrix.h5
production,KP 60.0,matrix,100000,42.75,,35345,5579,0.35345,0.05579,0.376023,0.368039,0.384008,1.59113,1.57846,1.60383,1.21511,1.20238,1.22707,1.19445,6.33536,true,0.0246952,true,true,results/tokachi_kp60.0_historical_matrix.h5
production,KP 60.0,matrix,100000,43,,49512,10399,0.49512,0.10399,0.0122327,0.00445196,0.0200134,1.25914,1.24864,1.26965,1.24691,1.23612,1.25722,1.22863,4.76123,true,0.0211029,true,true,results/tokachi_kp60.0_historical_matrix.h5
production,KP 60.0,matrix,100000,43.25,,62617,16841,0.62617,0.16841,-0.321726,-0.329656,-0.313798,0.960467,0.951229,0.969711,1.28219,1.27188,1.29304,1.26503,3.71813,true,0.0211547,true,true,results/tokachi_kp60.0_historical_matrix.h5
production,KP 60.0,matrix,100000,43.5,,73742,24694,0.73742,0.24694,-0.635412,-0.643794,-0.627032,0.684151,0.67567,0.692634,1.31956,1.30944,1.32876,1.3027,2.98623,true,0.0193254,true,true,results/tokachi_kp60.0_historical_matrix.h5
production,KP 60.0,matrix,100000,43.75,,82276,33185,0.82276,0.33185,-0.925935,-0.935064,-0.91681,0.43481,0.426757,0.442866,1.36075,1.35077,1.3708,1.34357,2.47931,true,0.0200293,true,true,results/tokachi_kp60.0_historical_matrix.h5
production,KP 60.0,matrix,100000,44,,88454,41704,0.88454,0.41704,-1.19799,-1.2082,-1.1878,0.209472,0.201629,0.217315,1.40746,1.3968,1.41839,1.38943,2.121,true,0.0215871,true,true,results/tokachi_kp60.0_historical_matrix.h5
production,KP 60.0,matrix,100000,44.25,,92732,50062,0.92732,0.50062,-1.45612,-1.46781,-1.44445,-0.00155411,-0.00933461,0.00622639,1.45456,1.44315,1.46717,1.43511,1.85234,true,0.0240204,true,true,results/tokachi_kp60.0_historical_matrix.h5
production,KP 60.0,matrix,100000,44.5,,95581,57888,0.95581,0.57888,-1.70401,-1.71771,-1.69033,-0.199029,-0.206866,-0.191192,1.50498,1.49118,1.51891,1.48347,1.65114,true,0.0277321,true,false,results/tokachi_kp60.0_historical_matrix.h5
production,KP 60.0,matrix,100000,44.75,,97311,64824,0.97311,0.64824,-1.9286,-1.94486,-1.91242,-0.380573,-0.388563,-0.372584,1.54803,1.53299,1.56561,1.52385,1.50116,true,0.0326204,true,false,results/tokachi_kp60.0_historical_matrix.h5
production,KP 60.0,matrix,100000,45,,98389,70676,0.98389,0.70676,-2.14167,-2.16123,-2.12222,-0.543944,-0.55216,-0.53573,1.59773,1.57987,1.61801,1.57006,1.39211,true,0.0381396,true,false,results/tokachi_kp60.0_historical_matrix.h5
production,KP 60.0,matrix,100000,45.25,,99081,76034,0.99081,0.76034,-2.35787,-2.38207,-2.33388,-0.707397,-0.715931,-0.698865,1.65048,1.62614,1.67567,1.61795,1.30311,true,0.0495294,true,false,results/tokachi_kp60.0_historical_matrix.h5
production,KP 60.0,matrix,100000,45.5,,99470,80425,0.9947,0.80425,-2.55562,-2.58568,-2.52593,-0.8569,-0.865819,-0.847986,1.69872,1.67086,1.73203,1.66011,1.2368,true,0.0611719,true,false,results/tokachi_kp60.0_historical_matrix.h5
production,KP 60.0,matrix,100000,45.75,,99697,84168,0.99697,0.84168,-2.74452,-2.78229,-2.70741,-1.00139,-1.01077,-0.992006,1.74313,1.70803,1.78017,1.69664,1.1845,true,0.0721366,true,false,results/tokachi_kp60.0_historical_matrix.h5
production,KP 60.0,matrix,100000,46,,99801,87096,0.99801,0.87096,-2.87974,-2.92481,-2.83571,-1.13094,-1.14084,-1.12105,1.7488,1.7033,1.79226,1.69487,1.14587,true,0.0889598,true,false,results/tokachi_kp60.0_historical_matrix.h5
production,KP 60.0,matrix,100000,46.25,,99890,89537,0.9989,0.89537,-3.06181,-3.12003,-3.00552,-1.2556,-1.2661,-1.24512,1.80621,1.75486,1.86507,1.73942,1.11563,true,0.110207,true,false,results/tokachi_kp60.0_historical_matrix.h5
production,KP 60.0,matrix,100000,46.5,,99939,91487,0.99939,0.91487,-3.23416,-3.30991,-3.16198,-1.37137,-1.38251,-1.36024,1.86279,1.79722,1.94114,1.77947,1.09238,true,0.143924,true,false,results/tokachi_kp60.0_historical_matrix.h5
production,KP 60.0,matrix,100000,46.75,,99963,93074,0.99963,0.93074,-3.37431,-3.46969,-3.28497,-1.48132,-1.49319,-1.46948,1.89299,1.81051,2.0008,1.79178,1.07402,true,0.190291,true,false,results/tokachi_kp60.0_historical_matrix.h5
production,KP 62.0,matrix,100000,41.75,,0,0,0,0,inf,3.96377,inf,inf,3.96377,inf,nan,,,,inf,false,nan,false,true,results/tokachi_kp62.0_historical_matrix.h5
production,KP 62.0,matrix,100000,43.25,,0,0,0,0,inf,3.96377,inf,inf,3.96377,inf,nan,,,,inf,false,nan,false,true,results/tokachi_kp62.0_historical_matrix.h5
production,KP 62.0,matrix,100000,44.5,,0,0,0,0,inf,3.96377,inf,inf,3.96377,inf,nan,,,,inf,false,nan,false,true,results/tokachi_kp62.0_historical_matrix.h5
production,KP 62.0,matrix,100000,45,,0,0,0,0,inf,3.96377,inf,inf,3.96377,inf,nan,,,,inf,false,nan,false,true,results/tokachi_kp62.0_historical_matrix.h5
production,KP 62.0,matrix,100000,45.25,,0,0,0,0,inf,3.96377,inf,inf,3.96377,inf,nan,,,,inf,false,nan,false,true,results/tokachi_kp62.0_historical_matrix.h5
production,KP 62.0,matrix,100000,45.5,,0,0,0,0,inf,3.96377,inf,inf,3.96377,inf,nan,,,,inf,false,nan,false,true,results/tokachi_kp62.0_historical_matrix.h5
production,KP 62.0,matrix,100000,45.75,,0,0,0,0,inf,3.96377,inf,inf,3.96377,inf,nan,,,,inf,false,nan,false,true,results/tokachi_kp62.0_historical_matrix.h5
production,KP 62.0,matrix,100000,46,,1,0,1e-05,0,4.26489,3.86425,5.02389,inf,3.96377,inf,inf,,,-1.06012,inf,false,nan,false,true,results/tokachi_kp62.0_historical_matrix.h5
production,KP 62.0,matrix,100000,46.25,,29,1,0.00029,1e-05,3.4408,3.34162,3.54781,4.26489,3.86425,5.02389,0.824092,,,0.316444,29,false,nan,false,true,results/tokachi_kp62.0_historical_matrix.h5
production,KP 62.0,matrix,100000,46.5,,283,13,0.00283,0.00013,2.76685,2.72871,2.80572,3.6522,3.5121,3.81093,0.885349,,,0.70638,21.7692,false,nan,false,true,results/tokachi_kp62.0_historical_matrix.h5
production,KP 62.0,matrix,100000,46.75,,1349,101,0.01349,0.00101,2.21181,2.19104,2.23271,3.08728,3.02893,3.14772,0.875469,0.825808,0.936273,0.796223,13.3564,true,0.110465,true,true,results/tokachi_kp62.0_historical_matrix.h5
production,KP 62.0,matrix,100000,47,,4140,411,0.0414,0.00411,1.73467,1.7207,1.74868,2.6429,2.61006,2.67622,0.908231,0.87861,0.939547,0.861389,10.073,true,0.0609376,true,true,results/tokachi_kp62.0_historical_matrix.h5
production,KP 62.0,matrix,100000,47.25,,9591,1198,0.09591,0.01198,1.30521,1.29447,1.31597,2.25777,2.23607,2.27963,0.952556,0.931943,0.972692,0.920096,8.00584,true,0.0407497,true,true,results/tokachi_kp62.0_historical_matrix.h5
production,KP 62.0,matrix,100000,47.5,,17728,2760,0.17728,0.0276,0.925781,0.916656,0.93491,1.9173,1.90126,1.9334,0.991518,0.97564,1.00677,0.966347,6.42319,true,0.0311326,true,true,results/tokachi_kp62.0_historical_matrix.h5
production,KP 62.0,matrix,100000,47.75,,28200,5390,0.282,0.0539,0.57691,0.56864,0.585183,1.60816,1.59534,1.621,1.03125,1.01832,1.04403,1.01016,5.23191,true,0.0257098,true,true,results/tokachi_kp62.0_historical_matrix.h5
production,KP 62.0,matrix,100000,48,,39843,8951,0.39843,0.08951,0.257413,0.249538,0.265288,1.34378,1.33281,1.35476,1.08637,1.07535,1.09644,1.06753,4.45123,true,0.0210936,true,true,results/tokachi_kp62.0_historical_matrix.h5
production,KP 62.0,matrix,100000,48.25,,51501,13527,0.51501,0.13527,-0.0376334,-0.0454159,-0.0298509,1.10182,1.09205,1.1116,1.13945,1.1299,1.15005,1.1219,3.80727,true,0.0201483,true,true,results/tokachi_kp62.0_historical_matrix.h5
production,KP 62.0,matrix,100000,48.5,,61954,19100,0.61954,0.191,-0.304273,-0.312186,-0.29636,0.874217,0.865252,0.883187,1.17849,1.16927,1.18785,1.16161,3.24366,true,0.0185772,true,true,results/tokachi_kp62.0_historical_matrix.h5
production,KP 62.0,matrix,100000,48.75,,71255,25320,0.71255,0.2532,-0.56085,-0.569094,-0.552607,0.664454,0.656015,0.672895,1.2253,1.2155,1.2343,1.20862,2.81418,true,0.0187926,true,true,results/tokachi_kp62.0_historical_matrix.h5
production,KP 62.0,matrix,100000,49,,78691,31654,0.78691,0.31654,-0.795745,-0.804496,-0.786999,0.477396,0.469285,0.485509,1.27314,1.26296,1.28285,1.25628,2.48597,true,0.0198905,true,true,results/tokachi_kp62.0_historical_matrix.h5
production,KP 62.0,matrix,100000,49.25,,84636,38230,0.84636,0.3823,-1.02095,-1.0304,-1.01149,0.299446,0.291537,0.307355,1.32039,1.31056,1.33037,1.30303,2.21386,true,0.0198109,true,true,results/tokachi_kp62.0_historical_matrix.h5
production,KP 62.0,matrix,100000,49.5,,89132,44640,0.89132,0.4464,-1.23358,-1.24396,-1.22321,0.134762,0.126956,0.142569,1.36834,1.35711,1.37956,1.35016,1.99668,true,0.0224516,true,true,results/tokachi_kp62.0_historical_matrix.h5
production,KP 62.0,matrix,100000,49.75,,92541,50765,0.92541,0.50765,-1.44243,-1.45403,-1.43086,-0.0191769,-0.0269579,-0.0113959,1.42326,1.41201,1.43363,1.4039,1.82293,true,0.0216251,true,true,results/tokachi_kp62.0_historical_matrix.h5
production,KP 62.0,matrix,100000,50,,94835,56586,0.94835,0.56586,-1.62906,-1.64208,-1.61607,-0.165844,-0.173663,-0.158024,1.46322,1.45135,1.4766,1.4424,1.67594,true,0.0252465,true,true,results/tokachi_kp62.0_historical_matrix.h5
production,KP 62.0,matrix,100000,50.25,,96479,61911,0.96479,0.61911,-1.8092,-1.824,-1.79445,-0.303144,-0.311057,-0.295232,1.50606,1.49152,1.51966,1.48339,1.55835,true,0.0281354,true,true,results/tokachi_kp62.0_historical_matrix.h5
production,KP 62.0,matrix,100000,50.5,,97657,66622,0.97657,0.66622,-1.98756,-2.00463,-1.97057,-0.429499,-0.437548,-0.421452,1.55806,1.54176,1.5753,1.53302,1.46584,true,0.0335445,true,true,results/tokachi_kp62.0_historical_matrix.h5
production,KP 62.0,matrix,100000,51,,98955,74869,0.98955,0.74869,-2.30979,-2.33281,-2.28694,-0.670373,-0.678827,-0.661922,1.63941,1.61622,1.66197,1.60811,1.32171,true,0.0457495,true,false,results/tokachi_kp62.0_historical_matrix.h5
production,KP 62.0,matrix,100000,51.5,,99570,81146,0.9957,0.81146,-2.62756,-2.66027,-2.59531,-0.883289,-0.892286,-0.874297,1.74427,1.71476,1.77655,1.70302,1.22705,true,0.0617981,true,false,results/tokachi_kp62.0_historical_matrix.h5
production,KP 62.0,matrix,100000,52,,99798,85969,0.99798,0.85969,-2.87502,-2.9198,-2.83126,-1.07893,-1.08861,-1.06925,1.79609,1.75314,1.83831,1.74265,1.16086,true,0.0851694,true,false,results/tokachi_kp62.0_historical_matrix.h5
production,KP 62.0,matrix,100000,52.5,,99904,89624,0.99904,0.89624,-3.10234,-3.16415,-3.04273,-1.26041,-1.27093,-1.24991,1.84192,1.79098,1.90407,1.7718,1.1147,true,0.113083,true,false,results/tokachi_kp62.0_historical_matrix.h5
production,KP 62.0,matrix,100000,53,,99961,92229,0.99961,0.92229,-3.3598,-3.45286,-3.27245,-1.42064,-1.4321,-1.40921,1.93915,1.86794,2.0366,1.84035,1.08383,true,0.168661,true,false,results/tokachi_kp62.0_historical_matrix.h5
production,KP 62.0,matrix,100000,53.5,,99984,94163,0.99984,0.94163,-3.59855,-3.74152,-3.47043,-1.56861,-1.58112,-1.55611,2.02994,,,1.8893,1.06182,true,nan,false,false,results/tokachi_kp62.0_historical_matrix.h5
production,KP 62.0,matrix,100000,54,,99993,95577,0.99993,0.95577,-3.80817,-4.02785,-3.62546,-1.70358,-1.71728,-1.68991,2.10459,,,1.90818,1.0462,true,nan,false,false,results/tokachi_kp62.0_historical_matrix.h5
production,KP 62.0,matrix,100000,54.5,,99999,96719,0.99999,0.96719,-4.26489,-5.02389,-3.86425,-1.84101,-1.85617,-1.8259,2.42388,,,2.00808,1.03391,true,nan,false,false,results/tokachi_kp62.0_historical_matrix.h5
production,KP 62.0,matrix,100000,55,,100000,97510,1,0.9751,-inf,-inf,-3.96377,-1.96168,-1.97838,-1.94505,inf,,,1.98539,1.02554,true,nan,false,false,results/tokachi_kp62.0_historical_matrix.h5
production,KP 62.0,matrix,100000,55.5,,100000,98104,1,0.98104,-inf,-inf,-3.96377,-2.07572,-2.09414,-2.05739,inf,,,1.86963,1.01933,true,nan,false,false,results/tokachi_kp62.0_historical_matrix.h5
production,KP 62.0,matrix,100000,56,,100000,98544,1,0.98544,-inf,-inf,-3.96377,-2.18186,-2.20217,-2.16167,inf,,,1.7616,1.01478,true,nan,false,false,results/tokachi_kp62.0_historical_matrix.h5
production,KP 62.0,matrix,100000,56.5,,100000,98880,1,0.9888,-inf,-inf,-3.96377,-2.28352,-2.30594,-2.26126,inf,,,1.65783,1.01133,true,nan,false,false,results/tokachi_kp62.0_historical_matrix.h5
production,KP 57.4,bulk,100000,34.75,,0,0,0,0,inf,3.96377,inf,inf,3.96377,inf,nan,,,,inf,false,nan,false,true,results/tokachi_kp57.4_historical_bulk.h5
production,KP 57.4,bulk,100000,36.5,,0,0,0,0,inf,3.96377,inf,inf,3.96377,inf,nan,,,,inf,false,nan,false,true,results/tokachi_kp57.4_historical_bulk.h5
production,KP 57.4,bulk,100000,38,,0,0,0,0,inf,3.96377,inf,inf,3.96377,inf,nan,,,,inf,false,nan,false,true,results/tokachi_kp57.4_historical_bulk.h5
production,KP 57.4,bulk,100000,38.5,,0,0,0,0,inf,3.96377,inf,inf,3.96377,inf,nan,,,,inf,false,nan,false,true,results/tokachi_kp57.4_historical_bulk.h5
production,KP 57.4,bulk,100000,38.75,,0,0,0,0,inf,3.96377,inf,inf,3.96377,inf,nan,,,,inf,false,nan,false,true,results/tokachi_kp57.4_historical_bulk.h5
production,KP 57.4,bulk,100000,39,,0,0,0,0,inf,3.96377,inf,inf,3.96377,inf,nan,,,,inf,false,nan,false,true,results/tokachi_kp57.4_historical_bulk.h5
production,KP 57.4,bulk,100000,39.25,,0,0,0,0,inf,3.96377,inf,inf,3.96377,inf,nan,,,,inf,false,nan,false,true,results/tokachi_kp57.4_historical_bulk.h5
production,KP 57.4,bulk,100000,39.5,,0,0,0,0,inf,3.96377,inf,inf,3.96377,inf,nan,,,,inf,false,nan,false,true,results/tokachi_kp57.4_historical_bulk.h5
production,KP 57.4,bulk,100000,39.75,,0,0,0,0,inf,3.96377,inf,inf,3.96377,inf,nan,,,,inf,false,nan,false,true,results/tokachi_kp57.4_historical_bulk.h5
production,KP 57.4,bulk,100000,40,,4,0,4e-05,0,3.9444,3.71299,4.24564,inf,3.96377,inf,inf,,,-0.281868,inf,false,nan,false,true,results/tokachi_kp57.4_historical_bulk.h5
production,KP 57.4,bulk,100000,40.25,,44,2,0.00044,2e-05,3.32632,3.24336,3.41431,4.10748,3.80035,4.57142,0.781157,,,0.386046,22,false,nan,false,true,results/tokachi_kp57.4_historical_bulk.h5
production,KP 57.4,bulk,100000,40.5,,242,27,0.00242,0.00027,2.81749,2.77685,2.85899,3.46009,3.35781,3.57081,0.642593,,,0.498824,8.96296,false,nan,false,true,results/tokachi_kp57.4_historical_bulk.h5
production,KP 57.4,bulk,100000,40.75,,764,156,0.00764,0.00156,2.42567,2.39993,2.45168,2.95566,2.90698,3.00568,0.529987,0.48604,0.576268,0.455307,4.89744,true,0.0902286,true,true,results/tokachi_kp57.4_historical_bulk.h5
production,KP 57.4,bulk,100000,41,,1957,493,0.01957,0.00493,2.06271,2.04459,2.08092,2.5807,2.55015,2.61165,0.517989,0.492745,0.546697,0.469229,3.96957,true,0.0539513,true,true,results/tokachi_kp57.4_historical_bulk.h5
production,KP 57.4,bulk,100000,41.25,,4208,1250,0.04208,0.0125,1.72704,1.71315,1.74098,2.2414,2.22004,2.26291,0.51436,0.497566,0.533201,0.479067,3.3664,true,0.0356351,true,true,results/tokachi_kp57.4_historical_bulk.h5
production,KP 57.4,bulk,100000,41.5,,7875,2691,0.07875,0.02691,1.41353,1.40214,1.42494,1.92828,1.9121,1.94453,0.514753,0.502061,0.528832,0.487162,2.92642,true,0.0267708,true,true,results/tokachi_kp57.4_historical_bulk.h5
production,KP 57.4,bulk,100000,41.75,,12866,5030,0.12866,0.0503,1.13275,1.12285,1.14266,1.64195,1.62885,1.65509,0.509204,0.498488,0.519898,0.48619,2.55785,true,0.0214103,true,true,results/tokachi_kp57.4_historical_bulk.h5
production,KP 57.4,bulk,100000,42,,19159,8454,0.19159,0.08454,0.872052,0.863093,0.881015,1.37517,1.36402,1.38633,0.503114,0.494,0.512107,0.483,2.26626,true,0.0181067,true,true,results/tokachi_kp57.4_historical_bulk.h5
production,KP 57.4,bulk,100000,42.25,,26626,12717,0.26626,0.12717,0.624164,0.615806,0.632524,1.13987,1.12994,1.14981,0.515707,0.508939,0.523753,0.497416,2.09373,true,0.0148144,true,true,results/tokachi_kp57.4_historical_bulk.h5
production,KP 57.4,bulk,100000,42.5,,34848,18149,0.34848,0.18149,0.389427,0.381429,0.397427,0.909701,0.900628,0.91878,0.520274,0.513223,0.527573,0.503201,1.92011,true,0.0143507,true,true,results/tokachi_kp57.4_historical_bulk.h5
production,KP 57.4,bulk,100000,42.75,,43076,24289,0.43076,0.24289,0.17444,0.166616,0.182264,0.697036,0.688528,0.705548,0.522597,0.515983,0.529539,0.506264,1.77348,true,0.013556,true,true,results/tokachi_kp57.4_historical_bulk.h5
production,KP 57.4,bulk,100000,43,,51408,30913,0.51408,0.30913,-0.0353007,-0.043083,-0.0275184,0.498318,0.490176,0.506462,0.533619,0.526958,0.540148,0.517694,1.66299,true,0.0131903,true,true,results/tokachi_kp57.4_historical_bulk.h5
production,KP 57.4,bulk,100000,43.25,,58979,37749,0.58979,0.37749,-0.227005,-0.234859,-0.219151,0.31208,0.30416,0.32,0.539084,0.532534,0.545662,0.523311,1.5624,true,0.0131278,true,true,results/tokachi_kp57.4_historical_bulk.h5
production,KP 58.8,bulk,100000,36.5,,0,0,0,0,inf,3.96377,inf,inf,3.96377,inf,nan,,,,inf,false,nan,false,true,results/tokachi_kp58.8_historical_bulk.h5
production,KP 58.8,bulk,100000,37.5,,0,0,0,0,inf,3.96377,inf,inf,3.96377,inf,nan,,,,inf,false,nan,false,true,results/tokachi_kp58.8_historical_bulk.h5
production,KP 58.8,bulk,100000,38.25,,0,0,0,0,inf,3.96377,inf,inf,3.96377,inf,nan,,,,inf,false,nan,false,true,results/tokachi_kp58.8_historical_bulk.h5
production,KP 58.8,bulk,100000,38.75,,0,0,0,0,inf,3.96377,inf,inf,3.96377,inf,nan,,,,inf,false,nan,false,true,results/tokachi_kp58.8_historical_bulk.h5
production,KP 58.8,bulk,100000,39,,0,0,0,0,inf,3.96377,inf,inf,3.96377,inf,nan,,,,inf,false,nan,false,true,results/tokachi_kp58.8_historical_bulk.h5
production,KP 58.8,bulk,100000,39.25,,0,0,0,0,inf,3.96377,inf,inf,3.96377,inf,nan,,,,inf,false,nan,false,true,results/tokachi_kp58.8_historical_bulk.h5
production,KP 58.8,bulk,100000,39.5,,0,0,0,0,inf,3.96377,inf,inf,3.96377,inf,nan,,,,inf,false,nan,false,true,results/tokachi_kp58.8_historical_bulk.h5
production,KP 58.8,bulk,100000,39.75,,0,0,0,0,inf,3.96377,inf,inf,3.96377,inf,nan,,,,inf,false,nan,false,true,results/tokachi_kp58.8_historical_bulk.h5
production,KP 58.8,bulk,100000,40,,0,0,0,0,inf,3.96377,inf,inf,3.96377,inf,nan,,,,inf,false,nan,false,true,results/tokachi_kp58.8_historical_bulk.h5
production,KP 58.8,bulk,100000,40.25,,0,0,0,0,inf,3.96377,inf,inf,3.96377,inf,nan,,,,inf,false,nan,false,true,results/tokachi_kp58.8_historical_bulk.h5
production,KP 58.8,bulk,100000,40.5,,0,0,0,0,inf,3.96377,inf,inf,3.96377,inf,nan,,,,inf,false,nan,false,true,results/tokachi_kp58.8_historical_bulk.h5
production,KP 58.8,bulk,100000,40.75,,0,0,0,0,inf,3.96377,inf,inf,3.96377,inf,nan,,,,inf,false,nan,false,true,results/tokachi_kp58.8_historical_bulk.h5
production,KP 58.8,bulk,100000,41,,1,0,1e-05,0,4.26489,3.86425,5.02389,inf,3.96377,inf,inf,,,-1.06012,inf,false,nan,false,true,results/tokachi_kp58.8_historical_bulk.h5
production,KP 58.8,bulk,100000,41.25,,3,1,3e-05,1e-05,4.01281,3.75213,4.3709,4.26489,3.86425,5.02389,0.25208,,,-0.506649,3,false,nan,false,true,results/tokachi_kp58.8_historical_bulk.h5
production,KP 58.8,bulk,100000,41.5,,13,2,0.00013,2e-05,3.6522,3.5121,3.81093,4.10748,3.80035,4.57142,0.455276,,,-0.0105811,6.5,false,nan,false,true,results/tokachi_kp58.8_historical_bulk.h5
production,KP 58.8,bulk,100000,41.75,,53,8,0.00053,8e-05,3.2741,3.19747,3.35486,3.77501,3.60243,3.97944,0.500914,,,0.247577,6.625,false,nan,false,true,results/tokachi_kp58.8_historical_bulk.h5
production,KP 58.8,bulk,100000,42,,153,31,0.00153,0.00031,2.96165,2.91257,3.01208,3.42271,3.32633,3.52638,0.461065,0.389762,0.557401,0.314247,4.93548,false,0.167639,true,true,results/tokachi_kp58.8_historical_bulk.h5
production,KP 58.8,bulk,100000,42.25,,326,101,0.00326,0.00101,2.72042,2.68439,2.75706,3.08728,3.02893,3.14772,0.366861,0.319905,0.419566,0.271869,3.22772,true,0.0996605,true,true,results/tokachi_kp58.8_historical_bulk.h5
production,KP 58.8,bulk,100000,42.5,,672,227,0.00672,0.00227,2.47189,2.44483,2.49924,2.83798,2.79626,2.88061,0.366088,0.333322,0.399026,0.297018,2.96035,true,0.0657037,true,true,results/tokachi_kp58.8_historical_bulk.h5
production,KP 58.8,bulk,100000,42.75,,1249,446,0.01249,0.00446,2.24171,2.22035,2.26323,2.61511,2.58332,2.64734,0.373393,0.347339,0.399486,0.320094,2.80045,true,0.0521473,true,true,results/tokachi_kp58.8_historical_bulk.h5
production,KP 58.8,bulk,100000,43,,2130,835,0.0213,0.00835,2.02761,2.01003,2.04527,2.39325,2.36836,2.41836,0.365636,0.34701,0.385133,0.323092,2.5509,true,0.0381226,true,false,results/tokachi_kp58.8_historical_bulk.h5
production,KP 58.8,bulk,100000,43.25,,3397,1417,0.03397,0.01417,1.8254,1.81047,1.84039,2.19255,2.17216,2.21307,0.367143,0.350243,0.383711,0.331773,2.39732,true,0.0334684,true,false,results/tokachi_kp58.8_historical_bulk.h5
production,KP 58.8,bulk,100000,43.5,,5194,2303,0.05194,0.02303,1.62633,1.61336,1.63933,1.99484,1.97775,2.01202,0.368516,0.356004,0.381798,0.33842,2.25532,true,0.0257946,true,false,results/tokachi_kp58.8_historical_bulk.h5
production,KP 58.8,bulk,100000,43.75,,7484,3485,0.07484,0.03485,1.44066,1.4291,1.45225,1.81386,1.79905,1.82871,0.373193,0.361175,0.384099,0.346804,2.14749,true,0.0229232,true,false,results/tokachi_kp58.8_historical_bulk.h5
production,KP 58.8,bulk,100000,44,,10288,5097,0.10288,0.05097,1.26531,1.25478,1.27585,1.63552,1.62247,1.6486,0.37021,0.360621,0.380383,0.346617,2.01844,true,0.0197615,true,false,results/tokachi_kp58.8_historical_bulk.h5
production,KP 58.8,bulk,100000,44.25,,13600,7108,0.136,0.07108,1.09847,1.08871,1.10823,1.46779,1.45604,1.47956,0.369326,0.36084,0.377569,0.347814,1.91334,true,0.0167292,true,false,results/tokachi_kp58.8_historical_bulk.h5
production,KP 58.8,bulk,100000,44.5,,17323,9435,0.17323,0.09435,0.941478,0.932303,0.950658,1.31443,1.30364,1.32524,0.372957,0.364813,0.380321,0.35298,1.83604,true,0.0155074,true,false,results/tokachi_kp58.8_historical_bulk.h5
production,KP 58.8,bulk,100000,44.75,,21510,12138,0.2151,0.12138,0.788849,0.780121,0.797582,1.16812,1.15806,1.17818,0.379266,0.371185,0.386111,0.360477,1.77212,true,0.0149258,true,false,results/tokachi_kp58.8_historical_bulk.h5
production,KP 58.8,bulk,100000,45,,26176,15225,0.26176,0.15225,0.637929,0.629544,0.646316,1.02683,1.01736,1.03631,0.388902,0.381665,0.395851,0.371041,1.71928,true,0.0141856,true,false,results/tokachi_kp58.8_historical_bulk.h5
production,KP 60.0,bulk,100000,38.25,,0,0,0,0,inf,3.96377,inf,inf,3.96377,inf,nan,,,,inf,false,nan,false,true,results/tokachi_kp60.0_historical_bulk.h5
production,KP 60.0,bulk,100000,39.25,,0,0,0,0,inf,3.96377,inf,inf,3.96377,inf,nan,,,,inf,false,nan,false,true,results/tokachi_kp60.0_historical_bulk.h5
production,KP 60.0,bulk,100000,39.75,,0,0,0,0,inf,3.96377,inf,inf,3.96377,inf,nan,,,,inf,false,nan,false,true,results/tokachi_kp60.0_historical_bulk.h5
production,KP 60.0,bulk,100000,40.25,,0,0,0,0,inf,3.96377,inf,inf,3.96377,inf,nan,,,,inf,false,nan,false,true,results/tokachi_kp60.0_historical_bulk.h5
production,KP 60.0,bulk,100000,40.5,,0,0,0,0,inf,3.96377,inf,inf,3.96377,inf,nan,,,,inf,false,nan,false,true,results/tokachi_kp60.0_historical_bulk.h5
production,KP 60.0,bulk,100000,40.75,,0,0,0,0,inf,3.96377,inf,inf,3.96377,inf,nan,,,,inf,false,nan,false,true,results/tokachi_kp60.0_historical_bulk.h5
production,KP 60.0,bulk,100000,41,,0,0,0,0,inf,3.96377,inf,inf,3.96377,inf,nan,,,,inf,false,nan,false,true,results/tokachi_kp60.0_historical_bulk.h5
production,KP 60.0,bulk,100000,41.25,,0,0,0,0,inf,3.96377,inf,inf,3.96377,inf,nan,,,,inf,false,nan,false,true,results/tokachi_kp60.0_historical_bulk.h5
production,KP 60.0,bulk,100000,41.5,,3,0,3e-05,0,4.01281,3.75213,4.3709,inf,3.96377,inf,inf,,,-0.407133,inf,false,nan,false,true,results/tokachi_kp60.0_historical_bulk.h5
production,KP 60.0,bulk,100000,41.75,,68,1,0.00068,1e-05,3.20301,3.13408,3.27512,4.26489,3.86425,5.02389,1.06188,,,0.589131,68,false,nan,false,true,results/tokachi_kp60.0_historical_bulk.h5
production,KP 60.0,bulk,100000,42,,400,12,0.004,0.00012,2.65207,2.61888,2.68576,3.6727,3.52768,3.83805,1.02063,,,0.841922,33.3333,false,nan,false,true,results/tokachi_kp60.0_historical_bulk.h5
production,KP 60.0,bulk,100000,42.25,,1502,90,0.01502,0.0009,2.16956,2.14961,2.18964,3.12139,3.06015,3.185,0.951827,0.896817,1.01621,0.870509,16.6889,true,0.119397,true,true,results/tokachi_kp60.0_historical_bulk.h5
production,KP 60.0,bulk,100000,42.5,,4207,366,0.04207,0.00366,1.72715,1.71326,1.74109,2.68192,2.64753,2.71686,0.95477,0.922697,0.988906,0.906446,11.4945,true,0.0662083,true,true,results/tokachi_kp60.0_historical_bulk.h5
production,KP 60.0,bulk,100000,42.75,,9264,1054,0.09264,0.01054,1.32467,1.31382,1.33554,2.30655,2.28378,2.3295,0.981877,0.961188,1.00467,0.948236,8.78937,true,0.0434823,true,true,results/tokachi_kp60.0_historical_bulk.h5
production,KP 60.0,bulk,100000,43,,16866,2541,0.16866,0.02541,0.959474,0.950239,0.968715,1.953,1.93648,1.96958,0.993523,0.977385,1.00971,0.967769,6.63754,true,0.0323214,true,true,results/tokachi_kp60.0_historical_bulk.h5
production,KP 60.0,bulk,100000,43.25,,26699,5121,0.26699,0.05121,0.621942,0.613589,0.630298,1.63323,1.6202,1.64629,1.01129,0.998934,1.02382,0.989906,5.21363,true,0.0248832,true,true,results/tokachi_kp60.0_historical_bulk.h5
production,KP 60.0,bulk,100000,43.5,,37809,8941,0.37809,0.08941,0.310501,0.302583,0.31842,1.3444,1.33343,1.35538,1.0339,1.02404,1.04414,1.01501,4.22872,true,0.0200945,true,true,results/tokachi_kp60.0_historical_bulk.h5
production,KP 60.0,bulk,100000,43.75,,49146,13955,0.49146,0.13955,0.0214082,0.0136271,0.0291894,1.08234,1.07265,1.09204,1.06094,1.05134,1.07097,1.04346,3.52175,true,0.0196351,true,true,results/tokachi_kp60.0_historical_bulk.h5
production,KP 60.0,bulk,100000,44,,59822,20063,0.59822,0.20063,-0.248742,-0.256612,-0.240874,0.839373,0.830508,0.848242,1.08812,1.07802,1.09764,1.07138,2.98171,true,0.0196197,true,true,results/tokachi_kp60.0_historical_bulk.h5
production,KP 60.0,bulk,100000,44.25,,69307,27029,0.69307,0.27029,-0.504571,-0.512725,-0.49642,0.611936,0.603602,0.620273,1.11651,1.10731,1.12506,1.10002,2.56417,true,0.0177555,true,true,results/tokachi_kp60.0_historical_bulk.h5
production,KP 60.0,bulk,100000,44.5,,77126,34252,0.77126,0.34252,-0.743003,-0.751621,-0.734388,0.405595,0.397578,0.413614,1.1486,1.13985,1.15818,1.13197,2.25172,true,0.0183328,true,false,results/tokachi_kp60.0_historical_bulk.h5
production,KP 60.0,bulk,100000,44.75,,83480,41697,0.8348,0.41697,-0.973308,-0.982596,-0.964026,0.209651,0.201808,0.217494,1.18296,1.17306,1.19217,1.16583,2.00206,true,0.0191162,true,false,results/tokachi_kp60.0_historical_bulk.h5
production,KP 60.0,bulk,100000,45,,88261,48795,0.88261,0.48795,-1.18814,-1.1983,-1.17799,0.0302095,0.0224277,0.0379913,1.21835,1.20836,1.22878,1.20041,1.80881,true,0.0204235,true,false,results/tokachi_kp60.0_historical_bulk.h5
production,KP 60.0,bulk,100000,45.25,,91832,55670,0.91832,0.5567,-1.39386,-1.40514,-1.38259,-0.142608,-0.150417,-0.134799,1.25125,1.23967,1.26216,1.23218,1.64958,true,0.0224868,true,false,results/tokachi_kp60.0_historical_bulk.h5
production,KP 60.0,bulk,100000,45.5,,94492,62087,0.94492,0.62087,-1.59747,-1.61023,-1.58475,-0.307767,-0.315683,-0.299851,1.28971,1.27707,1.30306,1.26906,1.52193,true,0.0259866,true,false,results/tokachi_kp60.0_historical_bulk.h5
production,KP 60.0,bulk,100000,45.75,,96271,67581,0.96271,0.67581,-1.78304,-1.79755,-1.76857,-0.456014,-0.464097,-0.447932,1.32702,1.3125,1.34063,1.30447,1.42453,true,0.0281353,true,false,results/tokachi_kp60.0_historical_bulk.h5
production,KP 60.0,bulk,100000,46,,97547,72467,0.97547,0.72467,-1.96807,-1.98486,-1.95135,-0.596771,-0.60508,-0.588465,1.3713,1.35649,1.38706,1.34627,1.34609,true,0.0305627,true,false,results/tokachi_kp60.0_historical_bulk.h5
production,KP 60.0,bulk,100000,46.25,,98353,76924,0.98353,0.76924,-2.13281,-2.15222,-2.11352,-0.736346,-0.744948,-0.727747,1.39647,1.37821,1.416,1.36857,1.27857,true,0.0377939,true,false,results/tokachi_kp60.0_historical_bulk.h5
production,KP 60.0,bulk,100000,46.5,,98919,80694,0.98919,0.80694,-2.29698,-2.31971,-2.27442,-0.866675,-0.875623,-0.857732,1.4303,1.4075,1.45495,1.3988,1.22585,true,0.0474493,true,false,results/tokachi_kp60.0_historical_bulk.h5
production,KP 60.0,bulk,100000,46.75,,99326,83929,0.99326,0.83929,-2.47083,-2.49815,-2.4438,-0.991544,-1.0009,-0.982198,1.47929,1.45266,1.50642,1.44291,1.18345,true,0.0537672,true,false,results/tokachi_kp60.0_historical_bulk.h5
production,KP 62.0,bulk,100000,41.75,,0,0,0,0,inf,3.96377,inf,inf,3.96377,inf,nan,,,,inf,false,nan,false,true,results/tokachi_kp62.0_historical_bulk.h5
production,KP 62.0,bulk,100000,43.25,,0,0,0,0,inf,3.96377,inf,inf,3.96377,inf,nan,,,,inf,false,nan,false,true,results/tokachi_kp62.0_historical_bulk.h5
production,KP 62.0,bulk,100000,44.5,,0,0,0,0,inf,3.96377,inf,inf,3.96377,inf,nan,,,,inf,false,nan,false,true,results/tokachi_kp62.0_historical_bulk.h5
production,KP 62.0,bulk,100000,45,,0,0,0,0,inf,3.96377,inf,inf,3.96377,inf,nan,,,,inf,false,nan,false,true,results/tokachi_kp62.0_historical_bulk.h5
production,KP 62.0,bulk,100000,45.25,,0,0,0,0,inf,3.96377,inf,inf,3.96377,inf,nan,,,,inf,false,nan,false,true,results/tokachi_kp62.0_historical_bulk.h5
production,KP 62.0,bulk,100000,45.5,,0,0,0,0,inf,3.96377,inf,inf,3.96377,inf,nan,,,,inf,false,nan,false,true,results/tokachi_kp62.0_historical_bulk.h5
production,KP 62.0,bulk,100000,45.75,,0,0,0,0,inf,3.96377,inf,inf,3.96377,inf,nan,,,,inf,false,nan,false,true,results/tokachi_kp62.0_historical_bulk.h5
production,KP 62.0,bulk,100000,46,,0,0,0,0,inf,3.96377,inf,inf,3.96377,inf,nan,,,,inf,false,nan,false,true,results/tokachi_kp62.0_historical_bulk.h5
production,KP 62.0,bulk,100000,46.25,,0,0,0,0,inf,3.96377,inf,inf,3.96377,inf,nan,,,,inf,false,nan,false,true,results/tokachi_kp62.0_historical_bulk.h5
production,KP 62.0,bulk,100000,46.5,,0,0,0,0,inf,3.96377,inf,inf,3.96377,inf,nan,,,,inf,false,nan,false,true,results/tokachi_kp62.0_historical_bulk.h5
production,KP 62.0,bulk,100000,46.75,,0,0,0,0,inf,3.96377,inf,inf,3.96377,inf,nan,,,,inf,false,nan,false,true,results/tokachi_kp62.0_historical_bulk.h5
production,KP 62.0,bulk,100000,47,,0,0,0,0,inf,3.96377,inf,inf,3.96377,inf,nan,,,,inf,false,nan,false,true,results/tokachi_kp62.0_historical_bulk.h5
production,KP 62.0,bulk,100000,47.25,,0,0,0,0,inf,3.96377,inf,inf,3.96377,inf,nan,,,,inf,false,nan,false,true,results/tokachi_kp62.0_historical_bulk.h5
production,KP 62.0,bulk,100000,47.5,,0,0,0,0,inf,3.96377,inf,inf,3.96377,inf,nan,,,,inf,false,nan,false,true,results/tokachi_kp62.0_historical_bulk.h5
production,KP 62.0,bulk,100000,47.75,,0,0,0,0,inf,3.96377,inf,inf,3.96377,inf,nan,,,,inf,false,nan,false,true,results/tokachi_kp62.0_historical_bulk.h5
production,KP 62.0,bulk,100000,48,,0,0,0,0,inf,3.96377,inf,inf,3.96377,inf,nan,,,,inf,false,nan,false,true,results/tokachi_kp62.0_historical_bulk.h5
production,KP 62.0,bulk,100000,48.25,,1,0,1e-05,0,4.26489,3.86425,5.02389,inf,3.96377,inf,inf,,,-1.06012,inf,false,nan,false,true,results/tokachi_kp62.0_historical_bulk.h5
production,KP 62.0,bulk,100000,48.5,,3,1,3e-05,1e-05,4.01281,3.75213,4.3709,4.26489,3.86425,5.02389,0.25208,,,-0.506649,3,false,nan,false,true,results/tokachi_kp62.0_historical_bulk.h5
production,KP 62.0,bulk,100000,48.75,,3,2,3e-05,2e-05,4.01281,3.75213,4.3709,4.10748,3.80035,4.57142,0.0946688,,,-0.570547,1.5,false,nan,false,true,results/tokachi_kp62.0_historical_bulk.h5
production,KP 62.0,bulk,100000,49,,10,2,0.0001,2e-05,3.71902,3.56218,3.90071,4.10748,3.80035,4.57142,0.388463,,,-0.10036,5,false,nan,false,true,results/tokachi_kp62.0_historical_bulk.h5
production,KP 62.0,bulk,100000,49.25,,37,9,0.00037,9e-05,3.37431,3.28497,3.46969,3.74555,3.58146,3.93758,0.371235,,,0.111765,4.11111,false,nan,false,true,results/tokachi_kp62.0_historical_bulk.h5
production,KP 62.0,bulk,100000,49.5,,90,23,0.0009,0.00023,3.12139,3.06015,3.185,3.50303,3.39345,3.62264,0.381639,,,0.208447,3.91304,false,nan,false,true,results/tokachi_kp62.0_historical_bulk.h5
production,KP 62.0,bulk,100000,49.75,,169,61,0.00169,0.00061,2.93088,2.88379,2.97921,3.23416,3.16198,3.30991,0.303279,0.247932,0.365694,0.182772,2.77049,false,0.117762,true,true,results/tokachi_kp62.0_historical_bulk.h5
production,KP 62.0,bulk,100000,50,,295,118,0.00295,0.00118,2.75329,2.71578,2.79148,3.04074,2.98607,3.09719,0.287449,0.247925,0.333234,0.194584,2.5,true,0.0853093,true,true,results/tokachi_kp62.0_historical_bulk.h5
production,KP 62.0,bulk,100000,50.25,,523,199,0.00523,0.00199,2.56024,2.53039,2.59046,2.87974,2.83571,2.92481,0.319503,0.286773,0.352547,0.245248,2.62814,true,0.0657734,true,true,results/tokachi_kp62.0_historical_bulk.h5
production,KP 62.0,bulk,100000,50.5,,825,334,0.00825,0.00334,2.39766,2.37267,2.4229,2.71239,2.67671,2.74867,0.314726,0.28736,0.343921,0.253818,2.47006,true,0.0565608,true,true,results/tokachi_kp62.0_historical_bulk.h5
production,KP 62.0,bulk,100000,51,,1880,787,0.0188,0.00787,2.07919,2.0608,2.09767,2.41489,2.38943,2.44059,0.3357,0.317435,0.355106,0.291764,2.38882,true,0.0376706,true,false,results/tokachi_kp62.0_historical_bulk.h5
production,KP 62.0,bulk,100000,51.5,,3798,1640,0.03798,0.0164,1.77462,1.76024,1.78905,2.13452,2.1152,2.15395,0.359899,0.345675,0.373605,0.326156,2.31585,true,0.0279301,true,false,results/tokachi_kp62.0_historical_bulk.h5
production,KP 62.0,bulk,100000,52,,6740,3042,0.0674,0.03042,1.49544,1.48349,1.5074,1.87466,1.85915,1.89022,0.379218,0.366921,0.390746,0.351744,2.21565,true,0.0238241,true,false,results/tokachi_kp62.0_historical_bulk.h5
production,KP 62.0,bulk,100000,52.5,,10785,5175,0.10785,0.05175,1.23804,1.22765,1.24845,1.62812,1.61513,1.64113,0.390074,0.380092,0.400219,0.366686,2.08406,true,0.0201274,true,false,results/tokachi_kp62.0_historical_bulk.h5
production,KP 62.0,bulk,100000,53,,15894,8001,0.15894,0.08001,0.998824,0.989452,1.0082,1.405,1.39367,1.41636,0.40618,0.397611,0.414765,0.385467,1.9865,true,0.017154,true,false,results/tokachi_kp62.0_historical_bulk.h5
production,KP 62.0,bulk,100000,53.5,,21925,11415,0.21925,0.11415,0.774729,0.766036,0.783425,1.20475,1.19452,1.21499,0.430021,0.422526,0.437775,0.411096,1.92072,true,0.0152484,true,false,results/tokachi_kp62.0_historical_bulk.h5
production,KP 62.0,bulk,100000,54,,28817,15637,0.28817,0.15637,0.558739,0.5505,0.566979,1.00949,1.00008,1.01891,0.450751,0.443601,0.457228,0.4331,1.84287,true,0.0136267,true,false,results/tokachi_kp62.0_historical_bulk.h5
production,KP 62.0,bulk,100000,54.5,,36204,20525,0.36204,0.20525,0.353011,0.345052,0.360972,0.823014,0.814194,0.831838,0.470003,0.4629,0.476696,0.453223,1.7639,true,0.0137959,true,false,results/tokachi_kp62.0_historical_bulk.h5
production,KP 62.0,bulk,100000,55,,43480,25734,0.4348,0.25734,0.164167,0.156348,0.171986,0.651568,0.643156,0.659983,0.487401,0.480717,0.494326,0.47117,1.68959,true,0.013609,true,false,results/tokachi_kp62.0_historical_bulk.h5
production,KP 62.0,bulk,100000,55.5,,50840,31378,0.5084,0.31378,-0.0210572,-0.0288384,-0.0132761,0.485164,0.477041,0.493288,0.506221,0.499664,0.512604,0.490317,1.62024,true,0.01294,true,false,results/tokachi_kp62.0_historical_bulk.h5
production,KP 62.0,bulk,100000,56,,57711,36953,0.57711,0.36953,-0.194506,-0.20234,-0.186672,0.333098,0.325159,0.341039,0.527604,0.521152,0.534055,0.511831,1.56174,true,0.0129028,true,false,results/tokachi_kp62.0_historical_bulk.h5
production,KP 62.0,bulk,100000,56.5,,63927,42648,0.63927,0.42648,-0.356508,-0.364472,-0.348545,0.185343,0.177514,0.193173,0.541851,0.535538,0.548336,0.526059,1.49894,true,0.0127986,true,false,results/tokachi_kp62.0_historical_bulk.h5
ladder_total,KP 62.0,matrix,1000000,46.39,C0_to_C4b,1203,51,,,3.03492,3.01784,3.05216,3.88578,3.81879,3.95685,0.850865,0.787275,0.925609,0.766627,,true,,,,results/hwl_bias_resolution/ladder_kp62_0_n1000000.h5
ladder_step,KP 62.0,matrix,1000000,46.39,head_convention,1203,350,,,3.03492,,,3.38958,,,0.35466,0.331673,0.379523,,,,,,,results/hwl_bias_resolution/ladder_kp62_0_n1000000.h5
ladder_step,KP 62.0,matrix,1000000,46.39,initiation_gate,350,350,,,3.38958,,,3.38958,,,0,0,0,,,,,,,results/hwl_bias_resolution/ladder_kp62_0_n1000000.h5
ladder_step,KP 62.0,matrix,1000000,46.39,temporal,350,51,,,3.38958,,,3.88578,,,0.496205,0.435455,0.56474,,,,,,,results/hwl_bias_resolution/ladder_kp62_0_n1000000.h5
equal_convention,KP 62.0,matrix,1000000,46.39,C1_to_C4b,350,51,,,3.38958,,,3.88578,,,0.496205,0.435455,0.56474,,,,,,,results/hwl_bias_resolution/ladder_kp62_0_n1000000.h5
ladder_total,KP 62.0,matrix,1000000,46.5,C0_to_C4b,2809,130,,,2.76928,2.75723,2.7814,3.6522,3.60787,3.69809,0.882921,0.839747,0.930596,0.826462,,true,,,,results/hwl_bias_resolution/ladder_kp62_0_n1000000.h5
ladder_step,KP 62.0,matrix,1000000,46.5,head_convention,2809,967,,,2.76928,,,3.10018,,,0.330903,0.31548,0.345924,,,,,,,results/hwl_bias_resolution/ladder_kp62_0_n1000000.h5
ladder_step,KP 62.0,matrix,1000000,46.5,initiation_gate,967,967,,,3.10018,,,3.10018,,,0,0,0,,,,,,,results/hwl_bias_resolution/ladder_kp62_0_n1000000.h5
ladder_step,KP 62.0,matrix,1000000,46.5,temporal,967,130,,,3.10018,,,3.6522,,,0.552019,0.512206,0.59797,,,,,,,results/hwl_bias_resolution/ladder_kp62_0_n1000000.h5
equal_convention,KP 62.0,matrix,1000000,46.5,C1_to_C4b,967,130,,,3.10018,,,3.6522,,,0.552019,0.512206,0.59797,,,,,,,results/hwl_bias_resolution/ladder_kp62_0_n1000000.h5
ladder_total,KP 62.0,matrix,1000000,47,C0_to_C4b,41594,3905,,,1.73248,1.72808,1.73689,2.66018,2.64961,2.67079,0.927695,0.917663,0.938383,0.912727,,true,,,,results/hwl_bias_resolution/ladder_kp62_0_n1000000.h5
ladder_step,KP 62.0,matrix,1000000,47,head_convention,41594,23584,,,1.73248,,,1.98479,,,0.252308,0.248517,0.25612,,,,,,,results/hwl_bias_resolution/ladder_kp62_0_n1000000.h5
ladder_step,KP 62.0,matrix,1000000,47,initiation_gate,23584,23584,,,1.98479,,,1.98479,,,0,0,0,,,,,,,results/hwl_bias_resolution/ladder_kp62_0_n1000000.h5
ladder_step,KP 62.0,matrix,1000000,47,temporal,23584,3905,,,1.98479,,,2.66018,,,0.675387,0.665833,0.685438,,,,,,,results/hwl_bias_resolution/ladder_kp62_0_n1000000.h5
equal_convention,KP 62.0,matrix,1000000,47,C1_to_C4b,23584,3905,,,1.98479,,,2.66018,,,0.675387,0.665833,0.685438,,,,,,,results/hwl_bias_resolution/ladder_kp62_0_n1000000.h5
ladder_total,KP 62.0,matrix,1000000,48,C0_to_C4b,398477,89565,,,0.257291,0.254804,0.259779,1.34344,1.33998,1.3469,1.08615,1.08279,1.0897,1.0802,,true,,,,results/hwl_bias_resolution/ladder_kp62_0_n1000000.h5
ladder_step,KP 62.0,matrix,1000000,48,head_convention,398477,335236,,,0.257291,,,0.4255,,,0.168209,0.166908,0.169446,,,,,,,results/hwl_bias_resolution/ladder_kp62_0_n1000000.h5
ladder_step,KP 62.0,matrix,1000000,48,initiation_gate,335236,335236,,,0.4255,,,0.4255,,,0,0,0,,,,,,,results/hwl_bias_resolution/ladder_kp62_0_n1000000.h5
ladder_step,KP 62.0,matrix,1000000,48,temporal,335236,89565,,,0.4255,,,1.34344,,,0.917938,0.914764,0.921438,,,,,,,results/hwl_bias_resolution/ladder_kp62_0_n1000000.h5
equal_convention,KP 62.0,matrix,1000000,48,C1_to_C4b,335236,89565,,,0.4255,,,1.34344,,,0.917938,0.914764,0.921438,,,,,,,results/hwl_bias_resolution/ladder_kp62_0_n1000000.h5
ladder_total,KP 62.0,matrix,1000000,50.5,C0_to_C4b,976122,666347,,,-1.97953,-1.98487,-1.97421,-0.429848,-0.43239,-0.427306,1.54968,1.54465,1.55529,1.54182,,true,,,,results/hwl_bias_resolution/ladder_kp62_0_n1000000.h5
ladder_step,KP 62.0,matrix,1000000,50.5,head_convention,976122,970425,,,-1.97953,,,-1.88708,,,0.0924565,0.0900414,0.0949243,,,,,,,results/hwl_bias_resolution/ladder_kp62_0_n1000000.h5
ladder_step,KP 62.0,matrix,1000000,50.5,initiation_gate,970425,970425,,,-1.88708,,,-1.88708,,,0,0,0,,,,,,,results/hwl_bias_resolution/ladder_kp62_0_n1000000.h5
ladder_step,KP 62.0,matrix,1000000,50.5,temporal,970425,666347,,,-1.88708,,,-0.429848,,,1.45723,1.45249,1.46257,,,,,,,results/hwl_bias_resolution/ladder_kp62_0_n1000000.h5
equal_convention,KP 62.0,matrix,1000000,50.5,C1_to_C4b,970425,666347,,,-1.88708,,,-0.429848,,,1.45723,1.45249,1.46257,,,,,,,results/hwl_bias_resolution/ladder_kp62_0_n1000000.h5
ladder_total,KP 62.0,matrix,100000,46.39,C0_to_C4b,124,4,,,3.02577,2.97222,3.08102,3.9444,3.71299,4.24564,0.918629,,,0.631971,,false,,,,results/stage6_6/stage6_6_kp62_0.h5
ladder_step,KP 62.0,matrix,100000,46.39,head_convention,124,30,,,3.02577,,,3.43161,,,0.405843,0.325386,0.504474,,,,,,,results/stage6_6/stage6_6_kp62_0.h5
ladder_step,KP 62.0,matrix,100000,46.39,initiation_gate,30,30,,,3.43161,,,3.43161,,,0,0,0,,,,,,,results/stage6_6/stage6_6_kp62_0.h5
ladder_step,KP 62.0,matrix,100000,46.39,temporal,30,4,,,3.43161,,,3.9444,,,0.512786,,,,,,,,,results/stage6_6/stage6_6_kp62_0.h5
equal_convention,KP 62.0,matrix,100000,46.39,C1_to_C4b,30,4,,,3.43161,,,3.9444,,,0.512786,,,,,,,,,results/stage6_6/stage6_6_kp62_0.h5
ladder_total,KP 62.0,matrix,100000,46.5,C0_to_C4b,283,13,,,2.76685,2.72871,2.80572,3.6522,3.5121,3.81093,0.885349,,,0.70638,,false,,,,results/stage6_6/stage6_6_kp62_0.h5
ladder_step,KP 62.0,matrix,100000,46.5,head_convention,283,106,,,2.76685,,,3.07289,,,0.306031,0.261497,0.351948,,,,,,,results/stage6_6/stage6_6_kp62_0.h5
ladder_step,KP 62.0,matrix,100000,46.5,initiation_gate,106,106,,,3.07289,,,3.07289,,,0,0,0,,,,,,,results/stage6_6/stage6_6_kp62_0.h5
ladder_step,KP 62.0,matrix,100000,46.5,temporal,106,13,,,3.07289,,,3.6522,,,0.579318,,,,,,,,,results/stage6_6/stage6_6_kp62_0.h5
equal_convention,KP 62.0,matrix,100000,46.5,C1_to_C4b,106,13,,,3.07289,,,3.6522,,,0.579318,,,,,,,,,results/stage6_6/stage6_6_kp62_0.h5
ladder_total,KP 62.0,matrix,100000,47,C0_to_C4b,4140,411,,,1.73467,1.7207,1.74868,2.6429,2.61006,2.67622,0.908231,0.876304,0.940013,0.861389,,true,,,,results/stage6_6/stage6_6_kp62_0.h5
ladder_step,KP 62.0,matrix,100000,47,head_convention,4140,2350,,,1.73467,,,1.9863,,,0.251634,0.240575,0.262726,,,,,,,results/stage6_6/stage6_6_kp62_0.h5
ladder_step,KP 62.0,matrix,100000,47,initiation_gate,2350,2350,,,1.9863,,,1.9863,,,0,0,0,,,,,,,results/stage6_6/stage6_6_kp62_0.h5
ladder_step,KP 62.0,matrix,100000,47,temporal,2350,411,,,1.9863,,,2.6429,,,0.656597,0.628335,0.687088,,,,,,,results/stage6_6/stage6_6_kp62_0.h5
equal_convention,KP 62.0,matrix,100000,47,C1_to_C4b,2350,411,,,1.9863,,,2.6429,,,0.656597,0.628335,0.687088,,,,,,,results/stage6_6/stage6_6_kp62_0.h5
ladder_total,KP 62.0,matrix,100000,48,C0_to_C4b,39843,8951,,,0.257413,0.249538,0.265288,1.34378,1.33281,1.35476,1.08637,1.07569,1.09799,1.06753,,true,,,,results/stage6_6/stage6_6_kp62_0.h5
ladder_step,KP 62.0,matrix,100000,48,head_convention,39843,33547,,,0.257413,,,0.424858,,,0.167445,0.163406,0.171519,,,,,,,results/stage6_6/stage6_6_kp62_0.h5
ladder_step,KP 62.0,matrix,100000,48,initiation_gate,33547,33547,,,0.424858,,,0.424858,,,0,0,0,,,,,,,results/stage6_6/stage6_6_kp62_0.h5
ladder_step,KP 62.0,matrix,100000,48,temporal,33547,8951,,,0.424858,,,1.34378,,,0.91892,0.908577,0.930206,,,,,,,results/stage6_6/stage6_6_kp62_0.h5
equal_convention,KP 62.0,matrix,100000,48,C1_to_C4b,33547,8951,,,0.424858,,,1.34378,,,0.91892,0.908577,0.930206,,,,,,,results/stage6_6/stage6_6_kp62_0.h5
ladder_total,KP 62.0,matrix,100000,50.5,C0_to_C4b,97657,66622,,,-1.98756,-2.00463,-1.97057,-0.429499,-0.437548,-0.421452,1.55806,1.54177,1.57563,1.53302,,true,,,,results/stage6_6/stage6_6_kp62_0.h5
ladder_step,KP 62.0,matrix,100000,50.5,head_convention,97657,97061,,,-1.98756,,,-1.88984,,,0.0977281,0.090295,0.1052,,,,,,,results/stage6_6/stage6_6_kp62_0.h5
ladder_step,KP 62.0,matrix,100000,50.5,initiation_gate,97061,97061,,,-1.88984,,,-1.88984,,,0,0,0,,,,,,,results/stage6_6/stage6_6_kp62_0.h5
ladder_step,KP 62.0,matrix,100000,50.5,temporal,97061,66622,,,-1.88984,,,-0.429499,,,1.46034,1.4444,1.47605,,,,,,,results/stage6_6/stage6_6_kp62_0.h5
equal_convention,KP 62.0,matrix,100000,50.5,C1_to_C4b,97061,66622,,,-1.88984,,,-0.429499,,,1.46034,1.4444,1.47605,,,,,,,results/stage6_6/stage6_6_kp62_0.h5
ladder_total,KP 57.4,matrix,1000000,39.21,C0_to_C4b,302,2,,,3.42981,3.39909,3.46119,4.61138,4.33692,5.03238,1.18157,,,0.875734,,false,,,,results/hwl_bias_resolution/ladder_kp57_4_n1000000.h5
ladder_step,KP 57.4,matrix,1000000,39.21,head_convention,302,7,,,3.42981,,,4.34386,,,0.914049,,,,,,,,,results/hwl_bias_resolution/ladder_kp57_4_n1000000.h5
ladder_step,KP 57.4,matrix,1000000,39.21,initiation_gate,7,4,,,4.34386,,,4.46518,,,0.121323,,,,,,,,,results/hwl_bias_resolution/ladder_kp57_4_n1000000.h5
ladder_step,KP 57.4,matrix,1000000,39.21,temporal,4,2,,,4.46518,,,4.61138,,,0.146198,,,,,,,,,results/hwl_bias_resolution/ladder_kp57_4_n1000000.h5
equal_convention,KP 57.4,matrix,1000000,39.21,C1_to_C4b,7,2,,,4.34386,,,4.61138,,,0.267521,,,,,,,,,results/hwl_bias_resolution/ladder_kp57_4_n1000000.h5
ladder_total,KP 57.4,matrix,1000000,39.5,C0_to_C4b,8350,163,,,2.39325,2.3854,2.40112,3.59371,3.55356,3.6351,1.20047,1.16334,1.23973,1.15244,,true,,,,results/hwl_bias_resolution/ladder_kp57_4_n1000000.h5
ladder_step,KP 57.4,matrix,1000000,39.5,head_convention,8350,695,,,2.39325,,,3.19672,,,0.803473,0.782776,0.824399,,,,,,,results/hwl_bias_resolution/ladder_kp57_4_n1000000.h5
ladder_step,KP 57.4,matrix,1000000,39.5,initiation_gate,695,561,,,3.19672,,,3.258,,,0.0612815,0.0512528,0.0721395,,,,,,,results/hwl_bias_resolution/ladder_kp57_4_n1000000.h5
ladder_step,KP 57.4,matrix,1000000,39.5,temporal,561,163,,,3.258,,,3.59371,,,0.335711,0.301985,0.371915,,,,,,,results/hwl_bias_resolution/ladder_kp57_4_n1000000.h5
equal_convention,KP 57.4,matrix,1000000,39.5,C1_to_C4b,695,163,,,3.19672,,,3.59371,,,0.396993,0.36288,0.435239,,,,,,,results/hwl_bias_resolution/ladder_kp57_4_n1000000.h5
ladder_total,KP 57.4,matrix,1000000,40.5,C0_to_C4b,460186,135083,,,0.0999651,0.097503,0.102427,1.10268,1.09959,1.10577,1.00272,0.999706,1.00576,0.997167,,true,,,,results/hwl_bias_resolution/ladder_kp57_4_n1000000.h5
ladder_step,KP 57.4,matrix,1000000,40.5,head_convention,460186,296832,,,0.0999651,,,0.533534,,,0.433569,0.431643,0.435534,,,,,,,results/hwl_bias_resolution/ladder_kp57_4_n1000000.h5
ladder_step,KP 57.4,matrix,1000000,40.5,initiation_gate,296832,296693,,,0.533534,,,0.533936,,,0.000401758,0.000335341,0.000470979,,,,,,,results/hwl_bias_resolution/ladder_kp57_4_n1000000.h5
ladder_step,KP 57.4,matrix,1000000,40.5,temporal,296693,135083,,,0.533936,,,1.10268,,,0.568745,0.566317,0.571374,,,,,,,results/hwl_bias_resolution/ladder_kp57_4_n1000000.h5
equal_convention,KP 57.4,matrix,1000000,40.5,C1_to_C4b,296832,135083,,,0.533534,,,1.10268,,,0.569146,0.5667,0.571767,,,,,,,results/hwl_bias_resolution/ladder_kp57_4_n1000000.h5
ladder_total,KP 57.4,matrix,1000000,43.25,C0_to_C4b,998456,943743,,,-2.95884,-2.97436,-2.94344,-1.58699,-1.59099,-1.583,1.37185,1.3556,1.38847,1.35246,,true,,,,results/hwl_bias_resolution/ladder_kp57_4_n1000000.h5
ladder_step,KP 57.4,matrix,1000000,43.25,head_convention,998456,997205,,,-2.95884,,,-2.77091,,,0.18793,0.177412,0.199113,,,,,,,results/hwl_bias_resolution/ladder_kp57_4_n1000000.h5
ladder_step,KP 57.4,matrix,1000000,43.25,initiation_gate,997205,997205,,,-2.77091,,,-2.77091,,,0,0,0,,,,,,,results/hwl_bias_resolution/ladder_kp57_4_n1000000.h5
ladder_step,KP 57.4,matrix,1000000,43.25,temporal,997205,943743,,,-2.77091,,,-1.58699,,,1.18392,1.17172,1.19621,,,,,,,results/hwl_bias_resolution/ladder_kp57_4_n1000000.h5
equal_convention,KP 57.4,matrix,1000000,43.25,C1_to_C4b,997205,943743,,,-2.77091,,,-1.58699,,,1.18392,1.17172,1.19621,,,,,,,results/hwl_bias_resolution/ladder_kp57_4_n1000000.h5
ladder_total,KP 57.4,matrix,100000,39.21,C0_to_C4b,25,0,,,3.48076,3.37504,3.59565,inf,3.96377,inf,inf,,,0.36812,,false,,,,results/stage6_6/stage6_6_kp57_4.h5
ladder_step,KP 57.4,matrix,100000,39.21,head_convention,25,0,,,3.48076,,,inf,,,inf,,,,,,,,,results/stage6_6/stage6_6_kp57_4.h5
ladder_step,KP 57.4,matrix,100000,39.21,initiation_gate,0,0,,,inf,,,inf,,,nan,,,,,,,,,results/stage6_6/stage6_6_kp57_4.h5
ladder_step,KP 57.4,matrix,100000,39.21,temporal,0,0,,,inf,,,inf,,,nan,,,,,,,,,results/stage6_6/stage6_6_kp57_4.h5
equal_convention,KP 57.4,matrix,100000,39.21,C1_to_C4b,0,0,,,inf,,,inf,,,nan,,,,,,,,,results/stage6_6/stage6_6_kp57_4.h5
ladder_total,KP 57.4,matrix,100000,39.5,C0_to_C4b,850,14,,,2.38671,2.36199,2.41165,3.63313,3.49743,3.78601,1.24643,,,1.08578,,false,,,,results/stage6_6/stage6_6_kp57_4.h5
ladder_step,KP 57.4,matrix,100000,39.5,head_convention,850,72,,,2.38671,,,3.18651,,,0.799803,0.745703,0.865548,,,,,,,results/stage6_6/stage6_6_kp57_4.h5
ladder_step,KP 57.4,matrix,100000,39.5,initiation_gate,72,63,,,3.18651,,,3.22494,,,0.0384269,0.0162777,0.0648149,,,,,,,results/stage6_6/stage6_6_kp57_4.h5
ladder_step,KP 57.4,matrix,100000,39.5,temporal,63,14,,,3.22494,,,3.63313,,,0.408196,,,,,,,,,results/stage6_6/stage6_6_kp57_4.h5
equal_convention,KP 57.4,matrix,100000,39.5,C1_to_C4b,72,14,,,3.18651,,,3.63313,,,0.446623,,,,,,,,,results/stage6_6/stage6_6_kp57_4.h5
ladder_total,KP 57.4,matrix,100000,40.5,C0_to_C4b,45986,13377,,,0.100786,0.0929916,0.108581,1.10875,1.09895,1.11855,1.00796,0.997724,1.01723,0.990366,,true,,,,results/stage6_6/stage6_6_kp57_4.h5
ladder_step,KP 57.4,matrix,100000,40.5,head_convention,45986,29639,,,0.100786,,,0.534812,,,0.434025,0.427906,0.439995,,,,,,,results/stage6_6/stage6_6_kp57_4.h5
ladder_step,KP 57.4,matrix,100000,40.5,initiation_gate,29639,29629,,,0.534812,,,0.535101,,,0.000289223,0.000115954,0.000490768,,,,,,,results/stage6_6/stage6_6_kp57_4.h5
ladder_step,KP 57.4,matrix,100000,40.5,temporal,29629,13377,,,0.535101,,,1.10875,,,0.573644,0.565615,0.581284,,,,,,,results/stage6_6/stage6_6_kp57_4.h5
equal_convention,KP 57.4,matrix,100000,40.5,C1_to_C4b,29639,13377,,,0.534812,,,1.10875,,,0.573934,0.565908,0.581603,,,,,,,results/stage6_6/stage6_6_kp57_4.h5
ladder_total,KP 57.4,matrix,100000,43.25,C0_to_C4b,99850,94361,,,-2.96774,-3.01861,-2.91826,-1.58582,-1.59848,-1.57319,1.38192,1.33548,1.43213,1.31978,,true,,,,results/stage6_6/stage6_6_kp57_4.h5
ladder_step,KP 57.4,matrix,100000,43.25,head_convention,99850,99740,,,-2.96774,,,-2.79438,,,0.173362,0.14393,0.207664,,,,,,,results/stage6_6/stage6_6_kp57_4.h5
ladder_step,KP 57.4,matrix,100000,43.25,initiation_gate,99740,99740,,,-2.79438,,,-2.79438,,,0,0,0,,,,,,,results/stage6_6/stage6_6_kp57_4.h5
ladder_step,KP 57.4,matrix,100000,43.25,temporal,99740,94361,,,-2.79438,,,-1.58582,,,1.20856,1.17152,1.24731,,,,,,,results/stage6_6/stage6_6_kp57_4.h5
equal_convention,KP 57.4,matrix,100000,43.25,C1_to_C4b,99740,94361,,,-2.79438,,,-1.58582,,,1.20856,1.17152,1.24731,,,,,,,results/stage6_6/stage6_6_kp57_4.h5
epistemic_arm,KP 57.4,matrix,1000000,39.21,m_p,956,1,,,3.10357,,,4.75342,,,1.64985,,,1.27113,956,false,,,,results/hwl_bias_resolution/stage_d_epistemic.json
epistemic_arm,KP 57.4,matrix,1000000,39.21,k_aq_field_toe,0,0,,,inf,,,,,,,,,,inf,false,,,,results/hwl_bias_resolution/stage_d_epistemic.json
epistemic_arm,KP 57.4,matrix,1000000,39.21,k_aq_field_geomean,0,0,,,inf,,,,,,,,,,inf,false,,,,results/hwl_bias_resolution/stage_d_epistemic.json
epistemic_arm,KP 57.4,matrix,1000000,39.21,k_aq_regional_upper,27577,403,,,1.91766,,,3.35073,,,1.43306,,,1.40086,68.4293,true,,,,results/hwl_bias_resolution/stage_d_epistemic.json
epistemic_arm,KP 57.4,matrix,1000000,39.21,gamma_bl_sub_lower,302,4,,,3.42981,,,4.46518,,,1.03537,,,0.798372,75.5,false,,,,results/hwl_bias_resolution/stage_d_epistemic.json
epistemic_arm,KP 57.4,matrix,1000000,39.21,z_toe_plus0.30m,1,0,,,4.75342,,,,,,,,,-0.966575,inf,false,,,,results/hwl_bias_resolution/stage_d_epistemic.json
epistemic_arm,KP 57.4,matrix,1000000,39.21,z_toe_minus0.30m,9083,200,,,2.36222,,,3.54008,,,1.17787,,,1.13352,45.415,true,,,,results/hwl_bias_resolution/stage_d_epistemic.json
epistemic_arm,KP 57.4,matrix,1000000,39.21,L_dem_clean_median,84,0,,,3.76283,,,,,,,,,0.663509,inf,false,,,,results/hwl_bias_resolution/stage_d_epistemic.json
epistemic_arm,KP 57.4,matrix,1000000,39.21,L_dem_all_stations_median,0,0,,,inf,,,,,,,,,,inf,false,,,,results/hwl_bias_resolution/stage_d_epistemic.json
epistemic_arm,KP 62.0,matrix,1000000,46.39,m_p,3072,119,,,2.74,,,3.67484,,,0.934843,,,0.877063,25.8151,true,,,,results/hwl_bias_resolution/stage_d_epistemic.json
epistemic_arm,KP 62.0,matrix,1000000,46.39,k_aq_field_toe,59,2,,,3.85024,,,4.61138,,,0.761138,,,0.420376,29.5,false,,,,results/hwl_bias_resolution/stage_d_epistemic.json
epistemic_arm,KP 62.0,matrix,1000000,46.39,k_aq_field_geomean,0,0,,,inf,,,,,,,,,,inf,false,,,,results/hwl_bias_resolution/stage_d_epistemic.json
epistemic_arm,KP 62.0,matrix,1000000,46.39,k_aq_regional_upper,449856,168894,,,0.126025,,,0.958545,,,0.83252,,,0.827139,2.66354,true,,,,results/hwl_bias_resolution/stage_d_epistemic.json
epistemic_arm,KP 62.0,matrix,1000000,46.39,gamma_bl_sub_lower,1203,51,,,3.03492,,,3.88578,,,0.850865,,,0.766627,23.5882,true,,,,results/hwl_bias_resolution/stage_d_epistemic.json
epistemic_arm,KP 62.0,matrix,1000000,46.39,z_toe_plus0.30m,54,2,,,3.87188,,,4.61138,,,0.739504,,,0.395893,27,false,,,,results/hwl_bias_resolution/stage_d_epistemic.json
epistemic_arm,KP 62.0,matrix,1000000,46.39,z_toe_minus0.30m,9514,682,,,2.34498,,,3.20216,,,0.857181,,,0.828018,13.9501,true,,,,results/hwl_bias_resolution/stage_d_epistemic.json
epistemic_arm,KP 62.0,matrix,1000000,46.39,L_withdrawn_1998,186,7,,,3.55919,,,4.34386,,,0.784671,,,0.584225,26.5714,false,,,,results/hwl_bias_resolution/stage_d_epistemic.json
canonical_event,KP 57.4,matrix,100000,39.25,production_event,,,0.00051,0,3.28495,,,inf,,,inf,,,,,false,,,,docs/decisions/canonical-shape-sensitivity.json
canonical_event,KP 57.4,matrix,100000,39.25,alternate_event,,,0.00051,0,3.28495,,,inf,,,inf,,,,,false,,,,docs/decisions/canonical-shape-sensitivity.json
canonical_event,KP 58.8,matrix,100000,41,production_event,,,0.60913,0.19736,-0.277052,,,0.851089,,,1.12814,,,,,true,,,,docs/decisions/canonical-shape-sensitivity.json
canonical_event,KP 58.8,matrix,100000,41,alternate_event,,,0.60913,0.11001,-0.277052,,,1.22647,,,1.50353,,,,,true,,,,docs/decisions/canonical-shape-sensitivity.json
canonical_event,KP 60.0,matrix,100000,42.75,production_event,,,0.35345,0.05579,0.376023,,,1.59113,,,1.21511,,,,,true,,,,docs/decisions/canonical-shape-sensitivity.json
canonical_event,KP 60.0,matrix,100000,42.75,alternate_event,,,0.35345,0.02433,0.376023,,,1.97156,,,1.59554,,,,,true,,,,docs/decisions/canonical-shape-sensitivity.json
canonical_event,KP 62.0,matrix,100000,46.5,production_event,,,0.00283,0.00013,2.76685,,,3.6522,,,0.885349,,,,,true,,,,docs/decisions/canonical-shape-sensitivity.json
canonical_event,KP 62.0,matrix,100000,46.5,alternate_event,,,0.00283,3e-05,2.76685,,,4.01281,,,1.24596,,,,,true,,,,docs/decisions/canonical-shape-sensitivity.json
